solid OpenSCAD_Model
  facet normal 0.995186 0.0980062 0
    outer loop
      vertex 59.8715 3.92419 20
      vertex 59.4867 7.83157 0
      vertex 59.4867 7.83157 20
    endloop
  endfacet
  facet normal 0.995186 0.0980062 0
    outer loop
      vertex 59.4867 7.83157 0
      vertex 59.8715 3.92419 20
      vertex 59.8715 3.92419 0
    endloop
  endfacet
  facet normal 0.999464 0.0327281 0
    outer loop
      vertex 60 0 20
      vertex 59.8715 3.92419 0
      vertex 59.8715 3.92419 20
    endloop
  endfacet
  facet normal 0.999464 0.0327281 0
    outer loop
      vertex 59.8715 3.92419 0
      vertex 60 0 20
      vertex 60 0 0
    endloop
  endfacet
  facet normal 0.582478 -0.812846 0
    outer loop
      vertex 33.3342 -49.8882 0
      vertex 36.5257 -47.6012 20
      vertex 33.3342 -49.8882 20
    endloop
  endfacet
  facet normal 0.582478 -0.812846 0
    outer loop
      vertex 36.5257 -47.6012 20
      vertex 33.3342 -49.8882 0
      vertex 36.5257 -47.6012 0
    endloop
  endfacet
  facet normal 0.162902 0.986642 -0
    outer loop
      vertex 11.7054 58.8471 0
      vertex 7.83157 59.4867 20
      vertex 11.7054 58.8471 20
    endloop
  endfacet
  facet normal 0.162902 0.986642 0
    outer loop
      vertex 7.83157 59.4867 20
      vertex 11.7054 58.8471 0
      vertex 7.83157 59.4867 0
    endloop
  endfacet
  facet normal -0.634399 -0.773005 0
    outer loop
      vertex -39.5607 -45.1104 0
      vertex -36.5257 -47.6012 20
      vertex -39.5607 -45.1104 20
    endloop
  endfacet
  facet normal -0.634399 -0.773005 -0
    outer loop
      vertex -36.5257 -47.6012 20
      vertex -39.5607 -45.1104 0
      vertex -36.5257 -47.6012 0
    endloop
  endfacet
  facet normal -0.986642 -0.162902 0
    outer loop
      vertex -58.8471 -11.7054 0
      vertex -59.4867 -7.83157 20
      vertex -59.4867 -7.83157 0
    endloop
  endfacet
  facet normal -0.986642 -0.162902 0
    outer loop
      vertex -59.4867 -7.83157 20
      vertex -58.8471 -11.7054 0
      vertex -58.8471 -11.7054 20
    endloop
  endfacet
  facet normal -0.935908 -0.352245 0
    outer loop
      vertex -55.4328 -22.961 0
      vertex -56.8158 -19.2864 20
      vertex -56.8158 -19.2864 0
    endloop
  endfacet
  facet normal -0.935908 -0.352245 0
    outer loop
      vertex -56.8158 -19.2864 20
      vertex -55.4328 -22.961 0
      vertex -55.4328 -22.961 20
    endloop
  endfacet
  facet normal -0.956938 -0.290293 0
    outer loop
      vertex -56.8158 -19.2864 0
      vertex -57.9556 -15.5291 20
      vertex -57.9556 -15.5291 0
    endloop
  endfacet
  facet normal -0.956938 -0.290293 0
    outer loop
      vertex -57.9556 -15.5291 20
      vertex -56.8158 -19.2864 0
      vertex -56.8158 -19.2864 20
    endloop
  endfacet
  facet normal -0.0327281 0.999464 0
    outer loop
      vertex 0 60 0
      vertex -3.92419 59.8715 20
      vertex 0 60 20
    endloop
  endfacet
  facet normal -0.0327281 0.999464 0
    outer loop
      vertex -3.92419 59.8715 20
      vertex 0 60 0
      vertex -3.92419 59.8715 0
    endloop
  endfacet
  facet normal -0.999464 -0.0327281 0
    outer loop
      vertex -59.8715 -3.92419 0
      vertex -60 0 20
      vertex -60 0 0
    endloop
  endfacet
  facet normal -0.999464 -0.0327281 0
    outer loop
      vertex -60 0 20
      vertex -59.8715 -3.92419 0
      vertex -59.8715 -3.92419 20
    endloop
  endfacet
  facet normal 0.412707 -0.910864 0
    outer loop
      vertex 22.961 -55.4328 0
      vertex 26.5373 -53.8124 20
      vertex 22.961 -55.4328 20
    endloop
  endfacet
  facet normal 0.412707 -0.910864 0
    outer loop
      vertex 26.5373 -53.8124 20
      vertex 22.961 -55.4328 0
      vertex 26.5373 -53.8124 0
    endloop
  endfacet
  facet normal 0.0327281 -0.999464 0
    outer loop
      vertex 0 -60 0
      vertex 3.92419 -59.8715 20
      vertex 0 -60 20
    endloop
  endfacet
  facet normal 0.0327281 -0.999464 0
    outer loop
      vertex 3.92419 -59.8715 20
      vertex 0 -60 0
      vertex 3.92419 -59.8715 0
    endloop
  endfacet
  facet normal -0.849207 0.528061 0
    outer loop
      vertex -51.9615 30 0
      vertex -49.8882 33.3342 20
      vertex -49.8882 33.3342 0
    endloop
  endfacet
  facet normal -0.849207 0.528061 0
    outer loop
      vertex -49.8882 33.3342 20
      vertex -51.9615 30 0
      vertex -51.9615 30 20
    endloop
  endfacet
  facet normal 0.0980062 0.995186 -0
    outer loop
      vertex 7.83157 59.4867 0
      vertex 3.92419 59.8715 20
      vertex 7.83157 59.4867 20
    endloop
  endfacet
  facet normal 0.0980062 0.995186 0
    outer loop
      vertex 3.92419 59.8715 20
      vertex 7.83157 59.4867 0
      vertex 3.92419 59.8715 0
    endloop
  endfacet
  facet normal 0.881916 -0.471406 0
    outer loop
      vertex 51.9615 -30 20
      vertex 53.8124 -26.5373 0
      vertex 53.8124 -26.5373 20
    endloop
  endfacet
  facet normal 0.881916 -0.471406 0
    outer loop
      vertex 53.8124 -26.5373 0
      vertex 51.9615 -30 20
      vertex 51.9615 -30 0
    endloop
  endfacet
  facet normal 0.999464 -0.0327281 0
    outer loop
      vertex 59.8715 -3.92419 20
      vertex 60 0 0
      vertex 60 0 20
    endloop
  endfacet
  facet normal 0.999464 -0.0327281 0
    outer loop
      vertex 60 0 0
      vertex 59.8715 -3.92419 20
      vertex 59.8715 -3.92419 0
    endloop
  endfacet
  facet normal -0.995186 -0.0980062 0
    outer loop
      vertex -59.4867 -7.83157 0
      vertex -59.8715 -3.92419 20
      vertex -59.8715 -3.92419 0
    endloop
  endfacet
  facet normal -0.995186 -0.0980062 0
    outer loop
      vertex -59.8715 -3.92419 20
      vertex -59.4867 -7.83157 0
      vertex -59.4867 -7.83157 20
    endloop
  endfacet
  facet normal -0.290293 0.956938 0
    outer loop
      vertex -15.5291 57.9556 0
      vertex -19.2864 56.8158 20
      vertex -15.5291 57.9556 20
    endloop
  endfacet
  facet normal -0.290293 0.956938 0
    outer loop
      vertex -19.2864 56.8158 20
      vertex -15.5291 57.9556 0
      vertex -19.2864 56.8158 0
    endloop
  endfacet
  facet normal -0.162902 -0.986642 0
    outer loop
      vertex -11.7054 -58.8471 0
      vertex -7.83157 -59.4867 20
      vertex -11.7054 -58.8471 20
    endloop
  endfacet
  facet normal -0.162902 -0.986642 -0
    outer loop
      vertex -7.83157 -59.4867 20
      vertex -11.7054 -58.8471 0
      vertex -7.83157 -59.4867 0
    endloop
  endfacet
  facet normal 0.935908 -0.352245 0
    outer loop
      vertex 55.4328 -22.961 20
      vertex 56.8158 -19.2864 0
      vertex 56.8158 -19.2864 20
    endloop
  endfacet
  facet normal 0.935908 -0.352245 0
    outer loop
      vertex 56.8158 -19.2864 0
      vertex 55.4328 -22.961 20
      vertex 55.4328 -22.961 0
    endloop
  endfacet
  facet normal -0.0327281 -0.999464 0
    outer loop
      vertex -3.92419 -59.8715 0
      vertex 0 -60 20
      vertex -3.92419 -59.8715 20
    endloop
  endfacet
  facet normal -0.0327281 -0.999464 -0
    outer loop
      vertex 0 -60 20
      vertex -3.92419 -59.8715 0
      vertex 0 -60 0
    endloop
  endfacet
  facet normal -0.986642 0.162902 0
    outer loop
      vertex -59.4867 7.83157 0
      vertex -58.8471 11.7054 20
      vertex -58.8471 11.7054 0
    endloop
  endfacet
  facet normal -0.986642 0.162902 0
    outer loop
      vertex -58.8471 11.7054 20
      vertex -59.4867 7.83157 0
      vertex -59.4867 7.83157 20
    endloop
  endfacet
  facet normal 0.582478 0.812846 -0
    outer loop
      vertex 36.5257 47.6012 0
      vertex 33.3342 49.8882 20
      vertex 36.5257 47.6012 20
    endloop
  endfacet
  facet normal 0.582478 0.812846 0
    outer loop
      vertex 33.3342 49.8882 20
      vertex 36.5257 47.6012 0
      vertex 33.3342 49.8882 0
    endloop
  endfacet
  facet normal 0.956938 0.290293 0
    outer loop
      vertex 57.9556 15.5291 20
      vertex 56.8158 19.2864 0
      vertex 56.8158 19.2864 20
    endloop
  endfacet
  facet normal 0.956938 0.290293 0
    outer loop
      vertex 56.8158 19.2864 0
      vertex 57.9556 15.5291 20
      vertex 57.9556 15.5291 0
    endloop
  endfacet
  facet normal -0.812846 0.582478 0
    outer loop
      vertex -49.8882 33.3342 0
      vertex -47.6012 36.5257 20
      vertex -47.6012 36.5257 0
    endloop
  endfacet
  facet normal -0.812846 0.582478 0
    outer loop
      vertex -47.6012 36.5257 20
      vertex -49.8882 33.3342 0
      vertex -49.8882 33.3342 20
    endloop
  endfacet
  facet normal -0.956938 0.290293 0
    outer loop
      vertex -57.9556 15.5291 0
      vertex -56.8158 19.2864 20
      vertex -56.8158 19.2864 0
    endloop
  endfacet
  facet normal -0.956938 0.290293 0
    outer loop
      vertex -56.8158 19.2864 20
      vertex -57.9556 15.5291 0
      vertex -57.9556 15.5291 20
    endloop
  endfacet
  facet normal 0.910864 -0.412707 0
    outer loop
      vertex 53.8124 -26.5373 20
      vertex 55.4328 -22.961 0
      vertex 55.4328 -22.961 20
    endloop
  endfacet
  facet normal 0.910864 -0.412707 0
    outer loop
      vertex 55.4328 -22.961 0
      vertex 53.8124 -26.5373 20
      vertex 53.8124 -26.5373 0
    endloop
  endfacet
  facet normal 0.528061 0.849207 -0
    outer loop
      vertex 33.3342 49.8882 0
      vertex 30 51.9615 20
      vertex 33.3342 49.8882 20
    endloop
  endfacet
  facet normal 0.528061 0.849207 0
    outer loop
      vertex 30 51.9615 20
      vertex 33.3342 49.8882 0
      vertex 30 51.9615 0
    endloop
  endfacet
  facet normal -0.995186 0.0980062 0
    outer loop
      vertex -59.8715 3.92419 0
      vertex -59.4867 7.83157 20
      vertex -59.4867 7.83157 0
    endloop
  endfacet
  facet normal -0.995186 0.0980062 0
    outer loop
      vertex -59.4867 7.83157 20
      vertex -59.8715 3.92419 0
      vertex -59.8715 3.92419 20
    endloop
  endfacet
  facet normal -0.683589 -0.729867 0
    outer loop
      vertex -42.4264 -42.4264 0
      vertex -39.5607 -45.1104 20
      vertex -42.4264 -42.4264 20
    endloop
  endfacet
  facet normal -0.683589 -0.729867 -0
    outer loop
      vertex -39.5607 -45.1104 20
      vertex -42.4264 -42.4264 0
      vertex -39.5607 -45.1104 0
    endloop
  endfacet
  facet normal -0.97388 0.227061 0
    outer loop
      vertex -58.8471 11.7054 0
      vertex -57.9556 15.5291 20
      vertex -57.9556 15.5291 0
    endloop
  endfacet
  facet normal -0.97388 0.227061 0
    outer loop
      vertex -57.9556 15.5291 20
      vertex -58.8471 11.7054 0
      vertex -58.8471 11.7054 20
    endloop
  endfacet
  facet normal 0.290293 0.956938 -0
    outer loop
      vertex 19.2864 56.8158 0
      vertex 15.5291 57.9556 20
      vertex 19.2864 56.8158 20
    endloop
  endfacet
  facet normal 0.290293 0.956938 0
    outer loop
      vertex 15.5291 57.9556 20
      vertex 19.2864 56.8158 0
      vertex 15.5291 57.9556 0
    endloop
  endfacet
  facet normal -0.582478 0.812846 0
    outer loop
      vertex -33.3342 49.8882 0
      vertex -36.5257 47.6012 20
      vertex -33.3342 49.8882 20
    endloop
  endfacet
  facet normal -0.582478 0.812846 0
    outer loop
      vertex -36.5257 47.6012 20
      vertex -33.3342 49.8882 0
      vertex -36.5257 47.6012 0
    endloop
  endfacet
  facet normal 0.634399 -0.773005 0
    outer loop
      vertex 36.5257 -47.6012 0
      vertex 39.5607 -45.1104 20
      vertex 36.5257 -47.6012 20
    endloop
  endfacet
  facet normal 0.634399 -0.773005 0
    outer loop
      vertex 39.5607 -45.1104 20
      vertex 36.5257 -47.6012 0
      vertex 39.5607 -45.1104 0
    endloop
  endfacet
  facet normal 0.0327281 0.999464 -0
    outer loop
      vertex 3.92419 59.8715 0
      vertex 0 60 20
      vertex 3.92419 59.8715 20
    endloop
  endfacet
  facet normal 0.0327281 0.999464 0
    outer loop
      vertex 0 60 20
      vertex 3.92419 59.8715 0
      vertex 0 60 0
    endloop
  endfacet
  facet normal -0.729867 -0.683589 0
    outer loop
      vertex -42.4264 -42.4264 0
      vertex -45.1104 -39.5607 20
      vertex -45.1104 -39.5607 0
    endloop
  endfacet
  facet normal -0.729867 -0.683589 0
    outer loop
      vertex -45.1104 -39.5607 20
      vertex -42.4264 -42.4264 0
      vertex -42.4264 -42.4264 20
    endloop
  endfacet
  facet normal 0.812846 0.582478 0
    outer loop
      vertex 49.8882 33.3342 20
      vertex 47.6012 36.5257 0
      vertex 47.6012 36.5257 20
    endloop
  endfacet
  facet normal 0.812846 0.582478 0
    outer loop
      vertex 47.6012 36.5257 0
      vertex 49.8882 33.3342 20
      vertex 49.8882 33.3342 0
    endloop
  endfacet
  facet normal -0.910864 0.412707 0
    outer loop
      vertex -55.4328 22.961 0
      vertex -53.8124 26.5373 20
      vertex -53.8124 26.5373 0
    endloop
  endfacet
  facet normal -0.910864 0.412707 0
    outer loop
      vertex -53.8124 26.5373 20
      vertex -55.4328 22.961 0
      vertex -55.4328 22.961 20
    endloop
  endfacet
  facet normal -0.683589 0.729867 0
    outer loop
      vertex -39.5607 45.1104 0
      vertex -42.4264 42.4264 20
      vertex -39.5607 45.1104 20
    endloop
  endfacet
  facet normal -0.683589 0.729867 0
    outer loop
      vertex -42.4264 42.4264 20
      vertex -39.5607 45.1104 0
      vertex -42.4264 42.4264 0
    endloop
  endfacet
  facet normal 0.412707 0.910864 -0
    outer loop
      vertex 26.5373 53.8124 0
      vertex 22.961 55.4328 20
      vertex 26.5373 53.8124 20
    endloop
  endfacet
  facet normal 0.412707 0.910864 0
    outer loop
      vertex 22.961 55.4328 20
      vertex 26.5373 53.8124 0
      vertex 22.961 55.4328 0
    endloop
  endfacet
  facet normal 0.849207 0.528061 0
    outer loop
      vertex 51.9615 30 20
      vertex 49.8882 33.3342 0
      vertex 49.8882 33.3342 20
    endloop
  endfacet
  facet normal 0.849207 0.528061 0
    outer loop
      vertex 49.8882 33.3342 0
      vertex 51.9615 30 20
      vertex 51.9615 30 0
    endloop
  endfacet
  facet normal 0.812846 -0.582478 0
    outer loop
      vertex 47.6012 -36.5257 20
      vertex 49.8882 -33.3342 0
      vertex 49.8882 -33.3342 20
    endloop
  endfacet
  facet normal 0.812846 -0.582478 0
    outer loop
      vertex 49.8882 -33.3342 0
      vertex 47.6012 -36.5257 20
      vertex 47.6012 -36.5257 0
    endloop
  endfacet
  facet normal -0.352245 0.935908 0
    outer loop
      vertex -19.2864 56.8158 0
      vertex -22.961 55.4328 20
      vertex -19.2864 56.8158 20
    endloop
  endfacet
  facet normal -0.352245 0.935908 0
    outer loop
      vertex -22.961 55.4328 20
      vertex -19.2864 56.8158 0
      vertex -22.961 55.4328 0
    endloop
  endfacet
  facet normal 0.352245 -0.935908 0
    outer loop
      vertex 19.2864 -56.8158 0
      vertex 22.961 -55.4328 20
      vertex 19.2864 -56.8158 20
    endloop
  endfacet
  facet normal 0.352245 -0.935908 0
    outer loop
      vertex 22.961 -55.4328 20
      vertex 19.2864 -56.8158 0
      vertex 22.961 -55.4328 0
    endloop
  endfacet
  facet normal 0.683589 0.729867 -0
    outer loop
      vertex 42.4264 42.4264 0
      vertex 39.5607 45.1104 20
      vertex 42.4264 42.4264 20
    endloop
  endfacet
  facet normal 0.683589 0.729867 0
    outer loop
      vertex 39.5607 45.1104 20
      vertex 42.4264 42.4264 0
      vertex 39.5607 45.1104 0
    endloop
  endfacet
  facet normal -0.471406 0.881916 0
    outer loop
      vertex -26.5373 53.8124 0
      vertex -30 51.9615 20
      vertex -26.5373 53.8124 20
    endloop
  endfacet
  facet normal -0.471406 0.881916 0
    outer loop
      vertex -30 51.9615 20
      vertex -26.5373 53.8124 0
      vertex -30 51.9615 0
    endloop
  endfacet
  facet normal -0.582478 -0.812846 0
    outer loop
      vertex -36.5257 -47.6012 0
      vertex -33.3342 -49.8882 20
      vertex -36.5257 -47.6012 20
    endloop
  endfacet
  facet normal -0.582478 -0.812846 -0
    outer loop
      vertex -33.3342 -49.8882 20
      vertex -36.5257 -47.6012 0
      vertex -33.3342 -49.8882 0
    endloop
  endfacet
  facet normal 0.935908 0.352245 0
    outer loop
      vertex 56.8158 19.2864 20
      vertex 55.4328 22.961 0
      vertex 55.4328 22.961 20
    endloop
  endfacet
  facet normal 0.935908 0.352245 0
    outer loop
      vertex 55.4328 22.961 0
      vertex 56.8158 19.2864 20
      vertex 56.8158 19.2864 0
    endloop
  endfacet
  facet normal -0.849207 -0.528061 0
    outer loop
      vertex -49.8882 -33.3342 0
      vertex -51.9615 -30 20
      vertex -51.9615 -30 0
    endloop
  endfacet
  facet normal -0.849207 -0.528061 0
    outer loop
      vertex -51.9615 -30 20
      vertex -49.8882 -33.3342 0
      vertex -49.8882 -33.3342 20
    endloop
  endfacet
  facet normal 0.849207 -0.528061 0
    outer loop
      vertex 49.8882 -33.3342 20
      vertex 51.9615 -30 0
      vertex 51.9615 -30 20
    endloop
  endfacet
  facet normal 0.849207 -0.528061 0
    outer loop
      vertex 51.9615 -30 0
      vertex 49.8882 -33.3342 20
      vertex 49.8882 -33.3342 0
    endloop
  endfacet
  facet normal 0.956938 -0.290293 0
    outer loop
      vertex 56.8158 -19.2864 20
      vertex 57.9556 -15.5291 0
      vertex 57.9556 -15.5291 20
    endloop
  endfacet
  facet normal 0.956938 -0.290293 0
    outer loop
      vertex 57.9556 -15.5291 0
      vertex 56.8158 -19.2864 20
      vertex 56.8158 -19.2864 0
    endloop
  endfacet
  facet normal 0.773005 -0.634399 0
    outer loop
      vertex 45.1104 -39.5607 20
      vertex 47.6012 -36.5257 0
      vertex 47.6012 -36.5257 20
    endloop
  endfacet
  facet normal 0.773005 -0.634399 0
    outer loop
      vertex 47.6012 -36.5257 0
      vertex 45.1104 -39.5607 20
      vertex 45.1104 -39.5607 0
    endloop
  endfacet
  facet normal 0.162902 -0.986642 0
    outer loop
      vertex 7.83157 -59.4867 0
      vertex 11.7054 -58.8471 20
      vertex 7.83157 -59.4867 20
    endloop
  endfacet
  facet normal 0.162902 -0.986642 0
    outer loop
      vertex 11.7054 -58.8471 20
      vertex 7.83157 -59.4867 0
      vertex 11.7054 -58.8471 0
    endloop
  endfacet
  facet normal 0.471406 0.881916 -0
    outer loop
      vertex 30 51.9615 0
      vertex 26.5373 53.8124 20
      vertex 30 51.9615 20
    endloop
  endfacet
  facet normal 0.471406 0.881916 0
    outer loop
      vertex 26.5373 53.8124 20
      vertex 30 51.9615 0
      vertex 26.5373 53.8124 0
    endloop
  endfacet
  facet normal -0.227061 0.97388 0
    outer loop
      vertex -11.7054 58.8471 0
      vertex -15.5291 57.9556 20
      vertex -11.7054 58.8471 20
    endloop
  endfacet
  facet normal -0.227061 0.97388 0
    outer loop
      vertex -15.5291 57.9556 20
      vertex -11.7054 58.8471 0
      vertex -15.5291 57.9556 0
    endloop
  endfacet
  facet normal 0.528061 -0.849207 0
    outer loop
      vertex 30 -51.9615 0
      vertex 33.3342 -49.8882 20
      vertex 30 -51.9615 20
    endloop
  endfacet
  facet normal 0.528061 -0.849207 0
    outer loop
      vertex 33.3342 -49.8882 20
      vertex 30 -51.9615 0
      vertex 33.3342 -49.8882 0
    endloop
  endfacet
  facet normal 0.683589 -0.729867 0
    outer loop
      vertex 39.5607 -45.1104 0
      vertex 42.4264 -42.4264 20
      vertex 39.5607 -45.1104 20
    endloop
  endfacet
  facet normal 0.683589 -0.729867 0
    outer loop
      vertex 42.4264 -42.4264 20
      vertex 39.5607 -45.1104 0
      vertex 42.4264 -42.4264 0
    endloop
  endfacet
  facet normal -0.999464 0.0327281 0
    outer loop
      vertex -60 0 0
      vertex -59.8715 3.92419 20
      vertex -59.8715 3.92419 0
    endloop
  endfacet
  facet normal -0.999464 0.0327281 0
    outer loop
      vertex -59.8715 3.92419 20
      vertex -60 0 0
      vertex -60 0 20
    endloop
  endfacet
  facet normal 0.290293 -0.956938 0
    outer loop
      vertex 15.5291 -57.9556 0
      vertex 19.2864 -56.8158 20
      vertex 15.5291 -57.9556 20
    endloop
  endfacet
  facet normal 0.290293 -0.956938 0
    outer loop
      vertex 19.2864 -56.8158 20
      vertex 15.5291 -57.9556 0
      vertex 19.2864 -56.8158 0
    endloop
  endfacet
  facet normal 0.729867 -0.683589 0
    outer loop
      vertex 42.4264 -42.4264 20
      vertex 45.1104 -39.5607 0
      vertex 45.1104 -39.5607 20
    endloop
  endfacet
  facet normal 0.729867 -0.683589 0
    outer loop
      vertex 45.1104 -39.5607 0
      vertex 42.4264 -42.4264 20
      vertex 42.4264 -42.4264 0
    endloop
  endfacet
  facet normal 0.729867 0.683589 0
    outer loop
      vertex 45.1104 39.5607 20
      vertex 42.4264 42.4264 0
      vertex 42.4264 42.4264 20
    endloop
  endfacet
  facet normal 0.729867 0.683589 0
    outer loop
      vertex 42.4264 42.4264 0
      vertex 45.1104 39.5607 20
      vertex 45.1104 39.5607 0
    endloop
  endfacet
  facet normal -0.0980062 -0.995186 0
    outer loop
      vertex -7.83157 -59.4867 0
      vertex -3.92419 -59.8715 20
      vertex -7.83157 -59.4867 20
    endloop
  endfacet
  facet normal -0.0980062 -0.995186 -0
    outer loop
      vertex -3.92419 -59.8715 20
      vertex -7.83157 -59.4867 0
      vertex -3.92419 -59.8715 0
    endloop
  endfacet
  facet normal -0.97388 -0.227061 0
    outer loop
      vertex -57.9556 -15.5291 0
      vertex -58.8471 -11.7054 20
      vertex -58.8471 -11.7054 0
    endloop
  endfacet
  facet normal -0.97388 -0.227061 0
    outer loop
      vertex -58.8471 -11.7054 20
      vertex -57.9556 -15.5291 0
      vertex -57.9556 -15.5291 20
    endloop
  endfacet
  facet normal -0.812846 -0.582478 0
    outer loop
      vertex -47.6012 -36.5257 0
      vertex -49.8882 -33.3342 20
      vertex -49.8882 -33.3342 0
    endloop
  endfacet
  facet normal -0.812846 -0.582478 0
    outer loop
      vertex -49.8882 -33.3342 20
      vertex -47.6012 -36.5257 0
      vertex -47.6012 -36.5257 20
    endloop
  endfacet
  facet normal -0.162902 0.986642 0
    outer loop
      vertex -7.83157 59.4867 0
      vertex -11.7054 58.8471 20
      vertex -7.83157 59.4867 20
    endloop
  endfacet
  facet normal -0.162902 0.986642 0
    outer loop
      vertex -11.7054 58.8471 20
      vertex -7.83157 59.4867 0
      vertex -11.7054 58.8471 0
    endloop
  endfacet
  facet normal -0.729867 0.683589 0
    outer loop
      vertex -45.1104 39.5607 0
      vertex -42.4264 42.4264 20
      vertex -42.4264 42.4264 0
    endloop
  endfacet
  facet normal -0.729867 0.683589 0
    outer loop
      vertex -42.4264 42.4264 20
      vertex -45.1104 39.5607 0
      vertex -45.1104 39.5607 20
    endloop
  endfacet
  facet normal 0.773005 0.634399 0
    outer loop
      vertex 47.6012 36.5257 20
      vertex 45.1104 39.5607 0
      vertex 45.1104 39.5607 20
    endloop
  endfacet
  facet normal 0.773005 0.634399 0
    outer loop
      vertex 45.1104 39.5607 0
      vertex 47.6012 36.5257 20
      vertex 47.6012 36.5257 0
    endloop
  endfacet
  facet normal -0.528061 0.849207 0
    outer loop
      vertex -30 51.9615 0
      vertex -33.3342 49.8882 20
      vertex -30 51.9615 20
    endloop
  endfacet
  facet normal -0.528061 0.849207 0
    outer loop
      vertex -33.3342 49.8882 20
      vertex -30 51.9615 0
      vertex -33.3342 49.8882 0
    endloop
  endfacet
  facet normal 0.227061 -0.97388 0
    outer loop
      vertex 11.7054 -58.8471 0
      vertex 15.5291 -57.9556 20
      vertex 11.7054 -58.8471 20
    endloop
  endfacet
  facet normal 0.227061 -0.97388 0
    outer loop
      vertex 15.5291 -57.9556 20
      vertex 11.7054 -58.8471 0
      vertex 15.5291 -57.9556 0
    endloop
  endfacet
  facet normal 0.910864 0.412707 0
    outer loop
      vertex 55.4328 22.961 20
      vertex 53.8124 26.5373 0
      vertex 53.8124 26.5373 20
    endloop
  endfacet
  facet normal 0.910864 0.412707 0
    outer loop
      vertex 53.8124 26.5373 0
      vertex 55.4328 22.961 20
      vertex 55.4328 22.961 0
    endloop
  endfacet
  facet normal 0.986642 -0.162902 0
    outer loop
      vertex 58.8471 -11.7054 20
      vertex 59.4867 -7.83157 0
      vertex 59.4867 -7.83157 20
    endloop
  endfacet
  facet normal 0.986642 -0.162902 0
    outer loop
      vertex 59.4867 -7.83157 0
      vertex 58.8471 -11.7054 20
      vertex 58.8471 -11.7054 0
    endloop
  endfacet
  facet normal 0.227061 0.97388 -0
    outer loop
      vertex 15.5291 57.9556 0
      vertex 11.7054 58.8471 20
      vertex 15.5291 57.9556 20
    endloop
  endfacet
  facet normal 0.227061 0.97388 0
    outer loop
      vertex 11.7054 58.8471 20
      vertex 15.5291 57.9556 0
      vertex 11.7054 58.8471 0
    endloop
  endfacet
  facet normal 0.97388 -0.227061 0
    outer loop
      vertex 57.9556 -15.5291 20
      vertex 58.8471 -11.7054 0
      vertex 58.8471 -11.7054 20
    endloop
  endfacet
  facet normal 0.97388 -0.227061 0
    outer loop
      vertex 58.8471 -11.7054 0
      vertex 57.9556 -15.5291 20
      vertex 57.9556 -15.5291 0
    endloop
  endfacet
  facet normal 0.634399 0.773005 -0
    outer loop
      vertex 39.5607 45.1104 0
      vertex 36.5257 47.6012 20
      vertex 39.5607 45.1104 20
    endloop
  endfacet
  facet normal 0.634399 0.773005 0
    outer loop
      vertex 36.5257 47.6012 20
      vertex 39.5607 45.1104 0
      vertex 36.5257 47.6012 0
    endloop
  endfacet
  facet normal 0.881916 0.471406 0
    outer loop
      vertex 53.8124 26.5373 20
      vertex 51.9615 30 0
      vertex 51.9615 30 20
    endloop
  endfacet
  facet normal 0.881916 0.471406 0
    outer loop
      vertex 51.9615 30 0
      vertex 53.8124 26.5373 20
      vertex 53.8124 26.5373 0
    endloop
  endfacet
  facet normal 0.995186 -0.0980062 0
    outer loop
      vertex 59.4867 -7.83157 20
      vertex 59.8715 -3.92419 0
      vertex 59.8715 -3.92419 20
    endloop
  endfacet
  facet normal 0.995186 -0.0980062 0
    outer loop
      vertex 59.8715 -3.92419 0
      vertex 59.4867 -7.83157 20
      vertex 59.4867 -7.83157 0
    endloop
  endfacet
  facet normal 0.97388 0.227061 0
    outer loop
      vertex 58.8471 11.7054 20
      vertex 57.9556 15.5291 0
      vertex 57.9556 15.5291 20
    endloop
  endfacet
  facet normal 0.97388 0.227061 0
    outer loop
      vertex 57.9556 15.5291 0
      vertex 58.8471 11.7054 20
      vertex 58.8471 11.7054 0
    endloop
  endfacet
  facet normal -0.0980062 0.995186 0
    outer loop
      vertex -3.92419 59.8715 0
      vertex -7.83157 59.4867 20
      vertex -3.92419 59.8715 20
    endloop
  endfacet
  facet normal -0.0980062 0.995186 0
    outer loop
      vertex -7.83157 59.4867 20
      vertex -3.92419 59.8715 0
      vertex -7.83157 59.4867 0
    endloop
  endfacet
  facet normal -0.227061 -0.97388 0
    outer loop
      vertex -15.5291 -57.9556 0
      vertex -11.7054 -58.8471 20
      vertex -15.5291 -57.9556 20
    endloop
  endfacet
  facet normal -0.227061 -0.97388 -0
    outer loop
      vertex -11.7054 -58.8471 20
      vertex -15.5291 -57.9556 0
      vertex -11.7054 -58.8471 0
    endloop
  endfacet
  facet normal 0.986642 0.162902 0
    outer loop
      vertex 59.4867 7.83157 20
      vertex 58.8471 11.7054 0
      vertex 58.8471 11.7054 20
    endloop
  endfacet
  facet normal 0.986642 0.162902 0
    outer loop
      vertex 58.8471 11.7054 0
      vertex 59.4867 7.83157 20
      vertex 59.4867 7.83157 0
    endloop
  endfacet
  facet normal 0 0 1
    outer loop
      vertex -17.2227 -25.7756 20
      vertex -25.8327 -31.4274 20
      vertex -25.8198 -31.8198 20
    endloop
  endfacet
  facet normal 0 0 1
    outer loop
      vertex -24.594 -18.8716 20
      vertex -25.8711 -31.0366 20
      vertex -25.8327 -31.4274 20
    endloop
  endfacet
  facet normal 0 0 1
    outer loop
      vertex -24.594 -18.8716 20
      vertex -25.9351 -30.6493 20
      vertex -25.8711 -31.0366 20
    endloop
  endfacet
  facet normal 0 0 1
    outer loop
      vertex -24.594 -18.8716 20
      vertex -26.0243 -30.2669 20
      vertex -25.9351 -30.6493 20
    endloop
  endfacet
  facet normal 0 0 1
    outer loop
      vertex -24.594 -18.8716 20
      vertex -26.1382 -29.8912 20
      vertex -26.0243 -30.2669 20
    endloop
  endfacet
  facet normal 0 0 1
    outer loop
      vertex -24.594 -18.8716 20
      vertex -26.2765 -29.5237 20
      vertex -26.1382 -29.8912 20
    endloop
  endfacet
  facet normal 0 0 1
    outer loop
      vertex -24.594 -18.8716 20
      vertex -26.4386 -29.1661 20
      vertex -26.2765 -29.5237 20
    endloop
  endfacet
  facet normal 0 0 1
    outer loop
      vertex -24.594 -18.8716 20
      vertex -26.6237 -28.8198 20
      vertex -26.4386 -29.1661 20
    endloop
  endfacet
  facet normal 0 0 1
    outer loop
      vertex -24.594 -18.8716 20
      vertex -26.831 -28.4864 20
      vertex -26.6237 -28.8198 20
    endloop
  endfacet
  facet normal 0 0 1
    outer loop
      vertex -31.8198 -25.8198 20
      vertex -25.7756 -17.2227 20
      vertex -26.8468 -15.5 20
    endloop
  endfacet
  facet normal 0 0 1
    outer loop
      vertex -24.594 -18.8716 20
      vertex -27.0597 -28.1672 20
      vertex -26.831 -28.4864 20
    endloop
  endfacet
  facet normal 0 0 1
    outer loop
      vertex -24.594 -18.8716 20
      vertex -27.3088 -27.8637 20
      vertex -27.0597 -28.1672 20
    endloop
  endfacet
  facet normal 0 0 1
    outer loop
      vertex -24.594 -18.8716 20
      vertex -27.5772 -27.5772 20
      vertex -27.3088 -27.8637 20
    endloop
  endfacet
  facet normal 0 0 1
    outer loop
      vertex -32.603 -25.8711 20
      vertex -26.8468 -15.5 20
      vertex -27.8031 -13.7109 20
    endloop
  endfacet
  facet normal 0 0 1
    outer loop
      vertex -24.594 -18.8716 20
      vertex -27.8637 -27.3088 20
      vertex -27.5772 -27.5772 20
    endloop
  endfacet
  facet normal 0 0 1
    outer loop
      vertex -24.594 -18.8716 20
      vertex -28.1672 -27.0597 20
      vertex -27.8637 -27.3088 20
    endloop
  endfacet
  facet normal 0 0 1
    outer loop
      vertex -24.594 -18.8716 20
      vertex -28.4864 -26.831 20
      vertex -28.1672 -27.0597 20
    endloop
  endfacet
  facet normal 0 0 1
    outer loop
      vertex -33.7484 -26.1382 20
      vertex -27.8031 -13.7109 20
      vertex -28.6403 -11.8632 20
    endloop
  endfacet
  facet normal 0 0 1
    outer loop
      vertex -24.594 -18.8716 20
      vertex -28.8198 -26.6237 20
      vertex -28.4864 -26.831 20
    endloop
  endfacet
  facet normal 0 0 1
    outer loop
      vertex -24.594 -18.8716 20
      vertex -29.1661 -26.4386 20
      vertex -28.8198 -26.6237 20
    endloop
  endfacet
  facet normal 0 0 1
    outer loop
      vertex -34.8198 -26.6237 20
      vertex -28.6403 -11.8632 20
      vertex -29.3548 -9.96462 20
    endloop
  endfacet
  facet normal 0 0 1
    outer loop
      vertex -24.594 -18.8716 20
      vertex -29.5237 -26.2765 20
      vertex -29.1661 -26.4386 20
    endloop
  endfacet
  facet normal 0 0 1
    outer loop
      vertex -24.594 -18.8716 20
      vertex -29.8912 -26.1382 20
      vertex -29.5237 -26.2765 20
    endloop
  endfacet
  facet normal 0 0 1
    outer loop
      vertex -56.8158 -19.2864 20
      vertex -29.3548 -9.96462 20
      vertex -29.9437 -8.02339 20
    endloop
  endfacet
  facet normal 0 0 1
    outer loop
      vertex -24.594 -18.8716 20
      vertex -30.2669 -26.0243 20
      vertex -29.8912 -26.1382 20
    endloop
  endfacet
  facet normal 0 0 1
    outer loop
      vertex -57.9556 -15.5291 20
      vertex -29.9437 -8.02339 20
      vertex -30.4043 -6.0478 20
    endloop
  endfacet
  facet normal 0 0 1
    outer loop
      vertex -25.7756 -17.2227 20
      vertex -30.6493 -25.9351 20
      vertex -30.2669 -26.0243 20
    endloop
  endfacet
  facet normal 0 0 1
    outer loop
      vertex -58.8471 -11.7054 20
      vertex -30.4043 -6.0478 20
      vertex -30.7348 -4.04631 20
    endloop
  endfacet
  facet normal 0 0 1
    outer loop
      vertex -59.4867 -7.83157 20
      vertex -30.7348 -4.04631 20
      vertex -30.9336 -2.0275 20
    endloop
  endfacet
  facet normal 0 0 1
    outer loop
      vertex -59.8715 -3.92419 20
      vertex -30.9336 -2.0275 20
      vertex -31 0 20
    endloop
  endfacet
  facet normal 0 0 1
    outer loop
      vertex -25.7756 -17.2227 20
      vertex -31.0366 -25.8711 20
      vertex -30.6493 -25.9351 20
    endloop
  endfacet
  facet normal 0 0 1
    outer loop
      vertex -27.8031 13.7109 20
      vertex -33.7484 26.1382 20
      vertex -28.6403 11.8632 20
    endloop
  endfacet
  facet normal 0 0 1
    outer loop
      vertex -34.1159 26.2765 20
      vertex -28.6403 11.8632 20
      vertex -33.7484 26.1382 20
    endloop
  endfacet
  facet normal 0 0 1
    outer loop
      vertex -25.7756 -17.2227 20
      vertex -31.4274 -25.8327 20
      vertex -31.0366 -25.8711 20
    endloop
  endfacet
  facet normal 0 0 1
    outer loop
      vertex -34.4735 26.4386 20
      vertex -28.6403 11.8632 20
      vertex -34.1159 26.2765 20
    endloop
  endfacet
  facet normal 0 0 1
    outer loop
      vertex -25.7756 -17.2227 20
      vertex -31.8198 -25.8198 20
      vertex -31.4274 -25.8327 20
    endloop
  endfacet
  facet normal 0 0 1
    outer loop
      vertex -34.8198 26.6237 20
      vertex -28.6403 11.8632 20
      vertex -34.4735 26.4386 20
    endloop
  endfacet
  facet normal 0 0 1
    outer loop
      vertex -26.8468 -15.5 20
      vertex -32.2122 -25.8327 20
      vertex -31.8198 -25.8198 20
    endloop
  endfacet
  facet normal 0 0 1
    outer loop
      vertex -28.6403 11.8632 20
      vertex -34.8198 26.6237 20
      vertex -29.3548 9.96462 20
    endloop
  endfacet
  facet normal 0 -0 1
    outer loop
      vertex -59.8715 -3.92419 20
      vertex -31 0 20
      vertex -60 0 20
    endloop
  endfacet
  facet normal 0 0 1
    outer loop
      vertex -35.1532 26.831 20
      vertex -29.3548 9.96462 20
      vertex -34.8198 26.6237 20
    endloop
  endfacet
  facet normal 0 0 1
    outer loop
      vertex -26.8468 -15.5 20
      vertex -32.603 -25.8711 20
      vertex -32.2122 -25.8327 20
    endloop
  endfacet
  facet normal -0 0 1
    outer loop
      vertex -56.8158 19.2864 20
      vertex -29.3548 9.96462 20
      vertex -35.1532 26.831 20
    endloop
  endfacet
  facet normal 0 0 1
    outer loop
      vertex -30.9336 -2.0275 20
      vertex -59.8715 -3.92419 20
      vertex -59.4867 -7.83157 20
    endloop
  endfacet
  facet normal -0 0 1
    outer loop
      vertex -57.9556 15.5291 20
      vertex -29.9437 8.02339 20
      vertex -56.8158 19.2864 20
    endloop
  endfacet
  facet normal 0 0 1
    outer loop
      vertex -27.8031 -13.7109 20
      vertex -32.9903 -25.9351 20
      vertex -32.603 -25.8711 20
    endloop
  endfacet
  facet normal 0 0 1
    outer loop
      vertex -29.9437 8.02339 20
      vertex -57.9556 15.5291 20
      vertex -30.4043 6.0478 20
    endloop
  endfacet
  facet normal 0 0 1
    outer loop
      vertex -30.7348 -4.04631 20
      vertex -59.4867 -7.83157 20
      vertex -58.8471 -11.7054 20
    endloop
  endfacet
  facet normal -0 0 1
    outer loop
      vertex -59.4867 7.83157 20
      vertex -30.7348 4.04631 20
      vertex -58.8471 11.7054 20
    endloop
  endfacet
  facet normal 0 0 1
    outer loop
      vertex -27.8031 -13.7109 20
      vertex -33.3727 -26.0243 20
      vertex -32.9903 -25.9351 20
    endloop
  endfacet
  facet normal 0 0 1
    outer loop
      vertex -30.4043 6.0478 20
      vertex -58.8471 11.7054 20
      vertex -30.7348 4.04631 20
    endloop
  endfacet
  facet normal 0 0 1
    outer loop
      vertex -30.4043 -6.0478 20
      vertex -58.8471 -11.7054 20
      vertex -57.9556 -15.5291 20
    endloop
  endfacet
  facet normal 0 0 1
    outer loop
      vertex -29.3548 9.96462 20
      vertex -56.8158 19.2864 20
      vertex -29.9437 8.02339 20
    endloop
  endfacet
  facet normal 0 0 1
    outer loop
      vertex -27.8031 -13.7109 20
      vertex -33.7484 -26.1382 20
      vertex -33.3727 -26.0243 20
    endloop
  endfacet
  facet normal 0 0 1
    outer loop
      vertex -56.8158 19.2864 20
      vertex -35.1532 26.831 20
      vertex -35.4724 27.0597 20
    endloop
  endfacet
  facet normal 0 0 1
    outer loop
      vertex -28.6403 -11.8632 20
      vertex -34.1159 -26.2765 20
      vertex -33.7484 -26.1382 20
    endloop
  endfacet
  facet normal 0 0 1
    outer loop
      vertex -55.4328 22.961 20
      vertex -35.4724 27.0597 20
      vertex -35.7759 27.3088 20
    endloop
  endfacet
  facet normal 0 0 1
    outer loop
      vertex -29.9437 -8.02339 20
      vertex -57.9556 -15.5291 20
      vertex -56.8158 -19.2864 20
    endloop
  endfacet
  facet normal 0 0 1
    outer loop
      vertex -55.4328 22.961 20
      vertex -35.7759 27.3088 20
      vertex -36.0624 27.5772 20
    endloop
  endfacet
  facet normal 0 0 1
    outer loop
      vertex -28.6403 -11.8632 20
      vertex -34.4735 -26.4386 20
      vertex -34.1159 -26.2765 20
    endloop
  endfacet
  facet normal 0 0 1
    outer loop
      vertex -55.4328 22.961 20
      vertex -36.0624 27.5772 20
      vertex -36.3308 27.8637 20
    endloop
  endfacet
  facet normal 0 0 1
    outer loop
      vertex -28.6403 -11.8632 20
      vertex -34.8198 -26.6237 20
      vertex -34.4735 -26.4386 20
    endloop
  endfacet
  facet normal 0 0 1
    outer loop
      vertex -53.8124 26.5373 20
      vertex -36.3308 27.8637 20
      vertex -36.5799 28.1672 20
    endloop
  endfacet
  facet normal 0 0 1
    outer loop
      vertex -29.3548 -9.96462 20
      vertex -56.8158 -19.2864 20
      vertex -35.1532 -26.831 20
    endloop
  endfacet
  facet normal 0 0 1
    outer loop
      vertex -53.8124 26.5373 20
      vertex -36.5799 28.1672 20
      vertex -36.8086 28.4864 20
    endloop
  endfacet
  facet normal 0 0 1
    outer loop
      vertex -29.3548 -9.96462 20
      vertex -35.1532 -26.831 20
      vertex -34.8198 -26.6237 20
    endloop
  endfacet
  facet normal 0 0 1
    outer loop
      vertex -53.8124 26.5373 20
      vertex -36.8086 28.4864 20
      vertex -37.016 28.8198 20
    endloop
  endfacet
  facet normal 0 0 1
    outer loop
      vertex -35.1532 -26.831 20
      vertex -56.8158 -19.2864 20
      vertex -35.4724 -27.0597 20
    endloop
  endfacet
  facet normal 0 0 1
    outer loop
      vertex -51.9615 30 20
      vertex -37.016 28.8198 20
      vertex -37.201 29.1661 20
    endloop
  endfacet
  facet normal -0 -0 1
    outer loop
      vertex -55.4328 -22.961 20
      vertex -35.4724 -27.0597 20
      vertex -56.8158 -19.2864 20
    endloop
  endfacet
  facet normal 0 0 1
    outer loop
      vertex -51.9615 30 20
      vertex -37.201 29.1661 20
      vertex -37.3631 29.5237 20
    endloop
  endfacet
  facet normal 0 0 1
    outer loop
      vertex -35.4724 -27.0597 20
      vertex -55.4328 -22.961 20
      vertex -35.7759 -27.3088 20
    endloop
  endfacet
  facet normal 0 0 1
    outer loop
      vertex -51.9615 30 20
      vertex -37.3631 29.5237 20
      vertex -37.5014 29.8912 20
    endloop
  endfacet
  facet normal 0 0 1
    outer loop
      vertex -35.7759 -27.3088 20
      vertex -55.4328 -22.961 20
      vertex -36.0624 -27.5772 20
    endloop
  endfacet
  facet normal -0 0 1
    outer loop
      vertex -51.9615 30 20
      vertex -37.5014 29.8912 20
      vertex -37.6154 30.2669 20
    endloop
  endfacet
  facet normal 0 0 1
    outer loop
      vertex -36.0624 -27.5772 20
      vertex -55.4328 -22.961 20
      vertex -36.3308 -27.8637 20
    endloop
  endfacet
  facet normal 0 0 1
    outer loop
      vertex -49.8882 33.3342 20
      vertex -37.6154 30.2669 20
      vertex -37.7045 30.6493 20
    endloop
  endfacet
  facet normal -0 -0 1
    outer loop
      vertex -53.8124 -26.5373 20
      vertex -36.3308 -27.8637 20
      vertex -55.4328 -22.961 20
    endloop
  endfacet
  facet normal 0 0 1
    outer loop
      vertex -49.8882 33.3342 20
      vertex -37.7045 30.6493 20
      vertex -37.7685 31.0366 20
    endloop
  endfacet
  facet normal 0 0 1
    outer loop
      vertex -36.3308 -27.8637 20
      vertex -53.8124 -26.5373 20
      vertex -36.5799 -28.1672 20
    endloop
  endfacet
  facet normal 0 0 1
    outer loop
      vertex -49.8882 33.3342 20
      vertex -37.7685 31.0366 20
      vertex -37.807 31.4274 20
    endloop
  endfacet
  facet normal 0 0 1
    outer loop
      vertex -36.5799 -28.1672 20
      vertex -53.8124 -26.5373 20
      vertex -36.8086 -28.4864 20
    endloop
  endfacet
  facet normal 0 0 1
    outer loop
      vertex -49.8882 33.3342 20
      vertex -37.807 31.4274 20
      vertex -37.8198 31.8198 20
    endloop
  endfacet
  facet normal 0 0 1
    outer loop
      vertex -36.8086 -28.4864 20
      vertex -53.8124 -26.5373 20
      vertex -37.016 -28.8198 20
    endloop
  endfacet
  facet normal -0 0 1
    outer loop
      vertex -26.2765 29.5237 20
      vertex -18.8716 24.594 20
      vertex -26.1382 29.8912 20
    endloop
  endfacet
  facet normal -0 0 1
    outer loop
      vertex -26.4386 29.1661 20
      vertex -18.8716 24.594 20
      vertex -26.2765 29.5237 20
    endloop
  endfacet
  facet normal 0 0 1
    outer loop
      vertex -18.8716 24.594 20
      vertex -26.4386 29.1661 20
      vertex -20.4397 23.307 20
    endloop
  endfacet
  facet normal -0 0 1
    outer loop
      vertex -26.6237 28.8198 20
      vertex -20.4397 23.307 20
      vertex -26.4386 29.1661 20
    endloop
  endfacet
  facet normal -0 0 1
    outer loop
      vertex -26.831 28.4864 20
      vertex -20.4397 23.307 20
      vertex -26.6237 28.8198 20
    endloop
  endfacet
  facet normal -0 0 1
    outer loop
      vertex -27.0597 28.1672 20
      vertex -20.4397 23.307 20
      vertex -26.831 28.4864 20
    endloop
  endfacet
  facet normal 0 0 1
    outer loop
      vertex -20.4397 23.307 20
      vertex -27.0597 28.1672 20
      vertex -21.9203 21.9203 20
    endloop
  endfacet
  facet normal -0 0 1
    outer loop
      vertex -27.3088 27.8637 20
      vertex -21.9203 21.9203 20
      vertex -27.0597 28.1672 20
    endloop
  endfacet
  facet normal -0 0 1
    outer loop
      vertex -27.5772 27.5772 20
      vertex -21.9203 21.9203 20
      vertex -27.3088 27.8637 20
    endloop
  endfacet
  facet normal -0 0 1
    outer loop
      vertex -27.8637 27.3088 20
      vertex -21.9203 21.9203 20
      vertex -27.5772 27.5772 20
    endloop
  endfacet
  facet normal -0 0 1
    outer loop
      vertex -28.1672 27.0597 20
      vertex -21.9203 21.9203 20
      vertex -27.8637 27.3088 20
    endloop
  endfacet
  facet normal 0 0 1
    outer loop
      vertex -21.9203 21.9203 20
      vertex -28.1672 27.0597 20
      vertex -23.307 20.4397 20
    endloop
  endfacet
  facet normal -0 0 1
    outer loop
      vertex -28.4864 26.831 20
      vertex -23.307 20.4397 20
      vertex -28.1672 27.0597 20
    endloop
  endfacet
  facet normal -0 0 1
    outer loop
      vertex -28.8198 26.6237 20
      vertex -23.307 20.4397 20
      vertex -28.4864 26.831 20
    endloop
  endfacet
  facet normal -0 0 1
    outer loop
      vertex -29.1661 26.4386 20
      vertex -23.307 20.4397 20
      vertex -28.8198 26.6237 20
    endloop
  endfacet
  facet normal 0 0 1
    outer loop
      vertex -23.307 20.4397 20
      vertex -29.1661 26.4386 20
      vertex -24.594 18.8716 20
    endloop
  endfacet
  facet normal -0 0 1
    outer loop
      vertex -29.5237 26.2765 20
      vertex -24.594 18.8716 20
      vertex -29.1661 26.4386 20
    endloop
  endfacet
  facet normal -0 0 1
    outer loop
      vertex -29.8912 26.1382 20
      vertex -24.594 18.8716 20
      vertex -29.5237 26.2765 20
    endloop
  endfacet
  facet normal -0 0 1
    outer loop
      vertex -30.2669 26.0243 20
      vertex -24.594 18.8716 20
      vertex -29.8912 26.1382 20
    endloop
  endfacet
  facet normal 0 0 1
    outer loop
      vertex -24.594 18.8716 20
      vertex -30.2669 26.0243 20
      vertex -25.7756 17.2227 20
    endloop
  endfacet
  facet normal -0 0 1
    outer loop
      vertex -30.6493 25.9351 20
      vertex -25.7756 17.2227 20
      vertex -30.2669 26.0243 20
    endloop
  endfacet
  facet normal -0 0 1
    outer loop
      vertex -31.0366 25.8711 20
      vertex -25.7756 17.2227 20
      vertex -30.6493 25.9351 20
    endloop
  endfacet
  facet normal -0 0 1
    outer loop
      vertex -31.4274 25.8327 20
      vertex -25.7756 17.2227 20
      vertex -31.0366 25.8711 20
    endloop
  endfacet
  facet normal -0 0 1
    outer loop
      vertex -31.8198 25.8198 20
      vertex -25.7756 17.2227 20
      vertex -31.4274 25.8327 20
    endloop
  endfacet
  facet normal 0 0 1
    outer loop
      vertex -25.7756 17.2227 20
      vertex -31.8198 25.8198 20
      vertex -26.8468 15.5 20
    endloop
  endfacet
  facet normal 0 0 1
    outer loop
      vertex -32.2122 25.8327 20
      vertex -26.8468 15.5 20
      vertex -31.8198 25.8198 20
    endloop
  endfacet
  facet normal 0 0 1
    outer loop
      vertex -32.603 25.8711 20
      vertex -26.8468 15.5 20
      vertex -32.2122 25.8327 20
    endloop
  endfacet
  facet normal 0 0 1
    outer loop
      vertex -26.8468 15.5 20
      vertex -32.603 25.8711 20
      vertex -27.8031 13.7109 20
    endloop
  endfacet
  facet normal 0 0 1
    outer loop
      vertex -32.9903 25.9351 20
      vertex -27.8031 13.7109 20
      vertex -32.603 25.8711 20
    endloop
  endfacet
  facet normal 0 0 1
    outer loop
      vertex -33.3727 26.0243 20
      vertex -27.8031 13.7109 20
      vertex -32.9903 25.9351 20
    endloop
  endfacet
  facet normal 0 0 1
    outer loop
      vertex -33.7484 26.1382 20
      vertex -27.8031 13.7109 20
      vertex -33.3727 26.0243 20
    endloop
  endfacet
  facet normal -0 0 1
    outer loop
      vertex 36.8086 28.4864 20
      vertex 53.8124 26.5373 20
      vertex 37.016 28.8198 20
    endloop
  endfacet
  facet normal 0 0 1
    outer loop
      vertex 60 0 20
      vertex 37.807 -31.4274 20
      vertex 37.8198 -31.8198 20
    endloop
  endfacet
  facet normal -0 0 1
    outer loop
      vertex 36.5799 28.1672 20
      vertex 53.8124 26.5373 20
      vertex 36.8086 28.4864 20
    endloop
  endfacet
  facet normal 0 0 1
    outer loop
      vertex 60 0 20
      vertex 37.7685 -31.0366 20
      vertex 37.807 -31.4274 20
    endloop
  endfacet
  facet normal -0 0 1
    outer loop
      vertex 36.3308 27.8637 20
      vertex 53.8124 26.5373 20
      vertex 36.5799 28.1672 20
    endloop
  endfacet
  facet normal 0 0 1
    outer loop
      vertex 60 0 20
      vertex 37.7045 -30.6493 20
      vertex 37.7685 -31.0366 20
    endloop
  endfacet
  facet normal 0 0 1
    outer loop
      vertex 53.8124 26.5373 20
      vertex 36.3308 27.8637 20
      vertex 55.4328 22.961 20
    endloop
  endfacet
  facet normal 0 0 1
    outer loop
      vertex 60 0 20
      vertex 37.6154 -30.2669 20
      vertex 37.7045 -30.6493 20
    endloop
  endfacet
  facet normal -0 0 1
    outer loop
      vertex 36.0624 27.5772 20
      vertex 55.4328 22.961 20
      vertex 36.3308 27.8637 20
    endloop
  endfacet
  facet normal 0 0 1
    outer loop
      vertex 60 0 20
      vertex 37.5014 -29.8912 20
      vertex 37.6154 -30.2669 20
    endloop
  endfacet
  facet normal -0 0 1
    outer loop
      vertex 35.7759 27.3088 20
      vertex 55.4328 22.961 20
      vertex 36.0624 27.5772 20
    endloop
  endfacet
  facet normal 0 0 1
    outer loop
      vertex 60 0 20
      vertex 37.3631 -29.5237 20
      vertex 37.5014 -29.8912 20
    endloop
  endfacet
  facet normal -0 0 1
    outer loop
      vertex 35.4724 27.0597 20
      vertex 55.4328 22.961 20
      vertex 35.7759 27.3088 20
    endloop
  endfacet
  facet normal 0 0 1
    outer loop
      vertex 60 0 20
      vertex 37.201 -29.1661 20
      vertex 37.3631 -29.5237 20
    endloop
  endfacet
  facet normal 0 0 1
    outer loop
      vertex 55.4328 22.961 20
      vertex 35.4724 27.0597 20
      vertex 56.8158 19.2864 20
    endloop
  endfacet
  facet normal 0 0 1
    outer loop
      vertex 30.9336 -2.0275 20
      vertex 60 0 20
      vertex 31 0 20
    endloop
  endfacet
  facet normal -0 0 1
    outer loop
      vertex 35.1532 26.831 20
      vertex 56.8158 19.2864 20
      vertex 35.4724 27.0597 20
    endloop
  endfacet
  facet normal 0 0 1
    outer loop
      vertex 30.7348 -4.04631 20
      vertex 60 0 20
      vertex 30.9336 -2.0275 20
    endloop
  endfacet
  facet normal 0 0 1
    outer loop
      vertex 29.3548 9.96462 20
      vertex 56.8158 19.2864 20
      vertex 35.1532 26.831 20
    endloop
  endfacet
  facet normal 0 0 1
    outer loop
      vertex 60 0 20
      vertex 37.016 -28.8198 20
      vertex 37.201 -29.1661 20
    endloop
  endfacet
  facet normal 0 0 1
    outer loop
      vertex 56.8158 19.2864 20
      vertex 29.3548 9.96462 20
      vertex 57.9556 15.5291 20
    endloop
  endfacet
  facet normal 0 0 1
    outer loop
      vertex 60 0 20
      vertex 36.8086 -28.4864 20
      vertex 37.016 -28.8198 20
    endloop
  endfacet
  facet normal 0 0 1
    outer loop
      vertex 57.9556 15.5291 20
      vertex 29.9437 8.02339 20
      vertex 58.8471 11.7054 20
    endloop
  endfacet
  facet normal 0 0 1
    outer loop
      vertex 30.4043 -6.0478 20
      vertex 60 0 20
      vertex 30.7348 -4.04631 20
    endloop
  endfacet
  facet normal 0 -0 1
    outer loop
      vertex 30.7348 4.04631 20
      vertex 59.4867 7.83157 20
      vertex 30.4043 6.0478 20
    endloop
  endfacet
  facet normal 0 0 1
    outer loop
      vertex 60 0 20
      vertex 36.5799 -28.1672 20
      vertex 36.8086 -28.4864 20
    endloop
  endfacet
  facet normal 0 0 1
    outer loop
      vertex 58.8471 11.7054 20
      vertex 30.4043 6.0478 20
      vertex 59.4867 7.83157 20
    endloop
  endfacet
  facet normal 0 0 1
    outer loop
      vertex 29.9437 -8.02339 20
      vertex 60 0 20
      vertex 30.4043 -6.0478 20
    endloop
  endfacet
  facet normal 0 -0 1
    outer loop
      vertex 29.9437 8.02339 20
      vertex 57.9556 15.5291 20
      vertex 29.3548 9.96462 20
    endloop
  endfacet
  facet normal 0 0 1
    outer loop
      vertex 60 0 20
      vertex 36.3308 -27.8637 20
      vertex 36.5799 -28.1672 20
    endloop
  endfacet
  facet normal 0 0 1
    outer loop
      vertex 29.3548 9.96462 20
      vertex 35.1532 26.831 20
      vertex 34.8198 26.6237 20
    endloop
  endfacet
  facet normal 0 0 1
    outer loop
      vertex 60 0 20
      vertex 36.0624 -27.5772 20
      vertex 36.3308 -27.8637 20
    endloop
  endfacet
  facet normal 0 0 1
    outer loop
      vertex 28.6403 11.8632 20
      vertex 34.8198 26.6237 20
      vertex 34.4735 26.4386 20
    endloop
  endfacet
  facet normal 0 -0 1
    outer loop
      vertex 35.7759 -27.3088 20
      vertex 60 0 20
      vertex 29.9437 -8.02339 20
    endloop
  endfacet
  facet normal 0 0 1
    outer loop
      vertex 28.6403 11.8632 20
      vertex 34.4735 26.4386 20
      vertex 34.1159 26.2765 20
    endloop
  endfacet
  facet normal 0 0 1
    outer loop
      vertex 60 0 20
      vertex 35.7759 -27.3088 20
      vertex 36.0624 -27.5772 20
    endloop
  endfacet
  facet normal 0 0 1
    outer loop
      vertex 28.6403 11.8632 20
      vertex 34.1159 26.2765 20
      vertex 33.7484 26.1382 20
    endloop
  endfacet
  facet normal 0 0 1
    outer loop
      vertex 35.7759 -27.3088 20
      vertex 29.9437 -8.02339 20
      vertex 35.4724 -27.0597 20
    endloop
  endfacet
  facet normal 0 0 1
    outer loop
      vertex 27.8031 13.7109 20
      vertex 33.7484 26.1382 20
      vertex 33.3727 26.0243 20
    endloop
  endfacet
  facet normal -0 0 1
    outer loop
      vertex 29.3548 -9.96462 20
      vertex 35.4724 -27.0597 20
      vertex 29.9437 -8.02339 20
    endloop
  endfacet
  facet normal 0 0 1
    outer loop
      vertex 27.8031 13.7109 20
      vertex 33.3727 26.0243 20
      vertex 32.9903 25.9351 20
    endloop
  endfacet
  facet normal 0 0 1
    outer loop
      vertex 35.4724 -27.0597 20
      vertex 29.3548 -9.96462 20
      vertex 35.1532 -26.831 20
    endloop
  endfacet
  facet normal 0 0 1
    outer loop
      vertex 27.8031 13.7109 20
      vertex 32.9903 25.9351 20
      vertex 32.603 25.8711 20
    endloop
  endfacet
  facet normal 0 0 1
    outer loop
      vertex 35.1532 -26.831 20
      vertex 29.3548 -9.96462 20
      vertex 34.8198 -26.6237 20
    endloop
  endfacet
  facet normal 0 0 1
    outer loop
      vertex 26.8468 15.5 20
      vertex 32.603 25.8711 20
      vertex 32.2122 25.8327 20
    endloop
  endfacet
  facet normal -0 0 1
    outer loop
      vertex 28.6403 -11.8632 20
      vertex 34.8198 -26.6237 20
      vertex 29.3548 -9.96462 20
    endloop
  endfacet
  facet normal 0 0 1
    outer loop
      vertex 26.8468 15.5 20
      vertex 32.2122 25.8327 20
      vertex 31.8198 25.8198 20
    endloop
  endfacet
  facet normal 0 0 1
    outer loop
      vertex 34.8198 -26.6237 20
      vertex 28.6403 -11.8632 20
      vertex 34.4735 -26.4386 20
    endloop
  endfacet
  facet normal 0 0 1
    outer loop
      vertex 25.7756 17.2227 20
      vertex 31.8198 25.8198 20
      vertex 31.4274 25.8327 20
    endloop
  endfacet
  facet normal 0 0 1
    outer loop
      vertex 34.4735 -26.4386 20
      vertex 28.6403 -11.8632 20
      vertex 34.1159 -26.2765 20
    endloop
  endfacet
  facet normal 0 0 1
    outer loop
      vertex 25.7756 17.2227 20
      vertex 31.4274 25.8327 20
      vertex 31.0366 25.8711 20
    endloop
  endfacet
  facet normal 0 0 1
    outer loop
      vertex 34.1159 -26.2765 20
      vertex 28.6403 -11.8632 20
      vertex 33.7484 -26.1382 20
    endloop
  endfacet
  facet normal -0 0 1
    outer loop
      vertex 27.8031 -13.7109 20
      vertex 33.7484 -26.1382 20
      vertex 28.6403 -11.8632 20
    endloop
  endfacet
  facet normal 0 0 1
    outer loop
      vertex 60 0 20
      vertex 30.9336 2.0275 20
      vertex 31 0 20
    endloop
  endfacet
  facet normal 0 0 1
    outer loop
      vertex 59.8715 3.92419 20
      vertex 30.9336 2.0275 20
      vertex 60 0 20
    endloop
  endfacet
  facet normal 0 0 1
    outer loop
      vertex 25.7756 17.2227 20
      vertex 31.0366 25.8711 20
      vertex 30.6493 25.9351 20
    endloop
  endfacet
  facet normal 0 -0 1
    outer loop
      vertex 30.9336 2.0275 20
      vertex 59.8715 3.92419 20
      vertex 30.7348 4.04631 20
    endloop
  endfacet
  facet normal 0 0 1
    outer loop
      vertex 25.7756 17.2227 20
      vertex 30.6493 25.9351 20
      vertex 30.2669 26.0243 20
    endloop
  endfacet
  facet normal 0 0 1
    outer loop
      vertex 59.4867 7.83157 20
      vertex 30.7348 4.04631 20
      vertex 59.8715 3.92419 20
    endloop
  endfacet
  facet normal 0 0 1
    outer loop
      vertex 24.594 18.8716 20
      vertex 30.2669 26.0243 20
      vertex 29.8912 26.1382 20
    endloop
  endfacet
  facet normal 0 0 1
    outer loop
      vertex 24.594 18.8716 20
      vertex 29.8912 26.1382 20
      vertex 29.5237 26.2765 20
    endloop
  endfacet
  facet normal 0 -0 1
    outer loop
      vertex 30.4043 6.0478 20
      vertex 58.8471 11.7054 20
      vertex 29.9437 8.02339 20
    endloop
  endfacet
  facet normal 0 0 1
    outer loop
      vertex 24.594 18.8716 20
      vertex 29.5237 26.2765 20
      vertex 29.1661 26.4386 20
    endloop
  endfacet
  facet normal 0 0 1
    outer loop
      vertex 23.307 20.4397 20
      vertex 29.1661 26.4386 20
      vertex 28.8198 26.6237 20
    endloop
  endfacet
  facet normal 0 0 1
    outer loop
      vertex 34.8198 26.6237 20
      vertex 28.6403 11.8632 20
      vertex 29.3548 9.96462 20
    endloop
  endfacet
  facet normal 0 0 1
    outer loop
      vertex 23.307 20.4397 20
      vertex 28.8198 26.6237 20
      vertex 28.4864 26.831 20
    endloop
  endfacet
  facet normal 0 0 1
    outer loop
      vertex 23.307 20.4397 20
      vertex 28.4864 26.831 20
      vertex 28.1672 27.0597 20
    endloop
  endfacet
  facet normal 0 0 1
    outer loop
      vertex 21.9203 21.9203 20
      vertex 28.1672 27.0597 20
      vertex 27.8637 27.3088 20
    endloop
  endfacet
  facet normal 0 0 1
    outer loop
      vertex 33.7484 26.1382 20
      vertex 27.8031 13.7109 20
      vertex 28.6403 11.8632 20
    endloop
  endfacet
  facet normal 0 0 1
    outer loop
      vertex 21.9203 21.9203 20
      vertex 27.8637 27.3088 20
      vertex 27.5772 27.5772 20
    endloop
  endfacet
  facet normal 0 0 1
    outer loop
      vertex 21.9203 21.9203 20
      vertex 27.5772 27.5772 20
      vertex 27.3088 27.8637 20
    endloop
  endfacet
  facet normal 0 0 1
    outer loop
      vertex 21.9203 21.9203 20
      vertex 27.3088 27.8637 20
      vertex 27.0597 28.1672 20
    endloop
  endfacet
  facet normal 0 0 1
    outer loop
      vertex 32.603 25.8711 20
      vertex 26.8468 15.5 20
      vertex 27.8031 13.7109 20
    endloop
  endfacet
  facet normal 0 0 1
    outer loop
      vertex 20.4397 23.307 20
      vertex 27.0597 28.1672 20
      vertex 26.831 28.4864 20
    endloop
  endfacet
  facet normal 0 0 1
    outer loop
      vertex 20.4397 23.307 20
      vertex 26.831 28.4864 20
      vertex 26.6237 28.8198 20
    endloop
  endfacet
  facet normal 0 0 1
    outer loop
      vertex 20.4397 23.307 20
      vertex 26.6237 28.8198 20
      vertex 26.4386 29.1661 20
    endloop
  endfacet
  facet normal 0 0 1
    outer loop
      vertex 18.8716 24.594 20
      vertex 26.4386 29.1661 20
      vertex 26.2765 29.5237 20
    endloop
  endfacet
  facet normal 0 0 1
    outer loop
      vertex 18.8716 24.594 20
      vertex 26.2765 29.5237 20
      vertex 26.1382 29.8912 20
    endloop
  endfacet
  facet normal 0 0 1
    outer loop
      vertex 18.8716 24.594 20
      vertex 26.1382 29.8912 20
      vertex 26.0243 30.2669 20
    endloop
  endfacet
  facet normal 0 0 1
    outer loop
      vertex 18.8716 24.594 20
      vertex 26.0243 30.2669 20
      vertex 25.9351 30.6493 20
    endloop
  endfacet
  facet normal 0 0 1
    outer loop
      vertex 17.2227 25.7756 20
      vertex 25.9351 30.6493 20
      vertex 25.8711 31.0366 20
    endloop
  endfacet
  facet normal 0 0 1
    outer loop
      vertex 17.2227 25.7756 20
      vertex 25.8711 31.0366 20
      vertex 25.8327 31.4274 20
    endloop
  endfacet
  facet normal 0 0 1
    outer loop
      vertex 31.8198 25.8198 20
      vertex 25.7756 17.2227 20
      vertex 26.8468 15.5 20
    endloop
  endfacet
  facet normal 0 0 1
    outer loop
      vertex 17.2227 25.7756 20
      vertex 25.8327 31.4274 20
      vertex 25.8198 31.8198 20
    endloop
  endfacet
  facet normal 0 0 1
    outer loop
      vertex 37.016 28.8198 20
      vertex 51.9615 30 20
      vertex 37.201 29.1661 20
    endloop
  endfacet
  facet normal 0 0 1
    outer loop
      vertex 37.201 29.1661 20
      vertex 51.9615 30 20
      vertex 37.3631 29.5237 20
    endloop
  endfacet
  facet normal 0 0 1
    outer loop
      vertex 51.9615 30 20
      vertex 37.016 28.8198 20
      vertex 53.8124 26.5373 20
    endloop
  endfacet
  facet normal 0 0 1
    outer loop
      vertex 37.3631 29.5237 20
      vertex 51.9615 30 20
      vertex 37.5014 29.8912 20
    endloop
  endfacet
  facet normal 0 0 1
    outer loop
      vertex 60 0 20
      vertex 37.8198 -31.8198 20
      vertex 59.8715 -3.92419 20
    endloop
  endfacet
  facet normal 0 0 1
    outer loop
      vertex 37.5014 29.8912 20
      vertex 51.9615 30 20
      vertex 37.6154 30.2669 20
    endloop
  endfacet
  facet normal 0 0 1
    outer loop
      vertex 59.8715 -3.92419 20
      vertex 37.8198 -31.8198 20
      vertex 59.4867 -7.83157 20
    endloop
  endfacet
  facet normal 0 0 1
    outer loop
      vertex 49.8882 33.3342 20
      vertex 37.6154 30.2669 20
      vertex 51.9615 30 20
    endloop
  endfacet
  facet normal 0 0 1
    outer loop
      vertex 59.4867 -7.83157 20
      vertex 37.8198 -31.8198 20
      vertex 58.8471 -11.7054 20
    endloop
  endfacet
  facet normal 0 0 1
    outer loop
      vertex 37.6154 30.2669 20
      vertex 49.8882 33.3342 20
      vertex 37.7045 30.6493 20
    endloop
  endfacet
  facet normal 0 0 1
    outer loop
      vertex 58.8471 -11.7054 20
      vertex 37.8198 -31.8198 20
      vertex 57.9556 -15.5291 20
    endloop
  endfacet
  facet normal 0 0 1
    outer loop
      vertex 37.7045 30.6493 20
      vertex 49.8882 33.3342 20
      vertex 37.7685 31.0366 20
    endloop
  endfacet
  facet normal 0 0 1
    outer loop
      vertex 57.9556 -15.5291 20
      vertex 37.8198 -31.8198 20
      vertex 56.8158 -19.2864 20
    endloop
  endfacet
  facet normal 0 0 1
    outer loop
      vertex 37.7685 31.0366 20
      vertex 49.8882 33.3342 20
      vertex 37.807 31.4274 20
    endloop
  endfacet
  facet normal 0 0 1
    outer loop
      vertex 56.8158 -19.2864 20
      vertex 37.8198 -31.8198 20
      vertex 55.4328 -22.961 20
    endloop
  endfacet
  facet normal 0 0 1
    outer loop
      vertex 37.807 31.4274 20
      vertex 49.8882 33.3342 20
      vertex 37.8198 31.8198 20
    endloop
  endfacet
  facet normal 0 0 1
    outer loop
      vertex 55.4328 -22.961 20
      vertex 37.8198 -31.8198 20
      vertex 53.8124 -26.5373 20
    endloop
  endfacet
  facet normal 0 0 1
    outer loop
      vertex 37.8198 31.8198 20
      vertex 49.8882 33.3342 20
      vertex 47.6012 36.5257 20
    endloop
  endfacet
  facet normal 0 0 1
    outer loop
      vertex 53.8124 -26.5373 20
      vertex 37.8198 -31.8198 20
      vertex 51.9615 -30 20
    endloop
  endfacet
  facet normal 0 0 1
    outer loop
      vertex 37.6154 33.3727 20
      vertex 47.6012 36.5257 20
      vertex 45.1104 39.5607 20
    endloop
  endfacet
  facet normal 0 0 1
    outer loop
      vertex 51.9615 -30 20
      vertex 37.8198 -31.8198 20
      vertex 49.8882 -33.3342 20
    endloop
  endfacet
  facet normal 0 0 1
    outer loop
      vertex 36.8086 35.1532 20
      vertex 45.1104 39.5607 20
      vertex 42.4264 42.4264 20
    endloop
  endfacet
  facet normal 0 0 1
    outer loop
      vertex 49.8882 -33.3342 20
      vertex 37.8198 -31.8198 20
      vertex 47.6012 -36.5257 20
    endloop
  endfacet
  facet normal 0 0 1
    outer loop
      vertex 35.1532 36.8086 20
      vertex 42.4264 42.4264 20
      vertex 39.5607 45.1104 20
    endloop
  endfacet
  facet normal -0 0 1
    outer loop
      vertex 37.807 -32.2122 20
      vertex 47.6012 -36.5257 20
      vertex 37.8198 -31.8198 20
    endloop
  endfacet
  facet normal -0 0 1
    outer loop
      vertex 37.7685 -32.603 20
      vertex 47.6012 -36.5257 20
      vertex 37.807 -32.2122 20
    endloop
  endfacet
  facet normal 0 0 1
    outer loop
      vertex 47.6012 36.5257 20
      vertex 37.807 32.2122 20
      vertex 37.8198 31.8198 20
    endloop
  endfacet
  facet normal 0 0 1
    outer loop
      vertex 47.6012 36.5257 20
      vertex 37.7685 32.603 20
      vertex 37.807 32.2122 20
    endloop
  endfacet
  facet normal 0 0 1
    outer loop
      vertex 47.6012 36.5257 20
      vertex 37.7045 32.9903 20
      vertex 37.7685 32.603 20
    endloop
  endfacet
  facet normal 0 0 1
    outer loop
      vertex 47.6012 36.5257 20
      vertex 37.6154 33.3727 20
      vertex 37.7045 32.9903 20
    endloop
  endfacet
  facet normal 0 0 1
    outer loop
      vertex 45.1104 39.5607 20
      vertex 37.5014 33.7484 20
      vertex 37.6154 33.3727 20
    endloop
  endfacet
  facet normal 0 0 1
    outer loop
      vertex 45.1104 39.5607 20
      vertex 37.3631 34.1159 20
      vertex 37.5014 33.7484 20
    endloop
  endfacet
  facet normal 0 0 1
    outer loop
      vertex 45.1104 39.5607 20
      vertex 37.201 34.4735 20
      vertex 37.3631 34.1159 20
    endloop
  endfacet
  facet normal 0 0 1
    outer loop
      vertex 45.1104 39.5607 20
      vertex 37.016 34.8198 20
      vertex 37.201 34.4735 20
    endloop
  endfacet
  facet normal 0 0 1
    outer loop
      vertex 45.1104 39.5607 20
      vertex 36.8086 35.1532 20
      vertex 37.016 34.8198 20
    endloop
  endfacet
  facet normal 0 0 1
    outer loop
      vertex 42.4264 42.4264 20
      vertex 36.5799 35.4724 20
      vertex 36.8086 35.1532 20
    endloop
  endfacet
  facet normal 0 0 1
    outer loop
      vertex 33.3727 37.6154 20
      vertex 39.5607 45.1104 20
      vertex 36.5257 47.6012 20
    endloop
  endfacet
  facet normal 0 0 1
    outer loop
      vertex 42.4264 42.4264 20
      vertex 36.3308 35.7759 20
      vertex 36.5799 35.4724 20
    endloop
  endfacet
  facet normal 0 0 1
    outer loop
      vertex 42.4264 42.4264 20
      vertex 36.0624 36.0624 20
      vertex 36.3308 35.7759 20
    endloop
  endfacet
  facet normal 0 0 1
    outer loop
      vertex 42.4264 42.4264 20
      vertex 35.7759 36.3308 20
      vertex 36.0624 36.0624 20
    endloop
  endfacet
  facet normal 0 0 1
    outer loop
      vertex 42.4264 42.4264 20
      vertex 35.4724 36.5799 20
      vertex 35.7759 36.3308 20
    endloop
  endfacet
  facet normal 0 0 1
    outer loop
      vertex 42.4264 42.4264 20
      vertex 35.1532 36.8086 20
      vertex 35.4724 36.5799 20
    endloop
  endfacet
  facet normal 0 0 1
    outer loop
      vertex 39.5607 45.1104 20
      vertex 34.8198 37.016 20
      vertex 35.1532 36.8086 20
    endloop
  endfacet
  facet normal 0 0 1
    outer loop
      vertex 39.5607 45.1104 20
      vertex 34.4735 37.201 20
      vertex 34.8198 37.016 20
    endloop
  endfacet
  facet normal 0 0 1
    outer loop
      vertex 39.5607 45.1104 20
      vertex 34.1159 37.3631 20
      vertex 34.4735 37.201 20
    endloop
  endfacet
  facet normal 0 0 1
    outer loop
      vertex 39.5607 45.1104 20
      vertex 33.7484 37.5014 20
      vertex 34.1159 37.3631 20
    endloop
  endfacet
  facet normal 0 0 1
    outer loop
      vertex 39.5607 45.1104 20
      vertex 33.3727 37.6154 20
      vertex 33.7484 37.5014 20
    endloop
  endfacet
  facet normal 0 0 1
    outer loop
      vertex 31.8198 37.8198 20
      vertex 36.5257 47.6012 20
      vertex 33.3342 49.8882 20
    endloop
  endfacet
  facet normal 0 0 1
    outer loop
      vertex 36.5257 47.6012 20
      vertex 32.9903 37.7045 20
      vertex 33.3727 37.6154 20
    endloop
  endfacet
  facet normal 0 0 1
    outer loop
      vertex 36.5257 47.6012 20
      vertex 32.603 37.7685 20
      vertex 32.9903 37.7045 20
    endloop
  endfacet
  facet normal 0 0 1
    outer loop
      vertex 36.5257 47.6012 20
      vertex 32.2122 37.807 20
      vertex 32.603 37.7685 20
    endloop
  endfacet
  facet normal 0 0 1
    outer loop
      vertex 36.5257 47.6012 20
      vertex 31.8198 37.8198 20
      vertex 32.2122 37.807 20
    endloop
  endfacet
  facet normal 0 0 1
    outer loop
      vertex 33.3342 49.8882 20
      vertex 31.4274 37.807 20
      vertex 31.8198 37.8198 20
    endloop
  endfacet
  facet normal 0 0 1
    outer loop
      vertex 33.3342 49.8882 20
      vertex 31.0366 37.7685 20
      vertex 31.4274 37.807 20
    endloop
  endfacet
  facet normal 0 0 1
    outer loop
      vertex 33.3342 49.8882 20
      vertex 30.6493 37.7045 20
      vertex 31.0366 37.7685 20
    endloop
  endfacet
  facet normal 0 0 1
    outer loop
      vertex 33.3342 49.8882 20
      vertex 30.2669 37.6154 20
      vertex 30.6493 37.7045 20
    endloop
  endfacet
  facet normal 0 0 1
    outer loop
      vertex 30 51.9615 20
      vertex 30.2669 37.6154 20
      vertex 33.3342 49.8882 20
    endloop
  endfacet
  facet normal 0 0 1
    outer loop
      vertex 30 51.9615 20
      vertex 29.8912 37.5014 20
      vertex 30.2669 37.6154 20
    endloop
  endfacet
  facet normal 0 0 1
    outer loop
      vertex 30 51.9615 20
      vertex 29.5237 37.3631 20
      vertex 29.8912 37.5014 20
    endloop
  endfacet
  facet normal 0 0 1
    outer loop
      vertex 30 51.9615 20
      vertex 29.1661 37.201 20
      vertex 29.5237 37.3631 20
    endloop
  endfacet
  facet normal 0 0 1
    outer loop
      vertex 30 51.9615 20
      vertex 28.8198 37.016 20
      vertex 29.1661 37.201 20
    endloop
  endfacet
  facet normal 0 0 1
    outer loop
      vertex 26.5373 53.8124 20
      vertex 28.8198 37.016 20
      vertex 30 51.9615 20
    endloop
  endfacet
  facet normal 0 0 1
    outer loop
      vertex 28.8198 37.016 20
      vertex 26.5373 53.8124 20
      vertex 28.4864 36.8086 20
    endloop
  endfacet
  facet normal 0 0 1
    outer loop
      vertex 28.4864 36.8086 20
      vertex 26.5373 53.8124 20
      vertex 28.1672 36.5799 20
    endloop
  endfacet
  facet normal 0 0 1
    outer loop
      vertex 28.1672 36.5799 20
      vertex 26.5373 53.8124 20
      vertex 27.8637 36.3308 20
    endloop
  endfacet
  facet normal 0 0 1
    outer loop
      vertex 22.961 55.4328 20
      vertex 27.8637 36.3308 20
      vertex 26.5373 53.8124 20
    endloop
  endfacet
  facet normal 0 0 1
    outer loop
      vertex 27.8637 36.3308 20
      vertex 22.961 55.4328 20
      vertex 27.5772 36.0624 20
    endloop
  endfacet
  facet normal 0 0 1
    outer loop
      vertex 27.5772 36.0624 20
      vertex 22.961 55.4328 20
      vertex 27.3088 35.7759 20
    endloop
  endfacet
  facet normal 0 0 1
    outer loop
      vertex 27.3088 35.7759 20
      vertex 22.961 55.4328 20
      vertex 27.0597 35.4724 20
    endloop
  endfacet
  facet normal 0 0 1
    outer loop
      vertex 19.2864 56.8158 20
      vertex 27.0597 35.4724 20
      vertex 22.961 55.4328 20
    endloop
  endfacet
  facet normal 0 0 1
    outer loop
      vertex 27.0597 35.4724 20
      vertex 19.2864 56.8158 20
      vertex 26.831 35.1532 20
    endloop
  endfacet
  facet normal 0 0 1
    outer loop
      vertex 9.96462 29.3548 20
      vertex 26.831 35.1532 20
      vertex 19.2864 56.8158 20
    endloop
  endfacet
  facet normal 0 0 1
    outer loop
      vertex 26.831 35.1532 20
      vertex 9.96462 29.3548 20
      vertex 26.6237 34.8198 20
    endloop
  endfacet
  facet normal 0 -0 1
    outer loop
      vertex 11.8632 28.6403 20
      vertex 26.6237 34.8198 20
      vertex 9.96462 29.3548 20
    endloop
  endfacet
  facet normal 0 0 1
    outer loop
      vertex 26.6237 34.8198 20
      vertex 11.8632 28.6403 20
      vertex 26.4386 34.4735 20
    endloop
  endfacet
  facet normal 0 0 1
    outer loop
      vertex 26.4386 34.4735 20
      vertex 11.8632 28.6403 20
      vertex 26.2765 34.1159 20
    endloop
  endfacet
  facet normal 0 0 1
    outer loop
      vertex 26.2765 34.1159 20
      vertex 11.8632 28.6403 20
      vertex 26.1382 33.7484 20
    endloop
  endfacet
  facet normal 0 -0 1
    outer loop
      vertex 13.7109 27.8031 20
      vertex 26.1382 33.7484 20
      vertex 11.8632 28.6403 20
    endloop
  endfacet
  facet normal 0 0 1
    outer loop
      vertex 30.2669 26.0243 20
      vertex 24.594 18.8716 20
      vertex 25.7756 17.2227 20
    endloop
  endfacet
  facet normal 0 0 1
    outer loop
      vertex 26.1382 33.7484 20
      vertex 13.7109 27.8031 20
      vertex 26.0243 33.3727 20
    endloop
  endfacet
  facet normal 0 0 1
    outer loop
      vertex 29.1661 26.4386 20
      vertex 23.307 20.4397 20
      vertex 24.594 18.8716 20
    endloop
  endfacet
  facet normal 0 -0 1
    outer loop
      vertex 15.5 26.8468 20
      vertex 25.8711 32.603 20
      vertex 13.7109 27.8031 20
    endloop
  endfacet
  facet normal 0 0 1
    outer loop
      vertex 28.1672 27.0597 20
      vertex 21.9203 21.9203 20
      vertex 23.307 20.4397 20
    endloop
  endfacet
  facet normal 0 0 1
    outer loop
      vertex 27.0597 28.1672 20
      vertex 20.4397 23.307 20
      vertex 21.9203 21.9203 20
    endloop
  endfacet
  facet normal 0 0 1
    outer loop
      vertex 26.0243 33.3727 20
      vertex 13.7109 27.8031 20
      vertex 25.9351 32.9903 20
    endloop
  endfacet
  facet normal 0 0 1
    outer loop
      vertex 26.4386 29.1661 20
      vertex 18.8716 24.594 20
      vertex 20.4397 23.307 20
    endloop
  endfacet
  facet normal 0 0 1
    outer loop
      vertex 25.9351 30.6493 20
      vertex 17.2227 25.7756 20
      vertex 18.8716 24.594 20
    endloop
  endfacet
  facet normal 0 0 1
    outer loop
      vertex 9.96462 29.3548 20
      vertex 19.2864 56.8158 20
      vertex 15.5291 57.9556 20
    endloop
  endfacet
  facet normal 0 0 1
    outer loop
      vertex 25.8198 31.8198 20
      vertex 15.5 26.8468 20
      vertex 17.2227 25.7756 20
    endloop
  endfacet
  facet normal 0 0 1
    outer loop
      vertex 25.8327 32.2122 20
      vertex 15.5 26.8468 20
      vertex 25.8198 31.8198 20
    endloop
  endfacet
  facet normal 0 0 1
    outer loop
      vertex 25.8711 32.603 20
      vertex 15.5 26.8468 20
      vertex 25.8327 32.2122 20
    endloop
  endfacet
  facet normal 0 0 1
    outer loop
      vertex 8.02339 29.9437 20
      vertex 15.5291 57.9556 20
      vertex 11.7054 58.8471 20
    endloop
  endfacet
  facet normal 0 0 1
    outer loop
      vertex 25.9351 32.9903 20
      vertex 13.7109 27.8031 20
      vertex 25.8711 32.603 20
    endloop
  endfacet
  facet normal 0 0 1
    outer loop
      vertex 15.5291 57.9556 20
      vertex 8.02339 29.9437 20
      vertex 9.96462 29.3548 20
    endloop
  endfacet
  facet normal 0 0 1
    outer loop
      vertex 6.0478 30.4043 20
      vertex 11.7054 58.8471 20
      vertex 7.83157 59.4867 20
    endloop
  endfacet
  facet normal 0 0 1
    outer loop
      vertex 11.7054 58.8471 20
      vertex 6.0478 30.4043 20
      vertex 8.02339 29.9437 20
    endloop
  endfacet
  facet normal 0 0 1
    outer loop
      vertex 7.83157 59.4867 20
      vertex 4.04631 30.7348 20
      vertex 6.0478 30.4043 20
    endloop
  endfacet
  facet normal 0 0 1
    outer loop
      vertex 3.92419 59.8715 20
      vertex 4.04631 30.7348 20
      vertex 7.83157 59.4867 20
    endloop
  endfacet
  facet normal 0 0 1
    outer loop
      vertex 3.92419 59.8715 20
      vertex 2.0275 30.9336 20
      vertex 4.04631 30.7348 20
    endloop
  endfacet
  facet normal 0 0 1
    outer loop
      vertex 0 60 20
      vertex 2.0275 30.9336 20
      vertex 3.92419 59.8715 20
    endloop
  endfacet
  facet normal 0 0 1
    outer loop
      vertex 0 60 20
      vertex 0 31 20
      vertex 2.0275 30.9336 20
    endloop
  endfacet
  facet normal 0 0 1
    outer loop
      vertex 0 60 20
      vertex -2.0275 30.9336 20
      vertex 0 31 20
    endloop
  endfacet
  facet normal -0 0 1
    outer loop
      vertex -3.92419 59.8715 20
      vertex -2.0275 30.9336 20
      vertex 0 60 20
    endloop
  endfacet
  facet normal 0 0 1
    outer loop
      vertex -3.92419 59.8715 20
      vertex -4.04631 30.7348 20
      vertex -2.0275 30.9336 20
    endloop
  endfacet
  facet normal -0 0 1
    outer loop
      vertex -7.83157 59.4867 20
      vertex -4.04631 30.7348 20
      vertex -3.92419 59.8715 20
    endloop
  endfacet
  facet normal 0 0 1
    outer loop
      vertex -4.04631 30.7348 20
      vertex -7.83157 59.4867 20
      vertex -6.0478 30.4043 20
    endloop
  endfacet
  facet normal -0 0 1
    outer loop
      vertex -11.7054 58.8471 20
      vertex -6.0478 30.4043 20
      vertex -7.83157 59.4867 20
    endloop
  endfacet
  facet normal 0 0 1
    outer loop
      vertex -6.0478 30.4043 20
      vertex -11.7054 58.8471 20
      vertex -8.02339 29.9437 20
    endloop
  endfacet
  facet normal -0 0 1
    outer loop
      vertex -15.5291 57.9556 20
      vertex -8.02339 29.9437 20
      vertex -11.7054 58.8471 20
    endloop
  endfacet
  facet normal 0 0 1
    outer loop
      vertex -8.02339 29.9437 20
      vertex -15.5291 57.9556 20
      vertex -9.96462 29.3548 20
    endloop
  endfacet
  facet normal -0 0 1
    outer loop
      vertex -19.2864 56.8158 20
      vertex -9.96462 29.3548 20
      vertex -15.5291 57.9556 20
    endloop
  endfacet
  facet normal -0 0 1
    outer loop
      vertex -26.831 35.1532 20
      vertex -9.96462 29.3548 20
      vertex -19.2864 56.8158 20
    endloop
  endfacet
  facet normal -0 -0 1
    outer loop
      vertex -26.6237 34.8198 20
      vertex -9.96462 29.3548 20
      vertex -26.831 35.1532 20
    endloop
  endfacet
  facet normal -0 -0 1
    outer loop
      vertex -26.2765 34.1159 20
      vertex -11.8632 28.6403 20
      vertex -26.4386 34.4735 20
    endloop
  endfacet
  facet normal 0 0 1
    outer loop
      vertex -11.8632 28.6403 20
      vertex -26.1382 33.7484 20
      vertex -13.7109 27.8031 20
    endloop
  endfacet
  facet normal -0 -0 1
    outer loop
      vertex -26.4386 34.4735 20
      vertex -11.8632 28.6403 20
      vertex -26.6237 34.8198 20
    endloop
  endfacet
  facet normal 0 0 1
    outer loop
      vertex -13.7109 27.8031 20
      vertex -25.9351 32.9903 20
      vertex -15.5 26.8468 20
    endloop
  endfacet
  facet normal -0 -0 1
    outer loop
      vertex -25.8327 32.2122 20
      vertex -15.5 26.8468 20
      vertex -25.8711 32.603 20
    endloop
  endfacet
  facet normal 0 0 1
    outer loop
      vertex -27.0597 35.4724 20
      vertex -19.2864 56.8158 20
      vertex -22.961 55.4328 20
    endloop
  endfacet
  facet normal 0 0 1
    outer loop
      vertex -15.5 26.8468 20
      vertex -25.8198 31.8198 20
      vertex -17.2227 25.7756 20
    endloop
  endfacet
  facet normal -0 0 1
    outer loop
      vertex -25.9351 30.6493 20
      vertex -17.2227 25.7756 20
      vertex -25.8711 31.0366 20
    endloop
  endfacet
  facet normal -0 0 1
    outer loop
      vertex -26.0243 30.2669 20
      vertex -18.8716 24.594 20
      vertex -25.9351 30.6493 20
    endloop
  endfacet
  facet normal -0 0 1
    outer loop
      vertex -26.1382 29.8912 20
      vertex -18.8716 24.594 20
      vertex -26.0243 30.2669 20
    endloop
  endfacet
  facet normal 0 0 1
    outer loop
      vertex -17.2227 25.7756 20
      vertex -25.9351 30.6493 20
      vertex -18.8716 24.594 20
    endloop
  endfacet
  facet normal -0 0 1
    outer loop
      vertex -25.8711 31.0366 20
      vertex -17.2227 25.7756 20
      vertex -25.8327 31.4274 20
    endloop
  endfacet
  facet normal -0 0 1
    outer loop
      vertex -25.8327 31.4274 20
      vertex -17.2227 25.7756 20
      vertex -25.8198 31.8198 20
    endloop
  endfacet
  facet normal -0 -0 1
    outer loop
      vertex -25.8198 31.8198 20
      vertex -15.5 26.8468 20
      vertex -25.8327 32.2122 20
    endloop
  endfacet
  facet normal -0 -0 1
    outer loop
      vertex -25.8711 32.603 20
      vertex -15.5 26.8468 20
      vertex -25.9351 32.9903 20
    endloop
  endfacet
  facet normal -0 -0 1
    outer loop
      vertex -25.9351 32.9903 20
      vertex -13.7109 27.8031 20
      vertex -26.0243 33.3727 20
    endloop
  endfacet
  facet normal -0 -0 1
    outer loop
      vertex -26.0243 33.3727 20
      vertex -13.7109 27.8031 20
      vertex -26.1382 33.7484 20
    endloop
  endfacet
  facet normal 0 0 1
    outer loop
      vertex -27.8637 36.3308 20
      vertex -22.961 55.4328 20
      vertex -26.5373 53.8124 20
    endloop
  endfacet
  facet normal -0 -0 1
    outer loop
      vertex -26.1382 33.7484 20
      vertex -11.8632 28.6403 20
      vertex -26.2765 34.1159 20
    endloop
  endfacet
  facet normal 0 0 1
    outer loop
      vertex -9.96462 29.3548 20
      vertex -26.6237 34.8198 20
      vertex -11.8632 28.6403 20
    endloop
  endfacet
  facet normal 0 0 1
    outer loop
      vertex -19.2864 56.8158 20
      vertex -27.0597 35.4724 20
      vertex -26.831 35.1532 20
    endloop
  endfacet
  facet normal 0 0 1
    outer loop
      vertex -22.961 55.4328 20
      vertex -27.3088 35.7759 20
      vertex -27.0597 35.4724 20
    endloop
  endfacet
  facet normal 0 0 1
    outer loop
      vertex -22.961 55.4328 20
      vertex -27.5772 36.0624 20
      vertex -27.3088 35.7759 20
    endloop
  endfacet
  facet normal 0 0 1
    outer loop
      vertex -22.961 55.4328 20
      vertex -27.8637 36.3308 20
      vertex -27.5772 36.0624 20
    endloop
  endfacet
  facet normal 0 0 1
    outer loop
      vertex -26.5373 53.8124 20
      vertex -28.1672 36.5799 20
      vertex -27.8637 36.3308 20
    endloop
  endfacet
  facet normal 0 0 1
    outer loop
      vertex -26.5373 53.8124 20
      vertex -28.4864 36.8086 20
      vertex -28.1672 36.5799 20
    endloop
  endfacet
  facet normal 0 0 1
    outer loop
      vertex -26.5373 53.8124 20
      vertex -28.8198 37.016 20
      vertex -28.4864 36.8086 20
    endloop
  endfacet
  facet normal -0 0 1
    outer loop
      vertex -30 51.9615 20
      vertex -28.8198 37.016 20
      vertex -26.5373 53.8124 20
    endloop
  endfacet
  facet normal 0 0 1
    outer loop
      vertex -28.8198 37.016 20
      vertex -30 51.9615 20
      vertex -29.1661 37.201 20
    endloop
  endfacet
  facet normal 0 0 1
    outer loop
      vertex -29.1661 37.201 20
      vertex -30 51.9615 20
      vertex -29.5237 37.3631 20
    endloop
  endfacet
  facet normal 0 0 1
    outer loop
      vertex -29.5237 37.3631 20
      vertex -30 51.9615 20
      vertex -29.8912 37.5014 20
    endloop
  endfacet
  facet normal 0 0 1
    outer loop
      vertex -30 51.9615 20
      vertex -30.2669 37.6154 20
      vertex -29.8912 37.5014 20
    endloop
  endfacet
  facet normal -0 0 1
    outer loop
      vertex -33.3342 49.8882 20
      vertex -30.2669 37.6154 20
      vertex -30 51.9615 20
    endloop
  endfacet
  facet normal 0 0 1
    outer loop
      vertex -30.2669 37.6154 20
      vertex -33.3342 49.8882 20
      vertex -30.6493 37.7045 20
    endloop
  endfacet
  facet normal 0 0 1
    outer loop
      vertex -30.6493 37.7045 20
      vertex -33.3342 49.8882 20
      vertex -31.0366 37.7685 20
    endloop
  endfacet
  facet normal 0 0 1
    outer loop
      vertex -31.0366 37.7685 20
      vertex -33.3342 49.8882 20
      vertex -31.4274 37.807 20
    endloop
  endfacet
  facet normal 0 0 1
    outer loop
      vertex -31.4274 37.807 20
      vertex -33.3342 49.8882 20
      vertex -31.8198 37.8198 20
    endloop
  endfacet
  facet normal -0 0 1
    outer loop
      vertex -36.5257 47.6012 20
      vertex -31.8198 37.8198 20
      vertex -33.3342 49.8882 20
    endloop
  endfacet
  facet normal 0 0 1
    outer loop
      vertex -31.8198 37.8198 20
      vertex -36.5257 47.6012 20
      vertex -32.2122 37.807 20
    endloop
  endfacet
  facet normal 0 0 1
    outer loop
      vertex -32.2122 37.807 20
      vertex -36.5257 47.6012 20
      vertex -32.603 37.7685 20
    endloop
  endfacet
  facet normal 0 0 1
    outer loop
      vertex -32.603 37.7685 20
      vertex -36.5257 47.6012 20
      vertex -32.9903 37.7045 20
    endloop
  endfacet
  facet normal 0 0 1
    outer loop
      vertex -32.9903 37.7045 20
      vertex -36.5257 47.6012 20
      vertex -33.3727 37.6154 20
    endloop
  endfacet
  facet normal -0 0 1
    outer loop
      vertex -39.5607 45.1104 20
      vertex -33.3727 37.6154 20
      vertex -36.5257 47.6012 20
    endloop
  endfacet
  facet normal 0 0 1
    outer loop
      vertex -33.3727 37.6154 20
      vertex -39.5607 45.1104 20
      vertex -33.7484 37.5014 20
    endloop
  endfacet
  facet normal 0 0 1
    outer loop
      vertex -33.7484 37.5014 20
      vertex -39.5607 45.1104 20
      vertex -34.1159 37.3631 20
    endloop
  endfacet
  facet normal 0 0 1
    outer loop
      vertex -34.1159 37.3631 20
      vertex -39.5607 45.1104 20
      vertex -34.4735 37.201 20
    endloop
  endfacet
  facet normal 0 0 1
    outer loop
      vertex -34.4735 37.201 20
      vertex -39.5607 45.1104 20
      vertex -34.8198 37.016 20
    endloop
  endfacet
  facet normal 0 0 1
    outer loop
      vertex -34.8198 37.016 20
      vertex -39.5607 45.1104 20
      vertex -35.1532 36.8086 20
    endloop
  endfacet
  facet normal -0 0 1
    outer loop
      vertex -42.4264 42.4264 20
      vertex -35.1532 36.8086 20
      vertex -39.5607 45.1104 20
    endloop
  endfacet
  facet normal 0 0 1
    outer loop
      vertex -35.1532 36.8086 20
      vertex -42.4264 42.4264 20
      vertex -35.4724 36.5799 20
    endloop
  endfacet
  facet normal 0 0 1
    outer loop
      vertex -35.4724 36.5799 20
      vertex -42.4264 42.4264 20
      vertex -35.7759 36.3308 20
    endloop
  endfacet
  facet normal 0 0 1
    outer loop
      vertex -35.7759 36.3308 20
      vertex -42.4264 42.4264 20
      vertex -36.0624 36.0624 20
    endloop
  endfacet
  facet normal 0 0 1
    outer loop
      vertex -36.0624 36.0624 20
      vertex -42.4264 42.4264 20
      vertex -36.3308 35.7759 20
    endloop
  endfacet
  facet normal 0 0 1
    outer loop
      vertex -36.3308 35.7759 20
      vertex -42.4264 42.4264 20
      vertex -36.5799 35.4724 20
    endloop
  endfacet
  facet normal 0 0 1
    outer loop
      vertex -36.5799 35.4724 20
      vertex -42.4264 42.4264 20
      vertex -36.8086 35.1532 20
    endloop
  endfacet
  facet normal -0 0 1
    outer loop
      vertex -45.1104 39.5607 20
      vertex -36.8086 35.1532 20
      vertex -42.4264 42.4264 20
    endloop
  endfacet
  facet normal 0 0 1
    outer loop
      vertex -36.8086 35.1532 20
      vertex -45.1104 39.5607 20
      vertex -37.016 34.8198 20
    endloop
  endfacet
  facet normal 0 0 1
    outer loop
      vertex -37.016 34.8198 20
      vertex -45.1104 39.5607 20
      vertex -37.201 34.4735 20
    endloop
  endfacet
  facet normal 0 0 1
    outer loop
      vertex -37.201 34.4735 20
      vertex -45.1104 39.5607 20
      vertex -37.3631 34.1159 20
    endloop
  endfacet
  facet normal 0 0 1
    outer loop
      vertex -37.3631 34.1159 20
      vertex -45.1104 39.5607 20
      vertex -37.5014 33.7484 20
    endloop
  endfacet
  facet normal 0 0 1
    outer loop
      vertex -37.5014 33.7484 20
      vertex -45.1104 39.5607 20
      vertex -37.6154 33.3727 20
    endloop
  endfacet
  facet normal 0 0 1
    outer loop
      vertex -37.7045 32.9903 20
      vertex -47.6012 36.5257 20
      vertex -37.7685 32.603 20
    endloop
  endfacet
  facet normal 0 0 1
    outer loop
      vertex -37.6154 33.3727 20
      vertex -47.6012 36.5257 20
      vertex -37.7045 32.9903 20
    endloop
  endfacet
  facet normal -0 0 1
    outer loop
      vertex -47.6012 36.5257 20
      vertex -37.6154 33.3727 20
      vertex -45.1104 39.5607 20
    endloop
  endfacet
  facet normal -0 0 1
    outer loop
      vertex 37.7045 -32.9903 20
      vertex 47.6012 -36.5257 20
      vertex 37.7685 -32.603 20
    endloop
  endfacet
  facet normal -0 0 1
    outer loop
      vertex 37.6154 -33.3727 20
      vertex 47.6012 -36.5257 20
      vertex 37.7045 -32.9903 20
    endloop
  endfacet
  facet normal 0 0 1
    outer loop
      vertex 47.6012 -36.5257 20
      vertex 37.6154 -33.3727 20
      vertex 45.1104 -39.5607 20
    endloop
  endfacet
  facet normal -0 0 1
    outer loop
      vertex 37.5014 -33.7484 20
      vertex 45.1104 -39.5607 20
      vertex 37.6154 -33.3727 20
    endloop
  endfacet
  facet normal -0 0 1
    outer loop
      vertex 37.3631 -34.1159 20
      vertex 45.1104 -39.5607 20
      vertex 37.5014 -33.7484 20
    endloop
  endfacet
  facet normal -0 0 1
    outer loop
      vertex 37.201 -34.4735 20
      vertex 45.1104 -39.5607 20
      vertex 37.3631 -34.1159 20
    endloop
  endfacet
  facet normal -0 0 1
    outer loop
      vertex 37.016 -34.8198 20
      vertex 45.1104 -39.5607 20
      vertex 37.201 -34.4735 20
    endloop
  endfacet
  facet normal -0 0 1
    outer loop
      vertex 36.8086 -35.1532 20
      vertex 45.1104 -39.5607 20
      vertex 37.016 -34.8198 20
    endloop
  endfacet
  facet normal 0 0 1
    outer loop
      vertex 45.1104 -39.5607 20
      vertex 36.8086 -35.1532 20
      vertex 42.4264 -42.4264 20
    endloop
  endfacet
  facet normal -0 0 1
    outer loop
      vertex 36.5799 -35.4724 20
      vertex 42.4264 -42.4264 20
      vertex 36.8086 -35.1532 20
    endloop
  endfacet
  facet normal -0 0 1
    outer loop
      vertex 36.3308 -35.7759 20
      vertex 42.4264 -42.4264 20
      vertex 36.5799 -35.4724 20
    endloop
  endfacet
  facet normal -0 0 1
    outer loop
      vertex 36.0624 -36.0624 20
      vertex 42.4264 -42.4264 20
      vertex 36.3308 -35.7759 20
    endloop
  endfacet
  facet normal -0 0 1
    outer loop
      vertex 35.7759 -36.3308 20
      vertex 42.4264 -42.4264 20
      vertex 36.0624 -36.0624 20
    endloop
  endfacet
  facet normal -0 0 1
    outer loop
      vertex 35.4724 -36.5799 20
      vertex 42.4264 -42.4264 20
      vertex 35.7759 -36.3308 20
    endloop
  endfacet
  facet normal -0 0 1
    outer loop
      vertex 35.1532 -36.8086 20
      vertex 42.4264 -42.4264 20
      vertex 35.4724 -36.5799 20
    endloop
  endfacet
  facet normal 0 0 1
    outer loop
      vertex 42.4264 -42.4264 20
      vertex 35.1532 -36.8086 20
      vertex 39.5607 -45.1104 20
    endloop
  endfacet
  facet normal -0 0 1
    outer loop
      vertex 34.8198 -37.016 20
      vertex 39.5607 -45.1104 20
      vertex 35.1532 -36.8086 20
    endloop
  endfacet
  facet normal -0 0 1
    outer loop
      vertex 34.4735 -37.201 20
      vertex 39.5607 -45.1104 20
      vertex 34.8198 -37.016 20
    endloop
  endfacet
  facet normal -0 0 1
    outer loop
      vertex 34.1159 -37.3631 20
      vertex 39.5607 -45.1104 20
      vertex 34.4735 -37.201 20
    endloop
  endfacet
  facet normal -0 0 1
    outer loop
      vertex 33.7484 -37.5014 20
      vertex 39.5607 -45.1104 20
      vertex 34.1159 -37.3631 20
    endloop
  endfacet
  facet normal -0 0 1
    outer loop
      vertex 33.3727 -37.6154 20
      vertex 39.5607 -45.1104 20
      vertex 33.7484 -37.5014 20
    endloop
  endfacet
  facet normal 0 0 1
    outer loop
      vertex 39.5607 -45.1104 20
      vertex 33.3727 -37.6154 20
      vertex 36.5257 -47.6012 20
    endloop
  endfacet
  facet normal -0 0 1
    outer loop
      vertex 32.9903 -37.7045 20
      vertex 36.5257 -47.6012 20
      vertex 33.3727 -37.6154 20
    endloop
  endfacet
  facet normal -0 0 1
    outer loop
      vertex 32.603 -37.7685 20
      vertex 36.5257 -47.6012 20
      vertex 32.9903 -37.7045 20
    endloop
  endfacet
  facet normal -0 0 1
    outer loop
      vertex 32.2122 -37.807 20
      vertex 36.5257 -47.6012 20
      vertex 32.603 -37.7685 20
    endloop
  endfacet
  facet normal -0 0 1
    outer loop
      vertex 31.8198 -37.8198 20
      vertex 36.5257 -47.6012 20
      vertex 32.2122 -37.807 20
    endloop
  endfacet
  facet normal 0 0 1
    outer loop
      vertex 36.5257 -47.6012 20
      vertex 31.8198 -37.8198 20
      vertex 33.3342 -49.8882 20
    endloop
  endfacet
  facet normal 0 0 1
    outer loop
      vertex 31.4274 -37.807 20
      vertex 33.3342 -49.8882 20
      vertex 31.8198 -37.8198 20
    endloop
  endfacet
  facet normal 0 0 1
    outer loop
      vertex 31.0366 -37.7685 20
      vertex 33.3342 -49.8882 20
      vertex 31.4274 -37.807 20
    endloop
  endfacet
  facet normal 0 0 1
    outer loop
      vertex 30.6493 -37.7045 20
      vertex 33.3342 -49.8882 20
      vertex 31.0366 -37.7685 20
    endloop
  endfacet
  facet normal 0 0 1
    outer loop
      vertex 30.2669 -37.6154 20
      vertex 33.3342 -49.8882 20
      vertex 30.6493 -37.7045 20
    endloop
  endfacet
  facet normal 0 0 1
    outer loop
      vertex 30.2669 -37.6154 20
      vertex 30 -51.9615 20
      vertex 33.3342 -49.8882 20
    endloop
  endfacet
  facet normal 0 0 1
    outer loop
      vertex 29.8912 -37.5014 20
      vertex 30 -51.9615 20
      vertex 30.2669 -37.6154 20
    endloop
  endfacet
  facet normal 0 0 1
    outer loop
      vertex 29.5237 -37.3631 20
      vertex 30 -51.9615 20
      vertex 29.8912 -37.5014 20
    endloop
  endfacet
  facet normal 0 0 1
    outer loop
      vertex 29.1661 -37.201 20
      vertex 30 -51.9615 20
      vertex 29.5237 -37.3631 20
    endloop
  endfacet
  facet normal 0 0 1
    outer loop
      vertex 28.8198 -37.016 20
      vertex 30 -51.9615 20
      vertex 29.1661 -37.201 20
    endloop
  endfacet
  facet normal 0 0 1
    outer loop
      vertex 26.5373 -53.8124 20
      vertex 28.8198 -37.016 20
      vertex 28.4864 -36.8086 20
    endloop
  endfacet
  facet normal 0 0 1
    outer loop
      vertex 26.5373 -53.8124 20
      vertex 28.4864 -36.8086 20
      vertex 28.1672 -36.5799 20
    endloop
  endfacet
  facet normal 0 0 1
    outer loop
      vertex 26.5373 -53.8124 20
      vertex 28.1672 -36.5799 20
      vertex 27.8637 -36.3308 20
    endloop
  endfacet
  facet normal 0 0 1
    outer loop
      vertex 22.961 -55.4328 20
      vertex 27.8637 -36.3308 20
      vertex 27.5772 -36.0624 20
    endloop
  endfacet
  facet normal 0 0 1
    outer loop
      vertex 22.961 -55.4328 20
      vertex 27.5772 -36.0624 20
      vertex 27.3088 -35.7759 20
    endloop
  endfacet
  facet normal 0 0 1
    outer loop
      vertex 22.961 -55.4328 20
      vertex 27.3088 -35.7759 20
      vertex 27.0597 -35.4724 20
    endloop
  endfacet
  facet normal 0 0 1
    outer loop
      vertex 19.2864 -56.8158 20
      vertex 27.0597 -35.4724 20
      vertex 26.831 -35.1532 20
    endloop
  endfacet
  facet normal 0 0 1
    outer loop
      vertex 9.96462 -29.3548 20
      vertex 26.831 -35.1532 20
      vertex 26.6237 -34.8198 20
    endloop
  endfacet
  facet normal 0 0 1
    outer loop
      vertex 28.8198 -37.016 20
      vertex 26.5373 -53.8124 20
      vertex 30 -51.9615 20
    endloop
  endfacet
  facet normal 0 0 1
    outer loop
      vertex 11.8632 -28.6403 20
      vertex 26.6237 -34.8198 20
      vertex 26.4386 -34.4735 20
    endloop
  endfacet
  facet normal 0 0 1
    outer loop
      vertex 11.8632 -28.6403 20
      vertex 26.4386 -34.4735 20
      vertex 26.2765 -34.1159 20
    endloop
  endfacet
  facet normal 0 0 1
    outer loop
      vertex 11.8632 -28.6403 20
      vertex 26.2765 -34.1159 20
      vertex 26.1382 -33.7484 20
    endloop
  endfacet
  facet normal 0 0 1
    outer loop
      vertex 13.7109 -27.8031 20
      vertex 26.1382 -33.7484 20
      vertex 26.0243 -33.3727 20
    endloop
  endfacet
  facet normal 0 0 1
    outer loop
      vertex 13.7109 -27.8031 20
      vertex 26.0243 -33.3727 20
      vertex 25.9351 -32.9903 20
    endloop
  endfacet
  facet normal 0 0 1
    outer loop
      vertex 13.7109 -27.8031 20
      vertex 25.9351 -32.9903 20
      vertex 25.8711 -32.603 20
    endloop
  endfacet
  facet normal 0 0 1
    outer loop
      vertex 15.5 -26.8468 20
      vertex 25.8711 -32.603 20
      vertex 25.8327 -32.2122 20
    endloop
  endfacet
  facet normal 0 0 1
    outer loop
      vertex 15.5 -26.8468 20
      vertex 25.8327 -32.2122 20
      vertex 25.8198 -31.8198 20
    endloop
  endfacet
  facet normal 0 0 1
    outer loop
      vertex 26.1382 -29.8912 20
      vertex 18.8716 -24.594 20
      vertex 26.0243 -30.2669 20
    endloop
  endfacet
  facet normal 0 0 1
    outer loop
      vertex 26.0243 -30.2669 20
      vertex 18.8716 -24.594 20
      vertex 25.9351 -30.6493 20
    endloop
  endfacet
  facet normal -0 0 1
    outer loop
      vertex 17.2227 -25.7756 20
      vertex 25.9351 -30.6493 20
      vertex 18.8716 -24.594 20
    endloop
  endfacet
  facet normal 0 0 1
    outer loop
      vertex 25.9351 -30.6493 20
      vertex 17.2227 -25.7756 20
      vertex 25.8711 -31.0366 20
    endloop
  endfacet
  facet normal 0 0 1
    outer loop
      vertex 25.8711 -31.0366 20
      vertex 17.2227 -25.7756 20
      vertex 25.8327 -31.4274 20
    endloop
  endfacet
  facet normal 0 0 1
    outer loop
      vertex 25.8327 -31.4274 20
      vertex 17.2227 -25.7756 20
      vertex 25.8198 -31.8198 20
    endloop
  endfacet
  facet normal -0 0 1
    outer loop
      vertex 15.5 -26.8468 20
      vertex 25.8198 -31.8198 20
      vertex 17.2227 -25.7756 20
    endloop
  endfacet
  facet normal 0 0 1
    outer loop
      vertex 25.8711 -32.603 20
      vertex 15.5 -26.8468 20
      vertex 13.7109 -27.8031 20
    endloop
  endfacet
  facet normal 0 0 1
    outer loop
      vertex 26.1382 -33.7484 20
      vertex 13.7109 -27.8031 20
      vertex 11.8632 -28.6403 20
    endloop
  endfacet
  facet normal 0 0 1
    outer loop
      vertex 27.8637 -36.3308 20
      vertex 22.961 -55.4328 20
      vertex 26.5373 -53.8124 20
    endloop
  endfacet
  facet normal 0 0 1
    outer loop
      vertex 26.6237 -34.8198 20
      vertex 11.8632 -28.6403 20
      vertex 9.96462 -29.3548 20
    endloop
  endfacet
  facet normal 0 0 1
    outer loop
      vertex 27.0597 -35.4724 20
      vertex 19.2864 -56.8158 20
      vertex 22.961 -55.4328 20
    endloop
  endfacet
  facet normal 0 0 1
    outer loop
      vertex 26.831 -35.1532 20
      vertex 9.96462 -29.3548 20
      vertex 19.2864 -56.8158 20
    endloop
  endfacet
  facet normal 0 0 1
    outer loop
      vertex 19.2864 -56.8158 20
      vertex 9.96462 -29.3548 20
      vertex 15.5291 -57.9556 20
    endloop
  endfacet
  facet normal -0 0 1
    outer loop
      vertex 8.02339 -29.9437 20
      vertex 15.5291 -57.9556 20
      vertex 9.96462 -29.3548 20
    endloop
  endfacet
  facet normal 0 0 1
    outer loop
      vertex 15.5291 -57.9556 20
      vertex 8.02339 -29.9437 20
      vertex 11.7054 -58.8471 20
    endloop
  endfacet
  facet normal -0 0 1
    outer loop
      vertex 6.0478 -30.4043 20
      vertex 11.7054 -58.8471 20
      vertex 8.02339 -29.9437 20
    endloop
  endfacet
  facet normal 0 0 1
    outer loop
      vertex 11.7054 -58.8471 20
      vertex 6.0478 -30.4043 20
      vertex 7.83157 -59.4867 20
    endloop
  endfacet
  facet normal -0 0 1
    outer loop
      vertex 4.04631 -30.7348 20
      vertex 7.83157 -59.4867 20
      vertex 6.0478 -30.4043 20
    endloop
  endfacet
  facet normal 0 0 1
    outer loop
      vertex 4.04631 -30.7348 20
      vertex 3.92419 -59.8715 20
      vertex 7.83157 -59.4867 20
    endloop
  endfacet
  facet normal -0 0 1
    outer loop
      vertex 2.0275 -30.9336 20
      vertex 3.92419 -59.8715 20
      vertex 4.04631 -30.7348 20
    endloop
  endfacet
  facet normal -0 0 1
    outer loop
      vertex 0 -31 20
      vertex 3.92419 -59.8715 20
      vertex 2.0275 -30.9336 20
    endloop
  endfacet
  facet normal 0 0 1
    outer loop
      vertex 0 -31 20
      vertex 0 -60 20
      vertex 3.92419 -59.8715 20
    endloop
  endfacet
  facet normal 0 0 1
    outer loop
      vertex -2.0275 -30.9336 20
      vertex 0 -60 20
      vertex 0 -31 20
    endloop
  endfacet
  facet normal 0 0 1
    outer loop
      vertex -2.0275 -30.9336 20
      vertex -3.92419 -59.8715 20
      vertex 0 -60 20
    endloop
  endfacet
  facet normal 0 0 1
    outer loop
      vertex -4.04631 -30.7348 20
      vertex -3.92419 -59.8715 20
      vertex -2.0275 -30.9336 20
    endloop
  endfacet
  facet normal 0 0 1
    outer loop
      vertex -7.83157 -59.4867 20
      vertex -4.04631 -30.7348 20
      vertex -6.0478 -30.4043 20
    endloop
  endfacet
  facet normal 0 0 1
    outer loop
      vertex -4.04631 -30.7348 20
      vertex -7.83157 -59.4867 20
      vertex -3.92419 -59.8715 20
    endloop
  endfacet
  facet normal 0 0 1
    outer loop
      vertex -11.7054 -58.8471 20
      vertex -6.0478 -30.4043 20
      vertex -8.02339 -29.9437 20
    endloop
  endfacet
  facet normal 0 0 1
    outer loop
      vertex -15.5291 -57.9556 20
      vertex -8.02339 -29.9437 20
      vertex -9.96462 -29.3548 20
    endloop
  endfacet
  facet normal 0 0 1
    outer loop
      vertex -6.0478 -30.4043 20
      vertex -11.7054 -58.8471 20
      vertex -7.83157 -59.4867 20
    endloop
  endfacet
  facet normal 0 0 1
    outer loop
      vertex -26.6237 -34.8198 20
      vertex -9.96462 -29.3548 20
      vertex -11.8632 -28.6403 20
    endloop
  endfacet
  facet normal 0 0 1
    outer loop
      vertex -26.1382 -33.7484 20
      vertex -11.8632 -28.6403 20
      vertex -13.7109 -27.8031 20
    endloop
  endfacet
  facet normal 0 0 1
    outer loop
      vertex -25.9351 -32.9903 20
      vertex -13.7109 -27.8031 20
      vertex -15.5 -26.8468 20
    endloop
  endfacet
  facet normal 0 0 1
    outer loop
      vertex -8.02339 -29.9437 20
      vertex -15.5291 -57.9556 20
      vertex -11.7054 -58.8471 20
    endloop
  endfacet
  facet normal 0 0 1
    outer loop
      vertex -25.8198 -31.8198 20
      vertex -15.5 -26.8468 20
      vertex -17.2227 -25.7756 20
    endloop
  endfacet
  facet normal 0 0 1
    outer loop
      vertex -25.8327 -31.4274 20
      vertex -17.2227 -25.7756 20
      vertex -18.8716 -24.594 20
    endloop
  endfacet
  facet normal 0 0 1
    outer loop
      vertex -11.8632 -28.6403 20
      vertex -26.1382 -33.7484 20
      vertex -26.2765 -34.1159 20
    endloop
  endfacet
  facet normal 0 0 1
    outer loop
      vertex -25.8327 -31.4274 20
      vertex -18.8716 -24.594 20
      vertex -20.4397 -23.307 20
    endloop
  endfacet
  facet normal 0 0 1
    outer loop
      vertex -25.8327 -31.4274 20
      vertex -20.4397 -23.307 20
      vertex -21.9203 -21.9203 20
    endloop
  endfacet
  facet normal 0 0 1
    outer loop
      vertex -13.7109 -27.8031 20
      vertex -25.9351 -32.9903 20
      vertex -26.0243 -33.3727 20
    endloop
  endfacet
  facet normal 0 0 1
    outer loop
      vertex -25.8327 -31.4274 20
      vertex -21.9203 -21.9203 20
      vertex -23.307 -20.4397 20
    endloop
  endfacet
  facet normal 0 0 1
    outer loop
      vertex -25.8327 -31.4274 20
      vertex -23.307 -20.4397 20
      vertex -24.594 -18.8716 20
    endloop
  endfacet
  facet normal 0 0 1
    outer loop
      vertex -30.2669 -26.0243 20
      vertex -24.594 -18.8716 20
      vertex -25.7756 -17.2227 20
    endloop
  endfacet
  facet normal 0 0 1
    outer loop
      vertex -15.5 -26.8468 20
      vertex -25.8198 -31.8198 20
      vertex -25.8327 -32.2122 20
    endloop
  endfacet
  facet normal 0 0 1
    outer loop
      vertex -15.5 -26.8468 20
      vertex -25.8327 -32.2122 20
      vertex -25.8711 -32.603 20
    endloop
  endfacet
  facet normal 0 0 1
    outer loop
      vertex -15.5 -26.8468 20
      vertex -25.8711 -32.603 20
      vertex -25.9351 -32.9903 20
    endloop
  endfacet
  facet normal 0 0 1
    outer loop
      vertex -13.7109 -27.8031 20
      vertex -26.0243 -33.3727 20
      vertex -26.1382 -33.7484 20
    endloop
  endfacet
  facet normal 0 0 1
    outer loop
      vertex -11.8632 -28.6403 20
      vertex -26.2765 -34.1159 20
      vertex -26.4386 -34.4735 20
    endloop
  endfacet
  facet normal 0 0 1
    outer loop
      vertex -11.8632 -28.6403 20
      vertex -26.4386 -34.4735 20
      vertex -26.6237 -34.8198 20
    endloop
  endfacet
  facet normal 0 0 1
    outer loop
      vertex -9.96462 -29.3548 20
      vertex -26.6237 -34.8198 20
      vertex -26.831 -35.1532 20
    endloop
  endfacet
  facet normal 0 0 1
    outer loop
      vertex -9.96462 -29.3548 20
      vertex -19.2864 -56.8158 20
      vertex -15.5291 -57.9556 20
    endloop
  endfacet
  facet normal 0 0 1
    outer loop
      vertex -9.96462 -29.3548 20
      vertex -26.831 -35.1532 20
      vertex -19.2864 -56.8158 20
    endloop
  endfacet
  facet normal -0 0 1
    outer loop
      vertex -27.0597 -35.4724 20
      vertex -19.2864 -56.8158 20
      vertex -26.831 -35.1532 20
    endloop
  endfacet
  facet normal 0 0 1
    outer loop
      vertex -19.2864 -56.8158 20
      vertex -27.0597 -35.4724 20
      vertex -22.961 -55.4328 20
    endloop
  endfacet
  facet normal -0 0 1
    outer loop
      vertex -27.3088 -35.7759 20
      vertex -22.961 -55.4328 20
      vertex -27.0597 -35.4724 20
    endloop
  endfacet
  facet normal -0 0 1
    outer loop
      vertex -27.5772 -36.0624 20
      vertex -22.961 -55.4328 20
      vertex -27.3088 -35.7759 20
    endloop
  endfacet
  facet normal -0 0 1
    outer loop
      vertex -27.8637 -36.3308 20
      vertex -22.961 -55.4328 20
      vertex -27.5772 -36.0624 20
    endloop
  endfacet
  facet normal 0 0 1
    outer loop
      vertex -22.961 -55.4328 20
      vertex -27.8637 -36.3308 20
      vertex -26.5373 -53.8124 20
    endloop
  endfacet
  facet normal -0 0 1
    outer loop
      vertex -28.1672 -36.5799 20
      vertex -26.5373 -53.8124 20
      vertex -27.8637 -36.3308 20
    endloop
  endfacet
  facet normal -0 0 1
    outer loop
      vertex -28.4864 -36.8086 20
      vertex -26.5373 -53.8124 20
      vertex -28.1672 -36.5799 20
    endloop
  endfacet
  facet normal -0 0 1
    outer loop
      vertex -28.8198 -37.016 20
      vertex -26.5373 -53.8124 20
      vertex -28.4864 -36.8086 20
    endloop
  endfacet
  facet normal 0 0 1
    outer loop
      vertex -30 -51.9615 20
      vertex -28.8198 -37.016 20
      vertex -29.1661 -37.201 20
    endloop
  endfacet
  facet normal 0 0 1
    outer loop
      vertex -30 -51.9615 20
      vertex -29.1661 -37.201 20
      vertex -29.5237 -37.3631 20
    endloop
  endfacet
  facet normal 0 0 1
    outer loop
      vertex -30 -51.9615 20
      vertex -29.5237 -37.3631 20
      vertex -29.8912 -37.5014 20
    endloop
  endfacet
  facet normal 0 0 1
    outer loop
      vertex -28.8198 -37.016 20
      vertex -30 -51.9615 20
      vertex -26.5373 -53.8124 20
    endloop
  endfacet
  facet normal -0 0 1
    outer loop
      vertex -30.2669 -37.6154 20
      vertex -30 -51.9615 20
      vertex -29.8912 -37.5014 20
    endloop
  endfacet
  facet normal 0 0 1
    outer loop
      vertex -33.3342 -49.8882 20
      vertex -30.2669 -37.6154 20
      vertex -30.6493 -37.7045 20
    endloop
  endfacet
  facet normal 0 0 1
    outer loop
      vertex -33.3342 -49.8882 20
      vertex -30.6493 -37.7045 20
      vertex -31.0366 -37.7685 20
    endloop
  endfacet
  facet normal 0 0 1
    outer loop
      vertex -33.3342 -49.8882 20
      vertex -31.0366 -37.7685 20
      vertex -31.4274 -37.807 20
    endloop
  endfacet
  facet normal 0 0 1
    outer loop
      vertex -33.3342 -49.8882 20
      vertex -31.4274 -37.807 20
      vertex -31.8198 -37.8198 20
    endloop
  endfacet
  facet normal 0 0 1
    outer loop
      vertex -36.5257 -47.6012 20
      vertex -31.8198 -37.8198 20
      vertex -32.2122 -37.807 20
    endloop
  endfacet
  facet normal 0 0 1
    outer loop
      vertex -36.5257 -47.6012 20
      vertex -32.2122 -37.807 20
      vertex -32.603 -37.7685 20
    endloop
  endfacet
  facet normal 0 0 1
    outer loop
      vertex -36.5257 -47.6012 20
      vertex -32.603 -37.7685 20
      vertex -32.9903 -37.7045 20
    endloop
  endfacet
  facet normal 0 0 1
    outer loop
      vertex -30.2669 -37.6154 20
      vertex -33.3342 -49.8882 20
      vertex -30 -51.9615 20
    endloop
  endfacet
  facet normal 0 0 1
    outer loop
      vertex -36.5257 -47.6012 20
      vertex -32.9903 -37.7045 20
      vertex -33.3727 -37.6154 20
    endloop
  endfacet
  facet normal 0 0 1
    outer loop
      vertex -39.5607 -45.1104 20
      vertex -33.3727 -37.6154 20
      vertex -33.7484 -37.5014 20
    endloop
  endfacet
  facet normal 0 0 1
    outer loop
      vertex -39.5607 -45.1104 20
      vertex -33.7484 -37.5014 20
      vertex -34.1159 -37.3631 20
    endloop
  endfacet
  facet normal 0 0 1
    outer loop
      vertex -39.5607 -45.1104 20
      vertex -34.1159 -37.3631 20
      vertex -34.4735 -37.201 20
    endloop
  endfacet
  facet normal 0 0 1
    outer loop
      vertex -39.5607 -45.1104 20
      vertex -34.4735 -37.201 20
      vertex -34.8198 -37.016 20
    endloop
  endfacet
  facet normal 0 0 1
    outer loop
      vertex -39.5607 -45.1104 20
      vertex -34.8198 -37.016 20
      vertex -35.1532 -36.8086 20
    endloop
  endfacet
  facet normal 0 0 1
    outer loop
      vertex -42.4264 -42.4264 20
      vertex -35.1532 -36.8086 20
      vertex -35.4724 -36.5799 20
    endloop
  endfacet
  facet normal 0 0 1
    outer loop
      vertex -42.4264 -42.4264 20
      vertex -35.4724 -36.5799 20
      vertex -35.7759 -36.3308 20
    endloop
  endfacet
  facet normal 0 0 1
    outer loop
      vertex -42.4264 -42.4264 20
      vertex -35.7759 -36.3308 20
      vertex -36.0624 -36.0624 20
    endloop
  endfacet
  facet normal 0 0 1
    outer loop
      vertex -42.4264 -42.4264 20
      vertex -36.0624 -36.0624 20
      vertex -36.3308 -35.7759 20
    endloop
  endfacet
  facet normal 0 0 1
    outer loop
      vertex -31.8198 -37.8198 20
      vertex -36.5257 -47.6012 20
      vertex -33.3342 -49.8882 20
    endloop
  endfacet
  facet normal 0 0 1
    outer loop
      vertex -42.4264 -42.4264 20
      vertex -36.3308 -35.7759 20
      vertex -36.5799 -35.4724 20
    endloop
  endfacet
  facet normal 0 0 1
    outer loop
      vertex -42.4264 -42.4264 20
      vertex -36.5799 -35.4724 20
      vertex -36.8086 -35.1532 20
    endloop
  endfacet
  facet normal 0 0 1
    outer loop
      vertex -45.1104 -39.5607 20
      vertex -36.8086 -35.1532 20
      vertex -37.016 -34.8198 20
    endloop
  endfacet
  facet normal 0 0 1
    outer loop
      vertex -45.1104 -39.5607 20
      vertex -37.016 -34.8198 20
      vertex -37.201 -34.4735 20
    endloop
  endfacet
  facet normal 0 0 1
    outer loop
      vertex -45.1104 -39.5607 20
      vertex -37.201 -34.4735 20
      vertex -37.3631 -34.1159 20
    endloop
  endfacet
  facet normal 0 0 1
    outer loop
      vertex -45.1104 -39.5607 20
      vertex -37.3631 -34.1159 20
      vertex -37.5014 -33.7484 20
    endloop
  endfacet
  facet normal 0 0 1
    outer loop
      vertex -45.1104 -39.5607 20
      vertex -37.5014 -33.7484 20
      vertex -37.6154 -33.3727 20
    endloop
  endfacet
  facet normal 0 0 1
    outer loop
      vertex -47.6012 -36.5257 20
      vertex -37.6154 -33.3727 20
      vertex -37.7045 -32.9903 20
    endloop
  endfacet
  facet normal 0 0 1
    outer loop
      vertex -47.6012 -36.5257 20
      vertex -37.7045 -32.9903 20
      vertex -37.7685 -32.603 20
    endloop
  endfacet
  facet normal 0 0 1
    outer loop
      vertex -47.6012 -36.5257 20
      vertex -37.7685 -32.603 20
      vertex -37.807 -32.2122 20
    endloop
  endfacet
  facet normal 0 0 1
    outer loop
      vertex -33.3727 -37.6154 20
      vertex -39.5607 -45.1104 20
      vertex -36.5257 -47.6012 20
    endloop
  endfacet
  facet normal 0 0 1
    outer loop
      vertex -47.6012 -36.5257 20
      vertex -37.807 -32.2122 20
      vertex -37.8198 -31.8198 20
    endloop
  endfacet
  facet normal 0 0 1
    outer loop
      vertex -37.7685 32.603 20
      vertex -47.6012 36.5257 20
      vertex -37.807 32.2122 20
    endloop
  endfacet
  facet normal 0 0 1
    outer loop
      vertex -37.807 32.2122 20
      vertex -47.6012 36.5257 20
      vertex -37.8198 31.8198 20
    endloop
  endfacet
  facet normal 0 0 1
    outer loop
      vertex -35.1532 -36.8086 20
      vertex -42.4264 -42.4264 20
      vertex -39.5607 -45.1104 20
    endloop
  endfacet
  facet normal -0 0 1
    outer loop
      vertex -49.8882 33.3342 20
      vertex -37.8198 31.8198 20
      vertex -47.6012 36.5257 20
    endloop
  endfacet
  facet normal 0 0 1
    outer loop
      vertex -36.8086 -35.1532 20
      vertex -45.1104 -39.5607 20
      vertex -42.4264 -42.4264 20
    endloop
  endfacet
  facet normal 0 0 1
    outer loop
      vertex -37.6154 30.2669 20
      vertex -49.8882 33.3342 20
      vertex -51.9615 30 20
    endloop
  endfacet
  facet normal 0 0 1
    outer loop
      vertex -37.6154 -33.3727 20
      vertex -47.6012 -36.5257 20
      vertex -45.1104 -39.5607 20
    endloop
  endfacet
  facet normal 0 0 1
    outer loop
      vertex -37.016 28.8198 20
      vertex -51.9615 30 20
      vertex -53.8124 26.5373 20
    endloop
  endfacet
  facet normal 0 0 1
    outer loop
      vertex -37.8198 -31.8198 20
      vertex -49.8882 -33.3342 20
      vertex -47.6012 -36.5257 20
    endloop
  endfacet
  facet normal 0 0 1
    outer loop
      vertex -36.3308 27.8637 20
      vertex -53.8124 26.5373 20
      vertex -55.4328 22.961 20
    endloop
  endfacet
  facet normal 0 0 1
    outer loop
      vertex -37.807 -31.4274 20
      vertex -49.8882 -33.3342 20
      vertex -37.8198 -31.8198 20
    endloop
  endfacet
  facet normal 0 0 1
    outer loop
      vertex -35.4724 27.0597 20
      vertex -55.4328 22.961 20
      vertex -56.8158 19.2864 20
    endloop
  endfacet
  facet normal 0 0 1
    outer loop
      vertex -37.7685 -31.0366 20
      vertex -49.8882 -33.3342 20
      vertex -37.807 -31.4274 20
    endloop
  endfacet
  facet normal -0 0 1
    outer loop
      vertex -58.8471 11.7054 20
      vertex -30.4043 6.0478 20
      vertex -57.9556 15.5291 20
    endloop
  endfacet
  facet normal 0 0 1
    outer loop
      vertex -37.7045 -30.6493 20
      vertex -49.8882 -33.3342 20
      vertex -37.7685 -31.0366 20
    endloop
  endfacet
  facet normal 0 0 1
    outer loop
      vertex -30.7348 4.04631 20
      vertex -59.4867 7.83157 20
      vertex -30.9336 2.0275 20
    endloop
  endfacet
  facet normal 0 0 1
    outer loop
      vertex -37.6154 -30.2669 20
      vertex -49.8882 -33.3342 20
      vertex -37.7045 -30.6493 20
    endloop
  endfacet
  facet normal -0 0 1
    outer loop
      vertex -59.8715 3.92419 20
      vertex -30.9336 2.0275 20
      vertex -59.4867 7.83157 20
    endloop
  endfacet
  facet normal 0 -0 1
    outer loop
      vertex -49.8882 -33.3342 20
      vertex -37.6154 -30.2669 20
      vertex -51.9615 -30 20
    endloop
  endfacet
  facet normal 0 0 1
    outer loop
      vertex -30.9336 2.0275 20
      vertex -59.8715 3.92419 20
      vertex -31 0 20
    endloop
  endfacet
  facet normal 0 0 1
    outer loop
      vertex -37.5014 -29.8912 20
      vertex -51.9615 -30 20
      vertex -37.6154 -30.2669 20
    endloop
  endfacet
  facet normal 0 0 1
    outer loop
      vertex -31 0 20
      vertex -59.8715 3.92419 20
      vertex -60 0 20
    endloop
  endfacet
  facet normal 0 0 1
    outer loop
      vertex -37.3631 -29.5237 20
      vertex -51.9615 -30 20
      vertex -37.5014 -29.8912 20
    endloop
  endfacet
  facet normal 0 -0 1
    outer loop
      vertex -51.9615 -30 20
      vertex -37.016 -28.8198 20
      vertex -53.8124 -26.5373 20
    endloop
  endfacet
  facet normal 0 0 1
    outer loop
      vertex -37.201 -29.1661 20
      vertex -51.9615 -30 20
      vertex -37.3631 -29.5237 20
    endloop
  endfacet
  facet normal 0 0 1
    outer loop
      vertex -37.016 -28.8198 20
      vertex -51.9615 -30 20
      vertex -37.201 -29.1661 20
    endloop
  endfacet
  facet normal 0 0 1
    outer loop
      vertex 33.7484 -26.1382 20
      vertex 27.8031 -13.7109 20
      vertex 33.3727 -26.0243 20
    endloop
  endfacet
  facet normal 0 0 1
    outer loop
      vertex 33.3727 -26.0243 20
      vertex 27.8031 -13.7109 20
      vertex 32.9903 -25.9351 20
    endloop
  endfacet
  facet normal 0 0 1
    outer loop
      vertex 32.9903 -25.9351 20
      vertex 27.8031 -13.7109 20
      vertex 32.603 -25.8711 20
    endloop
  endfacet
  facet normal -0 0 1
    outer loop
      vertex 26.8468 -15.5 20
      vertex 32.603 -25.8711 20
      vertex 27.8031 -13.7109 20
    endloop
  endfacet
  facet normal 0 0 1
    outer loop
      vertex 32.603 -25.8711 20
      vertex 26.8468 -15.5 20
      vertex 32.2122 -25.8327 20
    endloop
  endfacet
  facet normal 0 0 1
    outer loop
      vertex 32.2122 -25.8327 20
      vertex 26.8468 -15.5 20
      vertex 31.8198 -25.8198 20
    endloop
  endfacet
  facet normal -0 0 1
    outer loop
      vertex 25.7756 -17.2227 20
      vertex 31.8198 -25.8198 20
      vertex 26.8468 -15.5 20
    endloop
  endfacet
  facet normal 0 0 1
    outer loop
      vertex 31.8198 -25.8198 20
      vertex 25.7756 -17.2227 20
      vertex 31.4274 -25.8327 20
    endloop
  endfacet
  facet normal 0 0 1
    outer loop
      vertex 31.4274 -25.8327 20
      vertex 25.7756 -17.2227 20
      vertex 31.0366 -25.8711 20
    endloop
  endfacet
  facet normal 0 0 1
    outer loop
      vertex 31.0366 -25.8711 20
      vertex 25.7756 -17.2227 20
      vertex 30.6493 -25.9351 20
    endloop
  endfacet
  facet normal 0 0 1
    outer loop
      vertex 30.6493 -25.9351 20
      vertex 25.7756 -17.2227 20
      vertex 30.2669 -26.0243 20
    endloop
  endfacet
  facet normal -0 0 1
    outer loop
      vertex 24.594 -18.8716 20
      vertex 30.2669 -26.0243 20
      vertex 25.7756 -17.2227 20
    endloop
  endfacet
  facet normal 0 0 1
    outer loop
      vertex 30.2669 -26.0243 20
      vertex 24.594 -18.8716 20
      vertex 29.8912 -26.1382 20
    endloop
  endfacet
  facet normal 0 0 1
    outer loop
      vertex 29.8912 -26.1382 20
      vertex 24.594 -18.8716 20
      vertex 29.5237 -26.2765 20
    endloop
  endfacet
  facet normal 0 0 1
    outer loop
      vertex 29.5237 -26.2765 20
      vertex 24.594 -18.8716 20
      vertex 29.1661 -26.4386 20
    endloop
  endfacet
  facet normal -0 0 1
    outer loop
      vertex 23.307 -20.4397 20
      vertex 29.1661 -26.4386 20
      vertex 24.594 -18.8716 20
    endloop
  endfacet
  facet normal 0 0 1
    outer loop
      vertex 29.1661 -26.4386 20
      vertex 23.307 -20.4397 20
      vertex 28.8198 -26.6237 20
    endloop
  endfacet
  facet normal 0 0 1
    outer loop
      vertex 28.8198 -26.6237 20
      vertex 23.307 -20.4397 20
      vertex 28.4864 -26.831 20
    endloop
  endfacet
  facet normal 0 0 1
    outer loop
      vertex 28.4864 -26.831 20
      vertex 23.307 -20.4397 20
      vertex 28.1672 -27.0597 20
    endloop
  endfacet
  facet normal -0 0 1
    outer loop
      vertex 21.9203 -21.9203 20
      vertex 28.1672 -27.0597 20
      vertex 23.307 -20.4397 20
    endloop
  endfacet
  facet normal 0 0 1
    outer loop
      vertex 28.1672 -27.0597 20
      vertex 21.9203 -21.9203 20
      vertex 27.8637 -27.3088 20
    endloop
  endfacet
  facet normal 0 0 1
    outer loop
      vertex 27.8637 -27.3088 20
      vertex 21.9203 -21.9203 20
      vertex 27.5772 -27.5772 20
    endloop
  endfacet
  facet normal 0 0 1
    outer loop
      vertex 27.5772 -27.5772 20
      vertex 21.9203 -21.9203 20
      vertex 27.3088 -27.8637 20
    endloop
  endfacet
  facet normal 0 0 1
    outer loop
      vertex 27.3088 -27.8637 20
      vertex 21.9203 -21.9203 20
      vertex 27.0597 -28.1672 20
    endloop
  endfacet
  facet normal -0 0 1
    outer loop
      vertex 20.4397 -23.307 20
      vertex 27.0597 -28.1672 20
      vertex 21.9203 -21.9203 20
    endloop
  endfacet
  facet normal 0 0 1
    outer loop
      vertex 27.0597 -28.1672 20
      vertex 20.4397 -23.307 20
      vertex 26.831 -28.4864 20
    endloop
  endfacet
  facet normal 0 0 1
    outer loop
      vertex 26.831 -28.4864 20
      vertex 20.4397 -23.307 20
      vertex 26.6237 -28.8198 20
    endloop
  endfacet
  facet normal 0 0 1
    outer loop
      vertex 26.6237 -28.8198 20
      vertex 20.4397 -23.307 20
      vertex 26.4386 -29.1661 20
    endloop
  endfacet
  facet normal -0 0 1
    outer loop
      vertex 18.8716 -24.594 20
      vertex 26.4386 -29.1661 20
      vertex 20.4397 -23.307 20
    endloop
  endfacet
  facet normal 0 0 1
    outer loop
      vertex 26.2765 -29.5237 20
      vertex 18.8716 -24.594 20
      vertex 26.1382 -29.8912 20
    endloop
  endfacet
  facet normal 0 0 1
    outer loop
      vertex 26.4386 -29.1661 20
      vertex 18.8716 -24.594 20
      vertex 26.2765 -29.5237 20
    endloop
  endfacet
  facet normal -0.528061 -0.849207 0
    outer loop
      vertex -33.3342 -49.8882 0
      vertex -30 -51.9615 20
      vertex -33.3342 -49.8882 20
    endloop
  endfacet
  facet normal -0.528061 -0.849207 -0
    outer loop
      vertex -30 -51.9615 20
      vertex -33.3342 -49.8882 0
      vertex -30 -51.9615 0
    endloop
  endfacet
  facet normal -0.634399 0.773005 0
    outer loop
      vertex -36.5257 47.6012 0
      vertex -39.5607 45.1104 20
      vertex -36.5257 47.6012 20
    endloop
  endfacet
  facet normal -0.634399 0.773005 0
    outer loop
      vertex -39.5607 45.1104 20
      vertex -36.5257 47.6012 0
      vertex -39.5607 45.1104 0
    endloop
  endfacet
  facet normal -0.935908 0.352245 0
    outer loop
      vertex -56.8158 19.2864 0
      vertex -55.4328 22.961 20
      vertex -55.4328 22.961 0
    endloop
  endfacet
  facet normal -0.935908 0.352245 0
    outer loop
      vertex -55.4328 22.961 20
      vertex -56.8158 19.2864 0
      vertex -56.8158 19.2864 20
    endloop
  endfacet
  facet normal 0.0980062 -0.995186 0
    outer loop
      vertex 3.92419 -59.8715 0
      vertex 7.83157 -59.4867 20
      vertex 3.92419 -59.8715 20
    endloop
  endfacet
  facet normal 0.0980062 -0.995186 0
    outer loop
      vertex 7.83157 -59.4867 20
      vertex 3.92419 -59.8715 0
      vertex 7.83157 -59.4867 0
    endloop
  endfacet
  facet normal -0.290293 -0.956938 0
    outer loop
      vertex -19.2864 -56.8158 0
      vertex -15.5291 -57.9556 20
      vertex -19.2864 -56.8158 20
    endloop
  endfacet
  facet normal -0.290293 -0.956938 -0
    outer loop
      vertex -15.5291 -57.9556 20
      vertex -19.2864 -56.8158 0
      vertex -15.5291 -57.9556 0
    endloop
  endfacet
  facet normal 0.471406 -0.881916 0
    outer loop
      vertex 26.5373 -53.8124 0
      vertex 30 -51.9615 20
      vertex 26.5373 -53.8124 20
    endloop
  endfacet
  facet normal 0.471406 -0.881916 0
    outer loop
      vertex 30 -51.9615 20
      vertex 26.5373 -53.8124 0
      vertex 30 -51.9615 0
    endloop
  endfacet
  facet normal 0.352245 0.935908 -0
    outer loop
      vertex 22.961 55.4328 0
      vertex 19.2864 56.8158 20
      vertex 22.961 55.4328 20
    endloop
  endfacet
  facet normal 0.352245 0.935908 0
    outer loop
      vertex 19.2864 56.8158 20
      vertex 22.961 55.4328 0
      vertex 19.2864 56.8158 0
    endloop
  endfacet
  facet normal -0.773005 -0.634399 0
    outer loop
      vertex -45.1104 -39.5607 0
      vertex -47.6012 -36.5257 20
      vertex -47.6012 -36.5257 0
    endloop
  endfacet
  facet normal -0.773005 -0.634399 0
    outer loop
      vertex -47.6012 -36.5257 20
      vertex -45.1104 -39.5607 0
      vertex -45.1104 -39.5607 20
    endloop
  endfacet
  facet normal -0.773005 0.634399 0
    outer loop
      vertex -47.6012 36.5257 0
      vertex -45.1104 39.5607 20
      vertex -45.1104 39.5607 0
    endloop
  endfacet
  facet normal -0.773005 0.634399 0
    outer loop
      vertex -45.1104 39.5607 20
      vertex -47.6012 36.5257 0
      vertex -47.6012 36.5257 20
    endloop
  endfacet
  facet normal -0.881916 0.471406 0
    outer loop
      vertex -53.8124 26.5373 0
      vertex -51.9615 30 20
      vertex -51.9615 30 0
    endloop
  endfacet
  facet normal -0.881916 0.471406 0
    outer loop
      vertex -51.9615 30 20
      vertex -53.8124 26.5373 0
      vertex -53.8124 26.5373 20
    endloop
  endfacet
  facet normal -0.412707 0.910864 0
    outer loop
      vertex -22.961 55.4328 0
      vertex -26.5373 53.8124 20
      vertex -22.961 55.4328 20
    endloop
  endfacet
  facet normal -0.412707 0.910864 0
    outer loop
      vertex -26.5373 53.8124 20
      vertex -22.961 55.4328 0
      vertex -26.5373 53.8124 0
    endloop
  endfacet
  facet normal -0.910864 -0.412707 0
    outer loop
      vertex -53.8124 -26.5373 0
      vertex -55.4328 -22.961 20
      vertex -55.4328 -22.961 0
    endloop
  endfacet
  facet normal -0.910864 -0.412707 0
    outer loop
      vertex -55.4328 -22.961 20
      vertex -53.8124 -26.5373 0
      vertex -53.8124 -26.5373 20
    endloop
  endfacet
  facet normal -0.471406 -0.881916 0
    outer loop
      vertex -30 -51.9615 0
      vertex -26.5373 -53.8124 20
      vertex -30 -51.9615 20
    endloop
  endfacet
  facet normal -0.471406 -0.881916 -0
    outer loop
      vertex -26.5373 -53.8124 20
      vertex -30 -51.9615 0
      vertex -26.5373 -53.8124 0
    endloop
  endfacet
  facet normal -0.881916 -0.471406 0
    outer loop
      vertex -51.9615 -30 0
      vertex -53.8124 -26.5373 20
      vertex -53.8124 -26.5373 0
    endloop
  endfacet
  facet normal -0.881916 -0.471406 0
    outer loop
      vertex -53.8124 -26.5373 20
      vertex -51.9615 -30 0
      vertex -51.9615 -30 20
    endloop
  endfacet
  facet normal -0.352245 -0.935908 0
    outer loop
      vertex -22.961 -55.4328 0
      vertex -19.2864 -56.8158 20
      vertex -22.961 -55.4328 20
    endloop
  endfacet
  facet normal -0.352245 -0.935908 -0
    outer loop
      vertex -19.2864 -56.8158 20
      vertex -22.961 -55.4328 0
      vertex -19.2864 -56.8158 0
    endloop
  endfacet
  facet normal -0 0 -1
    outer loop
      vertex -14.1421 -14.1421 0
      vertex -27.8637 -27.3088 0
      vertex -15.0368 -13.1869 0
    endloop
  endfacet
  facet normal 0 0 -1
    outer loop
      vertex -20 0 0
      vertex -25.8327 31.4274 0
      vertex -25.8198 31.8198 0
    endloop
  endfacet
  facet normal 0 0 -1
    outer loop
      vertex -28.1672 -27.0597 0
      vertex -15.0368 -13.1869 0
      vertex -27.8637 -27.3088 0
    endloop
  endfacet
  facet normal 0 0 -1
    outer loop
      vertex -20 0 0
      vertex -25.8711 31.0366 0
      vertex -25.8327 31.4274 0
    endloop
  endfacet
  facet normal 0 0 -1
    outer loop
      vertex -28.4864 -26.831 0
      vertex -15.0368 -13.1869 0
      vertex -28.1672 -27.0597 0
    endloop
  endfacet
  facet normal 0 0 -1
    outer loop
      vertex -20 0 0
      vertex -25.9351 30.6493 0
      vertex -25.8711 31.0366 0
    endloop
  endfacet
  facet normal -0 0 -1
    outer loop
      vertex -15.0368 -13.1869 0
      vertex -28.4864 -26.831 0
      vertex -15.8671 -12.1752 0
    endloop
  endfacet
  facet normal 0 0 -1
    outer loop
      vertex -20 0 0
      vertex -26.0243 30.2669 0
      vertex -25.9351 30.6493 0
    endloop
  endfacet
  facet normal 0 0 -1
    outer loop
      vertex -28.8198 -26.6237 0
      vertex -15.8671 -12.1752 0
      vertex -28.4864 -26.831 0
    endloop
  endfacet
  facet normal 0 0 -1
    outer loop
      vertex -20 0 0
      vertex -26.1382 29.8912 0
      vertex -26.0243 30.2669 0
    endloop
  endfacet
  facet normal 0 0 -1
    outer loop
      vertex -29.1661 -26.4386 0
      vertex -15.8671 -12.1752 0
      vertex -28.8198 -26.6237 0
    endloop
  endfacet
  facet normal 0 0 -1
    outer loop
      vertex -20 0 0
      vertex -26.2765 29.5237 0
      vertex -26.1382 29.8912 0
    endloop
  endfacet
  facet normal -0 0 -1
    outer loop
      vertex -15.8671 -12.1752 0
      vertex -29.1661 -26.4386 0
      vertex -16.6294 -11.1114 0
    endloop
  endfacet
  facet normal 0 0 -1
    outer loop
      vertex -20 0 0
      vertex -26.4386 29.1661 0
      vertex -26.2765 29.5237 0
    endloop
  endfacet
  facet normal 0 0 -1
    outer loop
      vertex -29.5237 -26.2765 0
      vertex -16.6294 -11.1114 0
      vertex -29.1661 -26.4386 0
    endloop
  endfacet
  facet normal 0 0 -1
    outer loop
      vertex -20 0 0
      vertex -26.6237 28.8198 0
      vertex -26.4386 29.1661 0
    endloop
  endfacet
  facet normal -0 0 -1
    outer loop
      vertex -16.6294 -11.1114 0
      vertex -29.5237 -26.2765 0
      vertex -17.3205 -10 0
    endloop
  endfacet
  facet normal 0 0 -1
    outer loop
      vertex -20 0 0
      vertex -26.831 28.4864 0
      vertex -26.6237 28.8198 0
    endloop
  endfacet
  facet normal 0 0 -1
    outer loop
      vertex -29.8912 -26.1382 0
      vertex -17.3205 -10 0
      vertex -29.5237 -26.2765 0
    endloop
  endfacet
  facet normal 0 0 -1
    outer loop
      vertex -20 0 0
      vertex -27.0597 28.1672 0
      vertex -26.831 28.4864 0
    endloop
  endfacet
  facet normal 0 0 -1
    outer loop
      vertex -30.2669 -26.0243 0
      vertex -17.3205 -10 0
      vertex -29.8912 -26.1382 0
    endloop
  endfacet
  facet normal 0 0 -1
    outer loop
      vertex -20 0 0
      vertex -27.3088 27.8637 0
      vertex -27.0597 28.1672 0
    endloop
  endfacet
  facet normal -0 0 -1
    outer loop
      vertex -17.3205 -10 0
      vertex -30.2669 -26.0243 0
      vertex -17.9375 -8.84577 0
    endloop
  endfacet
  facet normal 0 0 -1
    outer loop
      vertex -20 0 0
      vertex -27.5772 27.5772 0
      vertex -27.3088 27.8637 0
    endloop
  endfacet
  facet normal 0 0 -1
    outer loop
      vertex -30.6493 -25.9351 0
      vertex -17.9375 -8.84577 0
      vertex -30.2669 -26.0243 0
    endloop
  endfacet
  facet normal 0 0 -1
    outer loop
      vertex -20 0 0
      vertex -27.8637 27.3088 0
      vertex -27.5772 27.5772 0
    endloop
  endfacet
  facet normal 0 0 -1
    outer loop
      vertex -31.0366 -25.8711 0
      vertex -17.9375 -8.84577 0
      vertex -30.6493 -25.9351 0
    endloop
  endfacet
  facet normal 0 0 -1
    outer loop
      vertex -20 0 0
      vertex -28.1672 27.0597 0
      vertex -27.8637 27.3088 0
    endloop
  endfacet
  facet normal -0 0 -1
    outer loop
      vertex -17.9375 -8.84577 0
      vertex -31.0366 -25.8711 0
      vertex -18.4776 -7.65367 0
    endloop
  endfacet
  facet normal 0 0 -1
    outer loop
      vertex -20 0 0
      vertex -28.4864 26.831 0
      vertex -28.1672 27.0597 0
    endloop
  endfacet
  facet normal 0 0 -1
    outer loop
      vertex -31.4274 -25.8327 0
      vertex -18.4776 -7.65367 0
      vertex -31.0366 -25.8711 0
    endloop
  endfacet
  facet normal 0 0 -1
    outer loop
      vertex -20 0 0
      vertex -28.8198 26.6237 0
      vertex -28.4864 26.831 0
    endloop
  endfacet
  facet normal 0 0 -1
    outer loop
      vertex -31.8198 -25.8198 0
      vertex -18.4776 -7.65367 0
      vertex -31.4274 -25.8327 0
    endloop
  endfacet
  facet normal 0 0 -1
    outer loop
      vertex -20 0 0
      vertex -29.1661 26.4386 0
      vertex -28.8198 26.6237 0
    endloop
  endfacet
  facet normal -0 0 -1
    outer loop
      vertex -18.4776 -7.65367 0
      vertex -31.8198 -25.8198 0
      vertex -18.9386 -6.42879 0
    endloop
  endfacet
  facet normal 0 0 -1
    outer loop
      vertex -20 0 0
      vertex -29.5237 26.2765 0
      vertex -29.1661 26.4386 0
    endloop
  endfacet
  facet normal 0 0 -1
    outer loop
      vertex -32.2122 -25.8327 0
      vertex -18.9386 -6.42879 0
      vertex -31.8198 -25.8198 0
    endloop
  endfacet
  facet normal 0 0 -1
    outer loop
      vertex -20 0 0
      vertex -29.8912 26.1382 0
      vertex -29.5237 26.2765 0
    endloop
  endfacet
  facet normal -0 0 -1
    outer loop
      vertex -18.9386 -6.42879 0
      vertex -32.2122 -25.8327 0
      vertex -19.3185 -5.17638 0
    endloop
  endfacet
  facet normal 0 0 -1
    outer loop
      vertex -20 0 0
      vertex -30.2669 26.0243 0
      vertex -29.8912 26.1382 0
    endloop
  endfacet
  facet normal 0 0 -1
    outer loop
      vertex -32.603 -25.8711 0
      vertex -19.3185 -5.17638 0
      vertex -32.2122 -25.8327 0
    endloop
  endfacet
  facet normal 0 0 -1
    outer loop
      vertex -20 0 0
      vertex -30.6493 25.9351 0
      vertex -30.2669 26.0243 0
    endloop
  endfacet
  facet normal 0 0 -1
    outer loop
      vertex -32.9903 -25.9351 0
      vertex -19.3185 -5.17638 0
      vertex -32.603 -25.8711 0
    endloop
  endfacet
  facet normal 0 0 -1
    outer loop
      vertex -20 0 0
      vertex -31.0366 25.8711 0
      vertex -30.6493 25.9351 0
    endloop
  endfacet
  facet normal -0 0 -1
    outer loop
      vertex -19.3185 -5.17638 0
      vertex -32.9903 -25.9351 0
      vertex -19.6157 -3.90181 0
    endloop
  endfacet
  facet normal 0 0 -1
    outer loop
      vertex -20 0 0
      vertex -31.4274 25.8327 0
      vertex -31.0366 25.8711 0
    endloop
  endfacet
  facet normal 0 0 -1
    outer loop
      vertex -33.3727 -26.0243 0
      vertex -19.6157 -3.90181 0
      vertex -32.9903 -25.9351 0
    endloop
  endfacet
  facet normal 0 0 -1
    outer loop
      vertex -20 0 0
      vertex -31.8198 25.8198 0
      vertex -31.4274 25.8327 0
    endloop
  endfacet
  facet normal 0 0 -1
    outer loop
      vertex -58.8471 -11.7054 0
      vertex -19.6157 -3.90181 0
      vertex -33.3727 -26.0243 0
    endloop
  endfacet
  facet normal 0 0 -1
    outer loop
      vertex -20 0 0
      vertex -32.2122 25.8327 0
      vertex -31.8198 25.8198 0
    endloop
  endfacet
  facet normal -0 0 -1
    outer loop
      vertex -19.6157 -3.90181 0
      vertex -58.8471 -11.7054 0
      vertex -19.8289 -2.61052 0
    endloop
  endfacet
  facet normal 0 -0 -1
    outer loop
      vertex -59.8715 3.92419 0
      vertex -20 0 0
      vertex -60 0 0
    endloop
  endfacet
  facet normal 0 0 -1
    outer loop
      vertex -59.4867 -7.83157 0
      vertex -19.8289 -2.61052 0
      vertex -58.8471 -11.7054 0
    endloop
  endfacet
  facet normal 0 0 -1
    outer loop
      vertex -20 0 0
      vertex -32.603 25.8711 0
      vertex -32.2122 25.8327 0
    endloop
  endfacet
  facet normal 0 0 -1
    outer loop
      vertex -59.8715 -3.92419 0
      vertex -19.9572 -1.30806 0
      vertex -59.4867 -7.83157 0
    endloop
  endfacet
  facet normal 0 -0 -1
    outer loop
      vertex -59.4867 7.83157 0
      vertex -20 0 0
      vertex -59.8715 3.92419 0
    endloop
  endfacet
  facet normal 0 0 -1
    outer loop
      vertex -58.8471 -11.7054 0
      vertex -33.3727 -26.0243 0
      vertex -33.7484 -26.1382 0
    endloop
  endfacet
  facet normal 0 0 -1
    outer loop
      vertex -20 0 0
      vertex -32.9903 25.9351 0
      vertex -32.603 25.8711 0
    endloop
  endfacet
  facet normal 0 0 -1
    outer loop
      vertex -58.8471 -11.7054 0
      vertex -33.7484 -26.1382 0
      vertex -34.1159 -26.2765 0
    endloop
  endfacet
  facet normal 0 -0 -1
    outer loop
      vertex -33.3727 26.0243 0
      vertex -20 0 0
      vertex -59.4867 7.83157 0
    endloop
  endfacet
  facet normal 0 0 -1
    outer loop
      vertex -57.9556 -15.5291 0
      vertex -34.1159 -26.2765 0
      vertex -34.4735 -26.4386 0
    endloop
  endfacet
  facet normal 0 0 -1
    outer loop
      vertex -20 0 0
      vertex -33.3727 26.0243 0
      vertex -32.9903 25.9351 0
    endloop
  endfacet
  facet normal 0 0 -1
    outer loop
      vertex -57.9556 -15.5291 0
      vertex -34.4735 -26.4386 0
      vertex -34.8198 -26.6237 0
    endloop
  endfacet
  facet normal 0 -0 -1
    outer loop
      vertex -58.8471 11.7054 0
      vertex -33.3727 26.0243 0
      vertex -59.4867 7.83157 0
    endloop
  endfacet
  facet normal 0 0 -1
    outer loop
      vertex -56.8158 -19.2864 0
      vertex -34.8198 -26.6237 0
      vertex -35.1532 -26.831 0
    endloop
  endfacet
  facet normal -0 0 -1
    outer loop
      vertex -33.3727 26.0243 0
      vertex -58.8471 11.7054 0
      vertex -33.7484 26.1382 0
    endloop
  endfacet
  facet normal 0 0 -1
    outer loop
      vertex -56.8158 -19.2864 0
      vertex -35.1532 -26.831 0
      vertex -35.4724 -27.0597 0
    endloop
  endfacet
  facet normal -0 0 -1
    outer loop
      vertex -33.7484 26.1382 0
      vertex -58.8471 11.7054 0
      vertex -34.1159 26.2765 0
    endloop
  endfacet
  facet normal 0 0 -1
    outer loop
      vertex -55.4328 -22.961 0
      vertex -35.4724 -27.0597 0
      vertex -35.7759 -27.3088 0
    endloop
  endfacet
  facet normal 0 -0 -1
    outer loop
      vertex -57.9556 15.5291 0
      vertex -34.1159 26.2765 0
      vertex -58.8471 11.7054 0
    endloop
  endfacet
  facet normal 0 0 -1
    outer loop
      vertex -55.4328 -22.961 0
      vertex -35.7759 -27.3088 0
      vertex -36.0624 -27.5772 0
    endloop
  endfacet
  facet normal -0 0 -1
    outer loop
      vertex -34.1159 26.2765 0
      vertex -57.9556 15.5291 0
      vertex -34.4735 26.4386 0
    endloop
  endfacet
  facet normal 0 0 -1
    outer loop
      vertex -55.4328 -22.961 0
      vertex -36.0624 -27.5772 0
      vertex -36.3308 -27.8637 0
    endloop
  endfacet
  facet normal -0 0 -1
    outer loop
      vertex -34.4735 26.4386 0
      vertex -57.9556 15.5291 0
      vertex -34.8198 26.6237 0
    endloop
  endfacet
  facet normal 0 0 -1
    outer loop
      vertex -53.8124 -26.5373 0
      vertex -36.3308 -27.8637 0
      vertex -36.5799 -28.1672 0
    endloop
  endfacet
  facet normal 0 -0 -1
    outer loop
      vertex -56.8158 19.2864 0
      vertex -34.8198 26.6237 0
      vertex -57.9556 15.5291 0
    endloop
  endfacet
  facet normal 0 0 -1
    outer loop
      vertex -53.8124 -26.5373 0
      vertex -36.5799 -28.1672 0
      vertex -36.8086 -28.4864 0
    endloop
  endfacet
  facet normal -0 0 -1
    outer loop
      vertex -34.8198 26.6237 0
      vertex -56.8158 19.2864 0
      vertex -35.1532 26.831 0
    endloop
  endfacet
  facet normal 0 0 -1
    outer loop
      vertex -53.8124 -26.5373 0
      vertex -36.8086 -28.4864 0
      vertex -37.016 -28.8198 0
    endloop
  endfacet
  facet normal -0 0 -1
    outer loop
      vertex -35.1532 26.831 0
      vertex -56.8158 19.2864 0
      vertex -35.4724 27.0597 0
    endloop
  endfacet
  facet normal 0 0 -1
    outer loop
      vertex -51.9615 -30 0
      vertex -37.016 -28.8198 0
      vertex -37.201 -29.1661 0
    endloop
  endfacet
  facet normal 0 -0 -1
    outer loop
      vertex -55.4328 22.961 0
      vertex -35.4724 27.0597 0
      vertex -56.8158 19.2864 0
    endloop
  endfacet
  facet normal 0 0 -1
    outer loop
      vertex -51.9615 -30 0
      vertex -37.201 -29.1661 0
      vertex -37.3631 -29.5237 0
    endloop
  endfacet
  facet normal -0 0 -1
    outer loop
      vertex -35.4724 27.0597 0
      vertex -55.4328 22.961 0
      vertex -35.7759 27.3088 0
    endloop
  endfacet
  facet normal 0 0 -1
    outer loop
      vertex -51.9615 -30 0
      vertex -37.3631 -29.5237 0
      vertex -37.5014 -29.8912 0
    endloop
  endfacet
  facet normal -0 0 -1
    outer loop
      vertex -35.7759 27.3088 0
      vertex -55.4328 22.961 0
      vertex -36.0624 27.5772 0
    endloop
  endfacet
  facet normal 0 0 -1
    outer loop
      vertex -51.9615 -30 0
      vertex -37.5014 -29.8912 0
      vertex -37.6154 -30.2669 0
    endloop
  endfacet
  facet normal -0 0 -1
    outer loop
      vertex -36.0624 27.5772 0
      vertex -55.4328 22.961 0
      vertex -36.3308 27.8637 0
    endloop
  endfacet
  facet normal 0 0 -1
    outer loop
      vertex -49.8882 -33.3342 0
      vertex -37.6154 -30.2669 0
      vertex -37.7045 -30.6493 0
    endloop
  endfacet
  facet normal 0 -0 -1
    outer loop
      vertex -53.8124 26.5373 0
      vertex -36.3308 27.8637 0
      vertex -55.4328 22.961 0
    endloop
  endfacet
  facet normal 0 0 -1
    outer loop
      vertex -49.8882 -33.3342 0
      vertex -37.7045 -30.6493 0
      vertex -37.7685 -31.0366 0
    endloop
  endfacet
  facet normal -0 0 -1
    outer loop
      vertex -36.3308 27.8637 0
      vertex -53.8124 26.5373 0
      vertex -36.5799 28.1672 0
    endloop
  endfacet
  facet normal 0 0 -1
    outer loop
      vertex -49.8882 -33.3342 0
      vertex -37.7685 -31.0366 0
      vertex -37.807 -31.4274 0
    endloop
  endfacet
  facet normal -0 0 -1
    outer loop
      vertex -36.5799 28.1672 0
      vertex -53.8124 26.5373 0
      vertex -36.8086 28.4864 0
    endloop
  endfacet
  facet normal 0 0 -1
    outer loop
      vertex -49.8882 -33.3342 0
      vertex -37.807 -31.4274 0
      vertex -37.8198 -31.8198 0
    endloop
  endfacet
  facet normal -0 0 -1
    outer loop
      vertex -36.8086 28.4864 0
      vertex -53.8124 26.5373 0
      vertex -37.016 28.8198 0
    endloop
  endfacet
  facet normal 0 0 -1
    outer loop
      vertex -26.0243 33.3727 0
      vertex -3.90181 19.6157 0
      vertex -25.9351 32.9903 0
    endloop
  endfacet
  facet normal 0 0 -1
    outer loop
      vertex -3.90181 19.6157 0
      vertex -26.0243 33.3727 0
      vertex -11.7054 58.8471 0
    endloop
  endfacet
  facet normal 0 0 -1
    outer loop
      vertex -26.1382 33.7484 0
      vertex -11.7054 58.8471 0
      vertex -26.0243 33.3727 0
    endloop
  endfacet
  facet normal 0 0 -1
    outer loop
      vertex -26.2765 34.1159 0
      vertex -11.7054 58.8471 0
      vertex -26.1382 33.7484 0
    endloop
  endfacet
  facet normal 0 0 -1
    outer loop
      vertex -11.7054 58.8471 0
      vertex -26.2765 34.1159 0
      vertex -15.5291 57.9556 0
    endloop
  endfacet
  facet normal 0 0 -1
    outer loop
      vertex -26.4386 34.4735 0
      vertex -15.5291 57.9556 0
      vertex -26.2765 34.1159 0
    endloop
  endfacet
  facet normal 0 0 -1
    outer loop
      vertex -26.6237 34.8198 0
      vertex -15.5291 57.9556 0
      vertex -26.4386 34.4735 0
    endloop
  endfacet
  facet normal 0 0 -1
    outer loop
      vertex -15.5291 57.9556 0
      vertex -26.6237 34.8198 0
      vertex -19.2864 56.8158 0
    endloop
  endfacet
  facet normal 0 0 -1
    outer loop
      vertex -26.831 35.1532 0
      vertex -19.2864 56.8158 0
      vertex -26.6237 34.8198 0
    endloop
  endfacet
  facet normal 0 0 -1
    outer loop
      vertex -27.0597 35.4724 0
      vertex -19.2864 56.8158 0
      vertex -26.831 35.1532 0
    endloop
  endfacet
  facet normal 0 0 -1
    outer loop
      vertex -19.2864 56.8158 0
      vertex -27.0597 35.4724 0
      vertex -22.961 55.4328 0
    endloop
  endfacet
  facet normal 0 0 -1
    outer loop
      vertex -27.3088 35.7759 0
      vertex -22.961 55.4328 0
      vertex -27.0597 35.4724 0
    endloop
  endfacet
  facet normal 0 0 -1
    outer loop
      vertex -27.5772 36.0624 0
      vertex -22.961 55.4328 0
      vertex -27.3088 35.7759 0
    endloop
  endfacet
  facet normal 0 0 -1
    outer loop
      vertex -27.8637 36.3308 0
      vertex -22.961 55.4328 0
      vertex -27.5772 36.0624 0
    endloop
  endfacet
  facet normal 0 0 -1
    outer loop
      vertex -22.961 55.4328 0
      vertex -27.8637 36.3308 0
      vertex -26.5373 53.8124 0
    endloop
  endfacet
  facet normal 0 0 -1
    outer loop
      vertex -28.1672 36.5799 0
      vertex -26.5373 53.8124 0
      vertex -27.8637 36.3308 0
    endloop
  endfacet
  facet normal 0 0 -1
    outer loop
      vertex -28.4864 36.8086 0
      vertex -26.5373 53.8124 0
      vertex -28.1672 36.5799 0
    endloop
  endfacet
  facet normal 0 0 -1
    outer loop
      vertex -28.8198 37.016 0
      vertex -26.5373 53.8124 0
      vertex -28.4864 36.8086 0
    endloop
  endfacet
  facet normal 0 0 -1
    outer loop
      vertex -30 51.9615 0
      vertex -28.8198 37.016 0
      vertex -29.1661 37.201 0
    endloop
  endfacet
  facet normal 0 0 -1
    outer loop
      vertex -30 51.9615 0
      vertex -29.1661 37.201 0
      vertex -29.5237 37.3631 0
    endloop
  endfacet
  facet normal 0 0 -1
    outer loop
      vertex -30 51.9615 0
      vertex -29.5237 37.3631 0
      vertex -29.8912 37.5014 0
    endloop
  endfacet
  facet normal 0 0 -1
    outer loop
      vertex -28.8198 37.016 0
      vertex -30 51.9615 0
      vertex -26.5373 53.8124 0
    endloop
  endfacet
  facet normal 0 0 -1
    outer loop
      vertex -30.2669 37.6154 0
      vertex -30 51.9615 0
      vertex -29.8912 37.5014 0
    endloop
  endfacet
  facet normal 0 0 -1
    outer loop
      vertex -33.3342 49.8882 0
      vertex -30.2669 37.6154 0
      vertex -30.6493 37.7045 0
    endloop
  endfacet
  facet normal 0 0 -1
    outer loop
      vertex -33.3342 49.8882 0
      vertex -30.6493 37.7045 0
      vertex -31.0366 37.7685 0
    endloop
  endfacet
  facet normal 0 0 -1
    outer loop
      vertex -33.3342 49.8882 0
      vertex -31.0366 37.7685 0
      vertex -31.4274 37.807 0
    endloop
  endfacet
  facet normal 0 0 -1
    outer loop
      vertex -33.3342 49.8882 0
      vertex -31.4274 37.807 0
      vertex -31.8198 37.8198 0
    endloop
  endfacet
  facet normal 0 0 -1
    outer loop
      vertex -36.5257 47.6012 0
      vertex -31.8198 37.8198 0
      vertex -32.2122 37.807 0
    endloop
  endfacet
  facet normal 0 0 -1
    outer loop
      vertex -36.5257 47.6012 0
      vertex -32.2122 37.807 0
      vertex -32.603 37.7685 0
    endloop
  endfacet
  facet normal 0 0 -1
    outer loop
      vertex -36.5257 47.6012 0
      vertex -32.603 37.7685 0
      vertex -32.9903 37.7045 0
    endloop
  endfacet
  facet normal 0 0 -1
    outer loop
      vertex -30.2669 37.6154 0
      vertex -33.3342 49.8882 0
      vertex -30 51.9615 0
    endloop
  endfacet
  facet normal 0 0 -1
    outer loop
      vertex -36.5257 47.6012 0
      vertex -32.9903 37.7045 0
      vertex -33.3727 37.6154 0
    endloop
  endfacet
  facet normal 0 0 -1
    outer loop
      vertex -39.5607 45.1104 0
      vertex -33.3727 37.6154 0
      vertex -33.7484 37.5014 0
    endloop
  endfacet
  facet normal 0 0 -1
    outer loop
      vertex -39.5607 45.1104 0
      vertex -33.7484 37.5014 0
      vertex -34.1159 37.3631 0
    endloop
  endfacet
  facet normal 0 0 -1
    outer loop
      vertex -39.5607 45.1104 0
      vertex -34.1159 37.3631 0
      vertex -34.4735 37.201 0
    endloop
  endfacet
  facet normal 0 0 -1
    outer loop
      vertex -39.5607 45.1104 0
      vertex -34.4735 37.201 0
      vertex -34.8198 37.016 0
    endloop
  endfacet
  facet normal 0 0 -1
    outer loop
      vertex -39.5607 45.1104 0
      vertex -34.8198 37.016 0
      vertex -35.1532 36.8086 0
    endloop
  endfacet
  facet normal 0 0 -1
    outer loop
      vertex -42.4264 42.4264 0
      vertex -35.1532 36.8086 0
      vertex -35.4724 36.5799 0
    endloop
  endfacet
  facet normal 0 0 -1
    outer loop
      vertex -42.4264 42.4264 0
      vertex -35.4724 36.5799 0
      vertex -35.7759 36.3308 0
    endloop
  endfacet
  facet normal 0 0 -1
    outer loop
      vertex -42.4264 42.4264 0
      vertex -35.7759 36.3308 0
      vertex -36.0624 36.0624 0
    endloop
  endfacet
  facet normal 0 0 -1
    outer loop
      vertex -42.4264 42.4264 0
      vertex -36.0624 36.0624 0
      vertex -36.3308 35.7759 0
    endloop
  endfacet
  facet normal 0 0 -1
    outer loop
      vertex -31.8198 37.8198 0
      vertex -36.5257 47.6012 0
      vertex -33.3342 49.8882 0
    endloop
  endfacet
  facet normal 0 0 -1
    outer loop
      vertex -42.4264 42.4264 0
      vertex -36.3308 35.7759 0
      vertex -36.5799 35.4724 0
    endloop
  endfacet
  facet normal 0 0 -1
    outer loop
      vertex -42.4264 42.4264 0
      vertex -36.5799 35.4724 0
      vertex -36.8086 35.1532 0
    endloop
  endfacet
  facet normal 0 0 -1
    outer loop
      vertex -45.1104 39.5607 0
      vertex -36.8086 35.1532 0
      vertex -37.016 34.8198 0
    endloop
  endfacet
  facet normal 0 0 -1
    outer loop
      vertex -45.1104 39.5607 0
      vertex -37.016 34.8198 0
      vertex -37.201 34.4735 0
    endloop
  endfacet
  facet normal 0 0 -1
    outer loop
      vertex -45.1104 39.5607 0
      vertex -37.201 34.4735 0
      vertex -37.3631 34.1159 0
    endloop
  endfacet
  facet normal 0 0 -1
    outer loop
      vertex -45.1104 39.5607 0
      vertex -37.3631 34.1159 0
      vertex -37.5014 33.7484 0
    endloop
  endfacet
  facet normal 0 0 -1
    outer loop
      vertex -45.1104 39.5607 0
      vertex -37.5014 33.7484 0
      vertex -37.6154 33.3727 0
    endloop
  endfacet
  facet normal 0 0 -1
    outer loop
      vertex -47.6012 36.5257 0
      vertex -37.6154 33.3727 0
      vertex -37.7045 32.9903 0
    endloop
  endfacet
  facet normal 0 0 -1
    outer loop
      vertex -47.6012 36.5257 0
      vertex -37.7045 32.9903 0
      vertex -37.7685 32.603 0
    endloop
  endfacet
  facet normal 0 0 -1
    outer loop
      vertex -47.6012 36.5257 0
      vertex -37.7685 32.603 0
      vertex -37.807 32.2122 0
    endloop
  endfacet
  facet normal 0 0 -1
    outer loop
      vertex -33.3727 37.6154 0
      vertex -39.5607 45.1104 0
      vertex -36.5257 47.6012 0
    endloop
  endfacet
  facet normal 0 0 -1
    outer loop
      vertex -47.6012 36.5257 0
      vertex -37.807 32.2122 0
      vertex -37.8198 31.8198 0
    endloop
  endfacet
  facet normal -0 0 -1
    outer loop
      vertex -37.7685 -32.603 0
      vertex -47.6012 -36.5257 0
      vertex -37.807 -32.2122 0
    endloop
  endfacet
  facet normal -0 0 -1
    outer loop
      vertex -37.807 -32.2122 0
      vertex -47.6012 -36.5257 0
      vertex -37.8198 -31.8198 0
    endloop
  endfacet
  facet normal 0 0 -1
    outer loop
      vertex -35.1532 36.8086 0
      vertex -42.4264 42.4264 0
      vertex -39.5607 45.1104 0
    endloop
  endfacet
  facet normal 0 0 -1
    outer loop
      vertex -49.8882 -33.3342 0
      vertex -37.8198 -31.8198 0
      vertex -47.6012 -36.5257 0
    endloop
  endfacet
  facet normal 0 0 -1
    outer loop
      vertex -36.8086 35.1532 0
      vertex -45.1104 39.5607 0
      vertex -42.4264 42.4264 0
    endloop
  endfacet
  facet normal -0 0 -1
    outer loop
      vertex -37.6154 -30.2669 0
      vertex -49.8882 -33.3342 0
      vertex -51.9615 -30 0
    endloop
  endfacet
  facet normal 0 0 -1
    outer loop
      vertex -37.6154 33.3727 0
      vertex -47.6012 36.5257 0
      vertex -45.1104 39.5607 0
    endloop
  endfacet
  facet normal -0 0 -1
    outer loop
      vertex -37.016 -28.8198 0
      vertex -51.9615 -30 0
      vertex -53.8124 -26.5373 0
    endloop
  endfacet
  facet normal 0 0 -1
    outer loop
      vertex -37.8198 31.8198 0
      vertex -49.8882 33.3342 0
      vertex -47.6012 36.5257 0
    endloop
  endfacet
  facet normal 0 0 -1
    outer loop
      vertex -36.3308 -27.8637 0
      vertex -53.8124 -26.5373 0
      vertex -55.4328 -22.961 0
    endloop
  endfacet
  facet normal 0 0 -1
    outer loop
      vertex -37.807 31.4274 0
      vertex -49.8882 33.3342 0
      vertex -37.8198 31.8198 0
    endloop
  endfacet
  facet normal 0 0 -1
    outer loop
      vertex -35.4724 -27.0597 0
      vertex -55.4328 -22.961 0
      vertex -56.8158 -19.2864 0
    endloop
  endfacet
  facet normal 0 0 -1
    outer loop
      vertex -37.7685 31.0366 0
      vertex -49.8882 33.3342 0
      vertex -37.807 31.4274 0
    endloop
  endfacet
  facet normal 0 0 -1
    outer loop
      vertex -34.8198 -26.6237 0
      vertex -56.8158 -19.2864 0
      vertex -57.9556 -15.5291 0
    endloop
  endfacet
  facet normal 0 0 -1
    outer loop
      vertex -37.7045 30.6493 0
      vertex -49.8882 33.3342 0
      vertex -37.7685 31.0366 0
    endloop
  endfacet
  facet normal 0 0 -1
    outer loop
      vertex -34.1159 -26.2765 0
      vertex -57.9556 -15.5291 0
      vertex -58.8471 -11.7054 0
    endloop
  endfacet
  facet normal 0 0 -1
    outer loop
      vertex -37.6154 30.2669 0
      vertex -49.8882 33.3342 0
      vertex -37.7045 30.6493 0
    endloop
  endfacet
  facet normal -0 0 -1
    outer loop
      vertex -19.8289 -2.61052 0
      vertex -59.4867 -7.83157 0
      vertex -19.9572 -1.30806 0
    endloop
  endfacet
  facet normal 0 -0 -1
    outer loop
      vertex -49.8882 33.3342 0
      vertex -37.6154 30.2669 0
      vertex -51.9615 30 0
    endloop
  endfacet
  facet normal -0 0 -1
    outer loop
      vertex -19.9572 -1.30806 0
      vertex -59.8715 -3.92419 0
      vertex -20 0 0
    endloop
  endfacet
  facet normal 0 0 -1
    outer loop
      vertex -37.5014 29.8912 0
      vertex -51.9615 30 0
      vertex -37.6154 30.2669 0
    endloop
  endfacet
  facet normal -0 0 -1
    outer loop
      vertex -20 0 0
      vertex -59.8715 -3.92419 0
      vertex -60 0 0
    endloop
  endfacet
  facet normal 0 0 -1
    outer loop
      vertex -37.3631 29.5237 0
      vertex -51.9615 30 0
      vertex -37.5014 29.8912 0
    endloop
  endfacet
  facet normal 0 -0 -1
    outer loop
      vertex -51.9615 30 0
      vertex -37.016 28.8198 0
      vertex -53.8124 26.5373 0
    endloop
  endfacet
  facet normal 0 0 -1
    outer loop
      vertex -37.201 29.1661 0
      vertex -51.9615 30 0
      vertex -37.3631 29.5237 0
    endloop
  endfacet
  facet normal 0 0 -1
    outer loop
      vertex -37.016 28.8198 0
      vertex -51.9615 30 0
      vertex -37.201 29.1661 0
    endloop
  endfacet
  facet normal 0 0 -1
    outer loop
      vertex 13.1869 15.0368 0
      vertex 27.3088 27.8637 0
      vertex 14.1421 14.1421 0
    endloop
  endfacet
  facet normal -0 0 -1
    outer loop
      vertex 27.3088 27.8637 0
      vertex 13.1869 15.0368 0
      vertex 27.0597 28.1672 0
    endloop
  endfacet
  facet normal -0 0 -1
    outer loop
      vertex 27.0597 28.1672 0
      vertex 13.1869 15.0368 0
      vertex 26.831 28.4864 0
    endloop
  endfacet
  facet normal 0 0 -1
    outer loop
      vertex 12.1752 15.8671 0
      vertex 26.831 28.4864 0
      vertex 13.1869 15.0368 0
    endloop
  endfacet
  facet normal -0 0 -1
    outer loop
      vertex 26.831 28.4864 0
      vertex 12.1752 15.8671 0
      vertex 26.6237 28.8198 0
    endloop
  endfacet
  facet normal -0 0 -1
    outer loop
      vertex 26.6237 28.8198 0
      vertex 12.1752 15.8671 0
      vertex 26.4386 29.1661 0
    endloop
  endfacet
  facet normal 0 0 -1
    outer loop
      vertex 11.1114 16.6294 0
      vertex 26.4386 29.1661 0
      vertex 12.1752 15.8671 0
    endloop
  endfacet
  facet normal -0 0 -1
    outer loop
      vertex 26.4386 29.1661 0
      vertex 11.1114 16.6294 0
      vertex 26.2765 29.5237 0
    endloop
  endfacet
  facet normal -0 0 -1
    outer loop
      vertex 26.2765 29.5237 0
      vertex 11.1114 16.6294 0
      vertex 26.1382 29.8912 0
    endloop
  endfacet
  facet normal 0 0 -1
    outer loop
      vertex 10 17.3205 0
      vertex 26.1382 29.8912 0
      vertex 11.1114 16.6294 0
    endloop
  endfacet
  facet normal -0 0 -1
    outer loop
      vertex 26.1382 29.8912 0
      vertex 10 17.3205 0
      vertex 26.0243 30.2669 0
    endloop
  endfacet
  facet normal 0 0 -1
    outer loop
      vertex 8.84577 17.9375 0
      vertex 26.0243 30.2669 0
      vertex 10 17.3205 0
    endloop
  endfacet
  facet normal -0 0 -1
    outer loop
      vertex 26.0243 30.2669 0
      vertex 8.84577 17.9375 0
      vertex 25.9351 30.6493 0
    endloop
  endfacet
  facet normal -0 0 -1
    outer loop
      vertex 25.9351 30.6493 0
      vertex 8.84577 17.9375 0
      vertex 25.8711 31.0366 0
    endloop
  endfacet
  facet normal 0 0 -1
    outer loop
      vertex 7.65367 18.4776 0
      vertex 25.8711 31.0366 0
      vertex 8.84577 17.9375 0
    endloop
  endfacet
  facet normal -0 0 -1
    outer loop
      vertex 25.8711 31.0366 0
      vertex 7.65367 18.4776 0
      vertex 25.8327 31.4274 0
    endloop
  endfacet
  facet normal -0 0 -1
    outer loop
      vertex 25.8327 31.4274 0
      vertex 7.65367 18.4776 0
      vertex 25.8198 31.8198 0
    endloop
  endfacet
  facet normal 0 0 -1
    outer loop
      vertex 6.42879 18.9386 0
      vertex 25.8198 31.8198 0
      vertex 7.65367 18.4776 0
    endloop
  endfacet
  facet normal 0 0 -1
    outer loop
      vertex 25.8198 31.8198 0
      vertex 19.2864 56.8158 0
      vertex 22.961 55.4328 0
    endloop
  endfacet
  facet normal 0 0 -1
    outer loop
      vertex 5.17638 19.3185 0
      vertex 25.8198 31.8198 0
      vertex 6.42879 18.9386 0
    endloop
  endfacet
  facet normal 0 0 -1
    outer loop
      vertex 25.8198 31.8198 0
      vertex 15.5291 57.9556 0
      vertex 19.2864 56.8158 0
    endloop
  endfacet
  facet normal 0 0 -1
    outer loop
      vertex 3.90181 19.6157 0
      vertex 25.8198 31.8198 0
      vertex 5.17638 19.3185 0
    endloop
  endfacet
  facet normal 0 0 -1
    outer loop
      vertex 25.8198 31.8198 0
      vertex 11.7054 58.8471 0
      vertex 15.5291 57.9556 0
    endloop
  endfacet
  facet normal -0 0 -1
    outer loop
      vertex 25.8198 31.8198 0
      vertex 3.90181 19.6157 0
      vertex 11.7054 58.8471 0
    endloop
  endfacet
  facet normal -0 0 -1
    outer loop
      vertex 11.7054 58.8471 0
      vertex 3.90181 19.6157 0
      vertex 7.83157 59.4867 0
    endloop
  endfacet
  facet normal 0 0 -1
    outer loop
      vertex 2.61052 19.8289 0
      vertex 7.83157 59.4867 0
      vertex 3.90181 19.6157 0
    endloop
  endfacet
  facet normal -0 0 -1
    outer loop
      vertex 7.83157 59.4867 0
      vertex 2.61052 19.8289 0
      vertex 3.92419 59.8715 0
    endloop
  endfacet
  facet normal 0 0 -1
    outer loop
      vertex 1.30806 19.9572 0
      vertex 3.92419 59.8715 0
      vertex 2.61052 19.8289 0
    endloop
  endfacet
  facet normal 0 0 -1
    outer loop
      vertex 0 20 0
      vertex 3.92419 59.8715 0
      vertex 1.30806 19.9572 0
    endloop
  endfacet
  facet normal 0 0 -1
    outer loop
      vertex 0 20 0
      vertex 0 60 0
      vertex 3.92419 59.8715 0
    endloop
  endfacet
  facet normal 0 0 -1
    outer loop
      vertex -1.30806 19.9572 0
      vertex 0 60 0
      vertex 0 20 0
    endloop
  endfacet
  facet normal 0 0 -1
    outer loop
      vertex -3.92419 59.8715 0
      vertex -1.30806 19.9572 0
      vertex -2.61052 19.8289 0
    endloop
  endfacet
  facet normal 0 0 -1
    outer loop
      vertex -7.83157 59.4867 0
      vertex -2.61052 19.8289 0
      vertex -3.90181 19.6157 0
    endloop
  endfacet
  facet normal 0 0 -1
    outer loop
      vertex -1.30806 19.9572 0
      vertex -3.92419 59.8715 0
      vertex 0 60 0
    endloop
  endfacet
  facet normal 0 0 -1
    outer loop
      vertex -6.42879 18.9386 0
      vertex -25.8327 32.2122 0
      vertex -5.17638 19.3185 0
    endloop
  endfacet
  facet normal 0 0 -1
    outer loop
      vertex -25.8327 32.2122 0
      vertex -6.42879 18.9386 0
      vertex -25.8198 31.8198 0
    endloop
  endfacet
  facet normal 0 0 -1
    outer loop
      vertex -25.8198 31.8198 0
      vertex -6.42879 18.9386 0
      vertex -7.65367 18.4776 0
    endloop
  endfacet
  facet normal 0 0 -1
    outer loop
      vertex -2.61052 19.8289 0
      vertex -7.83157 59.4867 0
      vertex -3.92419 59.8715 0
    endloop
  endfacet
  facet normal 0 0 -1
    outer loop
      vertex -25.8198 31.8198 0
      vertex -7.65367 18.4776 0
      vertex -8.84577 17.9375 0
    endloop
  endfacet
  facet normal 0 0 -1
    outer loop
      vertex -25.8198 31.8198 0
      vertex -8.84577 17.9375 0
      vertex -10 17.3205 0
    endloop
  endfacet
  facet normal 0 0 -1
    outer loop
      vertex -25.8198 31.8198 0
      vertex -10 17.3205 0
      vertex -11.1114 16.6294 0
    endloop
  endfacet
  facet normal 0 0 -1
    outer loop
      vertex -3.90181 19.6157 0
      vertex -11.7054 58.8471 0
      vertex -7.83157 59.4867 0
    endloop
  endfacet
  facet normal 0 0 -1
    outer loop
      vertex -25.8198 31.8198 0
      vertex -11.1114 16.6294 0
      vertex -12.1752 15.8671 0
    endloop
  endfacet
  facet normal 0 0 -1
    outer loop
      vertex -25.8198 31.8198 0
      vertex -12.1752 15.8671 0
      vertex -13.1869 15.0368 0
    endloop
  endfacet
  facet normal 0 0 -1
    outer loop
      vertex -25.8198 31.8198 0
      vertex -13.1869 15.0368 0
      vertex -14.1421 14.1421 0
    endloop
  endfacet
  facet normal 0 0 -1
    outer loop
      vertex -25.8198 31.8198 0
      vertex -14.1421 14.1421 0
      vertex -15.0368 13.1869 0
    endloop
  endfacet
  facet normal 0 0 -1
    outer loop
      vertex -25.8711 32.603 0
      vertex -5.17638 19.3185 0
      vertex -25.8327 32.2122 0
    endloop
  endfacet
  facet normal 0 0 -1
    outer loop
      vertex -25.8198 31.8198 0
      vertex -15.0368 13.1869 0
      vertex -15.8671 12.1752 0
    endloop
  endfacet
  facet normal 0 0 -1
    outer loop
      vertex -25.8198 31.8198 0
      vertex -15.8671 12.1752 0
      vertex -16.6294 11.1114 0
    endloop
  endfacet
  facet normal 0 0 -1
    outer loop
      vertex -25.8198 31.8198 0
      vertex -16.6294 11.1114 0
      vertex -17.3205 10 0
    endloop
  endfacet
  facet normal 0 0 -1
    outer loop
      vertex -25.8198 31.8198 0
      vertex -17.3205 10 0
      vertex -17.9375 8.84577 0
    endloop
  endfacet
  facet normal 0 0 -1
    outer loop
      vertex -25.8198 31.8198 0
      vertex -17.9375 8.84577 0
      vertex -18.4776 7.65367 0
    endloop
  endfacet
  facet normal 0 0 -1
    outer loop
      vertex -25.8198 31.8198 0
      vertex -18.4776 7.65367 0
      vertex -18.9386 6.42879 0
    endloop
  endfacet
  facet normal 0 0 -1
    outer loop
      vertex -25.9351 32.9903 0
      vertex -5.17638 19.3185 0
      vertex -25.8711 32.603 0
    endloop
  endfacet
  facet normal 0 0 -1
    outer loop
      vertex -25.8198 31.8198 0
      vertex -18.9386 6.42879 0
      vertex -19.3185 5.17638 0
    endloop
  endfacet
  facet normal 0 0 -1
    outer loop
      vertex -25.8198 31.8198 0
      vertex -19.3185 5.17638 0
      vertex -19.6157 3.90181 0
    endloop
  endfacet
  facet normal 0 0 -1
    outer loop
      vertex -25.8198 31.8198 0
      vertex -19.6157 3.90181 0
      vertex -19.8289 2.61052 0
    endloop
  endfacet
  facet normal 0 0 -1
    outer loop
      vertex -25.8198 31.8198 0
      vertex -19.8289 2.61052 0
      vertex -19.9572 1.30806 0
    endloop
  endfacet
  facet normal 0 0 -1
    outer loop
      vertex -27.8637 -27.3088 0
      vertex -14.1421 -14.1421 0
      vertex -27.5772 -27.5772 0
    endloop
  endfacet
  facet normal 0 0 -1
    outer loop
      vertex -27.5772 -27.5772 0
      vertex -14.1421 -14.1421 0
      vertex -27.3088 -27.8637 0
    endloop
  endfacet
  facet normal 0 0 -1
    outer loop
      vertex -20 0 0
      vertex -25.8198 31.8198 0
      vertex -19.9572 1.30806 0
    endloop
  endfacet
  facet normal 0 0 -1
    outer loop
      vertex -5.17638 19.3185 0
      vertex -25.9351 32.9903 0
      vertex -3.90181 19.6157 0
    endloop
  endfacet
  facet normal 0 0 -1
    outer loop
      vertex -22.961 -55.4328 0
      vertex -25.8327 -32.2122 0
      vertex -25.8198 -31.8198 0
    endloop
  endfacet
  facet normal 0 0 -1
    outer loop
      vertex -22.961 -55.4328 0
      vertex -25.8711 -32.603 0
      vertex -25.8327 -32.2122 0
    endloop
  endfacet
  facet normal 0 0 -1
    outer loop
      vertex -22.961 -55.4328 0
      vertex -25.9351 -32.9903 0
      vertex -25.8711 -32.603 0
    endloop
  endfacet
  facet normal 0 0 -1
    outer loop
      vertex -22.961 -55.4328 0
      vertex -26.0243 -33.3727 0
      vertex -25.9351 -32.9903 0
    endloop
  endfacet
  facet normal 0 0 -1
    outer loop
      vertex -22.961 -55.4328 0
      vertex -26.1382 -33.7484 0
      vertex -26.0243 -33.3727 0
    endloop
  endfacet
  facet normal 0 0 -1
    outer loop
      vertex -22.961 -55.4328 0
      vertex -26.2765 -34.1159 0
      vertex -26.1382 -33.7484 0
    endloop
  endfacet
  facet normal 0 0 -1
    outer loop
      vertex -22.961 -55.4328 0
      vertex -26.4386 -34.4735 0
      vertex -26.2765 -34.1159 0
    endloop
  endfacet
  facet normal 0 0 -1
    outer loop
      vertex -27.8637 -36.3308 0
      vertex -22.961 -55.4328 0
      vertex -26.5373 -53.8124 0
    endloop
  endfacet
  facet normal 0 0 -1
    outer loop
      vertex -22.961 -55.4328 0
      vertex -26.6237 -34.8198 0
      vertex -26.4386 -34.4735 0
    endloop
  endfacet
  facet normal 0 0 -1
    outer loop
      vertex -22.961 -55.4328 0
      vertex -26.831 -35.1532 0
      vertex -26.6237 -34.8198 0
    endloop
  endfacet
  facet normal 0 0 -1
    outer loop
      vertex -22.961 -55.4328 0
      vertex -27.0597 -35.4724 0
      vertex -26.831 -35.1532 0
    endloop
  endfacet
  facet normal 0 0 -1
    outer loop
      vertex -22.961 -55.4328 0
      vertex -27.3088 -35.7759 0
      vertex -27.0597 -35.4724 0
    endloop
  endfacet
  facet normal 0 0 -1
    outer loop
      vertex -22.961 -55.4328 0
      vertex -27.5772 -36.0624 0
      vertex -27.3088 -35.7759 0
    endloop
  endfacet
  facet normal 0 0 -1
    outer loop
      vertex -22.961 -55.4328 0
      vertex -27.8637 -36.3308 0
      vertex -27.5772 -36.0624 0
    endloop
  endfacet
  facet normal 0 0 -1
    outer loop
      vertex -26.5373 -53.8124 0
      vertex -28.1672 -36.5799 0
      vertex -27.8637 -36.3308 0
    endloop
  endfacet
  facet normal 0 0 -1
    outer loop
      vertex -26.5373 -53.8124 0
      vertex -28.4864 -36.8086 0
      vertex -28.1672 -36.5799 0
    endloop
  endfacet
  facet normal 0 0 -1
    outer loop
      vertex -26.5373 -53.8124 0
      vertex -28.8198 -37.016 0
      vertex -28.4864 -36.8086 0
    endloop
  endfacet
  facet normal 0 0 -1
    outer loop
      vertex -30 -51.9615 0
      vertex -28.8198 -37.016 0
      vertex -26.5373 -53.8124 0
    endloop
  endfacet
  facet normal 0 0 -1
    outer loop
      vertex -28.8198 -37.016 0
      vertex -30 -51.9615 0
      vertex -29.1661 -37.201 0
    endloop
  endfacet
  facet normal 0 0 -1
    outer loop
      vertex -29.1661 -37.201 0
      vertex -30 -51.9615 0
      vertex -29.5237 -37.3631 0
    endloop
  endfacet
  facet normal 0 0 -1
    outer loop
      vertex -29.5237 -37.3631 0
      vertex -30 -51.9615 0
      vertex -29.8912 -37.5014 0
    endloop
  endfacet
  facet normal 0 0 -1
    outer loop
      vertex -30 -51.9615 0
      vertex -30.2669 -37.6154 0
      vertex -29.8912 -37.5014 0
    endloop
  endfacet
  facet normal 0 0 -1
    outer loop
      vertex -33.3342 -49.8882 0
      vertex -30.2669 -37.6154 0
      vertex -30 -51.9615 0
    endloop
  endfacet
  facet normal 0 0 -1
    outer loop
      vertex -30.2669 -37.6154 0
      vertex -33.3342 -49.8882 0
      vertex -30.6493 -37.7045 0
    endloop
  endfacet
  facet normal 0 0 -1
    outer loop
      vertex -30.6493 -37.7045 0
      vertex -33.3342 -49.8882 0
      vertex -31.0366 -37.7685 0
    endloop
  endfacet
  facet normal 0 0 -1
    outer loop
      vertex -31.0366 -37.7685 0
      vertex -33.3342 -49.8882 0
      vertex -31.4274 -37.807 0
    endloop
  endfacet
  facet normal 0 0 -1
    outer loop
      vertex -31.4274 -37.807 0
      vertex -33.3342 -49.8882 0
      vertex -31.8198 -37.8198 0
    endloop
  endfacet
  facet normal 0 0 -1
    outer loop
      vertex -36.5257 -47.6012 0
      vertex -31.8198 -37.8198 0
      vertex -33.3342 -49.8882 0
    endloop
  endfacet
  facet normal -0 0 -1
    outer loop
      vertex -31.8198 -37.8198 0
      vertex -36.5257 -47.6012 0
      vertex -32.2122 -37.807 0
    endloop
  endfacet
  facet normal -0 0 -1
    outer loop
      vertex -32.2122 -37.807 0
      vertex -36.5257 -47.6012 0
      vertex -32.603 -37.7685 0
    endloop
  endfacet
  facet normal -0 0 -1
    outer loop
      vertex -32.603 -37.7685 0
      vertex -36.5257 -47.6012 0
      vertex -32.9903 -37.7045 0
    endloop
  endfacet
  facet normal -0 0 -1
    outer loop
      vertex -32.9903 -37.7045 0
      vertex -36.5257 -47.6012 0
      vertex -33.3727 -37.6154 0
    endloop
  endfacet
  facet normal 0 0 -1
    outer loop
      vertex -39.5607 -45.1104 0
      vertex -33.3727 -37.6154 0
      vertex -36.5257 -47.6012 0
    endloop
  endfacet
  facet normal -0 0 -1
    outer loop
      vertex -33.3727 -37.6154 0
      vertex -39.5607 -45.1104 0
      vertex -33.7484 -37.5014 0
    endloop
  endfacet
  facet normal -0 0 -1
    outer loop
      vertex -33.7484 -37.5014 0
      vertex -39.5607 -45.1104 0
      vertex -34.1159 -37.3631 0
    endloop
  endfacet
  facet normal -0 0 -1
    outer loop
      vertex -34.1159 -37.3631 0
      vertex -39.5607 -45.1104 0
      vertex -34.4735 -37.201 0
    endloop
  endfacet
  facet normal -0 0 -1
    outer loop
      vertex -34.4735 -37.201 0
      vertex -39.5607 -45.1104 0
      vertex -34.8198 -37.016 0
    endloop
  endfacet
  facet normal -0 0 -1
    outer loop
      vertex -34.8198 -37.016 0
      vertex -39.5607 -45.1104 0
      vertex -35.1532 -36.8086 0
    endloop
  endfacet
  facet normal 0 0 -1
    outer loop
      vertex -42.4264 -42.4264 0
      vertex -35.1532 -36.8086 0
      vertex -39.5607 -45.1104 0
    endloop
  endfacet
  facet normal -0 0 -1
    outer loop
      vertex -35.1532 -36.8086 0
      vertex -42.4264 -42.4264 0
      vertex -35.4724 -36.5799 0
    endloop
  endfacet
  facet normal -0 0 -1
    outer loop
      vertex -35.4724 -36.5799 0
      vertex -42.4264 -42.4264 0
      vertex -35.7759 -36.3308 0
    endloop
  endfacet
  facet normal -0 0 -1
    outer loop
      vertex -35.7759 -36.3308 0
      vertex -42.4264 -42.4264 0
      vertex -36.0624 -36.0624 0
    endloop
  endfacet
  facet normal -0 0 -1
    outer loop
      vertex -36.0624 -36.0624 0
      vertex -42.4264 -42.4264 0
      vertex -36.3308 -35.7759 0
    endloop
  endfacet
  facet normal -0 0 -1
    outer loop
      vertex -36.3308 -35.7759 0
      vertex -42.4264 -42.4264 0
      vertex -36.5799 -35.4724 0
    endloop
  endfacet
  facet normal -0 0 -1
    outer loop
      vertex -36.5799 -35.4724 0
      vertex -42.4264 -42.4264 0
      vertex -36.8086 -35.1532 0
    endloop
  endfacet
  facet normal 0 0 -1
    outer loop
      vertex -45.1104 -39.5607 0
      vertex -36.8086 -35.1532 0
      vertex -42.4264 -42.4264 0
    endloop
  endfacet
  facet normal -0 0 -1
    outer loop
      vertex -36.8086 -35.1532 0
      vertex -45.1104 -39.5607 0
      vertex -37.016 -34.8198 0
    endloop
  endfacet
  facet normal -0 0 -1
    outer loop
      vertex -37.016 -34.8198 0
      vertex -45.1104 -39.5607 0
      vertex -37.201 -34.4735 0
    endloop
  endfacet
  facet normal -0 0 -1
    outer loop
      vertex -37.201 -34.4735 0
      vertex -45.1104 -39.5607 0
      vertex -37.3631 -34.1159 0
    endloop
  endfacet
  facet normal -0 0 -1
    outer loop
      vertex -37.3631 -34.1159 0
      vertex -45.1104 -39.5607 0
      vertex -37.5014 -33.7484 0
    endloop
  endfacet
  facet normal -0 0 -1
    outer loop
      vertex -37.5014 -33.7484 0
      vertex -45.1104 -39.5607 0
      vertex -37.6154 -33.3727 0
    endloop
  endfacet
  facet normal -0 0 -1
    outer loop
      vertex -37.7045 -32.9903 0
      vertex -47.6012 -36.5257 0
      vertex -37.7685 -32.603 0
    endloop
  endfacet
  facet normal -0 0 -1
    outer loop
      vertex -37.6154 -33.3727 0
      vertex -47.6012 -36.5257 0
      vertex -37.7045 -32.9903 0
    endloop
  endfacet
  facet normal 0 0 -1
    outer loop
      vertex -47.6012 -36.5257 0
      vertex -37.6154 -33.3727 0
      vertex -45.1104 -39.5607 0
    endloop
  endfacet
  facet normal 0 0 -1
    outer loop
      vertex 36.8086 -28.4864 0
      vertex 53.8124 -26.5373 0
      vertex 37.016 -28.8198 0
    endloop
  endfacet
  facet normal 0 0 -1
    outer loop
      vertex 60 0 0
      vertex 37.807 31.4274 0
      vertex 37.8198 31.8198 0
    endloop
  endfacet
  facet normal 0 0 -1
    outer loop
      vertex 36.5799 -28.1672 0
      vertex 53.8124 -26.5373 0
      vertex 36.8086 -28.4864 0
    endloop
  endfacet
  facet normal 0 0 -1
    outer loop
      vertex 60 0 0
      vertex 37.7685 31.0366 0
      vertex 37.807 31.4274 0
    endloop
  endfacet
  facet normal 0 0 -1
    outer loop
      vertex 36.3308 -27.8637 0
      vertex 53.8124 -26.5373 0
      vertex 36.5799 -28.1672 0
    endloop
  endfacet
  facet normal 0 0 -1
    outer loop
      vertex 60 0 0
      vertex 37.7045 30.6493 0
      vertex 37.7685 31.0366 0
    endloop
  endfacet
  facet normal -0 0 -1
    outer loop
      vertex 53.8124 -26.5373 0
      vertex 36.3308 -27.8637 0
      vertex 55.4328 -22.961 0
    endloop
  endfacet
  facet normal 0 0 -1
    outer loop
      vertex 60 0 0
      vertex 37.6154 30.2669 0
      vertex 37.7045 30.6493 0
    endloop
  endfacet
  facet normal 0 0 -1
    outer loop
      vertex 36.0624 -27.5772 0
      vertex 55.4328 -22.961 0
      vertex 36.3308 -27.8637 0
    endloop
  endfacet
  facet normal 0 0 -1
    outer loop
      vertex 60 0 0
      vertex 37.5014 29.8912 0
      vertex 37.6154 30.2669 0
    endloop
  endfacet
  facet normal 0 0 -1
    outer loop
      vertex 35.7759 -27.3088 0
      vertex 55.4328 -22.961 0
      vertex 36.0624 -27.5772 0
    endloop
  endfacet
  facet normal 0 0 -1
    outer loop
      vertex 60 0 0
      vertex 37.3631 29.5237 0
      vertex 37.5014 29.8912 0
    endloop
  endfacet
  facet normal 0 0 -1
    outer loop
      vertex 35.4724 -27.0597 0
      vertex 55.4328 -22.961 0
      vertex 35.7759 -27.3088 0
    endloop
  endfacet
  facet normal 0 0 -1
    outer loop
      vertex 60 0 0
      vertex 37.201 29.1661 0
      vertex 37.3631 29.5237 0
    endloop
  endfacet
  facet normal -0 0 -1
    outer loop
      vertex 55.4328 -22.961 0
      vertex 35.4724 -27.0597 0
      vertex 56.8158 -19.2864 0
    endloop
  endfacet
  facet normal 0 0 -1
    outer loop
      vertex 60 0 0
      vertex 37.016 28.8198 0
      vertex 37.201 29.1661 0
    endloop
  endfacet
  facet normal 0 0 -1
    outer loop
      vertex 35.1532 -26.831 0
      vertex 56.8158 -19.2864 0
      vertex 35.4724 -27.0597 0
    endloop
  endfacet
  facet normal 0 0 -1
    outer loop
      vertex 60 0 0
      vertex 36.8086 28.4864 0
      vertex 37.016 28.8198 0
    endloop
  endfacet
  facet normal 0 0 -1
    outer loop
      vertex 34.8198 -26.6237 0
      vertex 56.8158 -19.2864 0
      vertex 35.1532 -26.831 0
    endloop
  endfacet
  facet normal 0 0 -1
    outer loop
      vertex 60 0 0
      vertex 36.5799 28.1672 0
      vertex 36.8086 28.4864 0
    endloop
  endfacet
  facet normal -0 0 -1
    outer loop
      vertex 56.8158 -19.2864 0
      vertex 34.8198 -26.6237 0
      vertex 57.9556 -15.5291 0
    endloop
  endfacet
  facet normal 0 0 -1
    outer loop
      vertex 60 0 0
      vertex 36.3308 27.8637 0
      vertex 36.5799 28.1672 0
    endloop
  endfacet
  facet normal 0 0 -1
    outer loop
      vertex 34.4735 -26.4386 0
      vertex 57.9556 -15.5291 0
      vertex 34.8198 -26.6237 0
    endloop
  endfacet
  facet normal 0 0 -1
    outer loop
      vertex 60 0 0
      vertex 36.0624 27.5772 0
      vertex 36.3308 27.8637 0
    endloop
  endfacet
  facet normal 0 0 -1
    outer loop
      vertex 34.1159 -26.2765 0
      vertex 57.9556 -15.5291 0
      vertex 34.4735 -26.4386 0
    endloop
  endfacet
  facet normal 0 0 -1
    outer loop
      vertex 60 0 0
      vertex 35.7759 27.3088 0
      vertex 36.0624 27.5772 0
    endloop
  endfacet
  facet normal -0 0 -1
    outer loop
      vertex 57.9556 -15.5291 0
      vertex 34.1159 -26.2765 0
      vertex 58.8471 -11.7054 0
    endloop
  endfacet
  facet normal 0 0 -1
    outer loop
      vertex 60 0 0
      vertex 35.4724 27.0597 0
      vertex 35.7759 27.3088 0
    endloop
  endfacet
  facet normal 0 0 -1
    outer loop
      vertex 33.7484 -26.1382 0
      vertex 58.8471 -11.7054 0
      vertex 34.1159 -26.2765 0
    endloop
  endfacet
  facet normal 0 0 -1
    outer loop
      vertex 60 0 0
      vertex 35.1532 26.831 0
      vertex 35.4724 27.0597 0
    endloop
  endfacet
  facet normal 0 0 -1
    outer loop
      vertex 19.6157 -3.90181 0
      vertex 58.8471 -11.7054 0
      vertex 33.7484 -26.1382 0
    endloop
  endfacet
  facet normal 0 0 -1
    outer loop
      vertex 60 0 0
      vertex 34.8198 26.6237 0
      vertex 35.1532 26.831 0
    endloop
  endfacet
  facet normal 0 0 -1
    outer loop
      vertex 58.8471 -11.7054 0
      vertex 19.6157 -3.90181 0
      vertex 59.4867 -7.83157 0
    endloop
  endfacet
  facet normal 0 0 -1
    outer loop
      vertex 19.9572 1.30806 0
      vertex 60 0 0
      vertex 20 0 0
    endloop
  endfacet
  facet normal 0 0 -1
    outer loop
      vertex 59.4867 -7.83157 0
      vertex 19.8289 -2.61052 0
      vertex 59.8715 -3.92419 0
    endloop
  endfacet
  facet normal 0 0 -1
    outer loop
      vertex 60 0 0
      vertex 34.4735 26.4386 0
      vertex 34.8198 26.6237 0
    endloop
  endfacet
  facet normal 0 -0 -1
    outer loop
      vertex 19.9572 -1.30806 0
      vertex 59.8715 -3.92419 0
      vertex 19.8289 -2.61052 0
    endloop
  endfacet
  facet normal 0 0 -1
    outer loop
      vertex 60 0 0
      vertex 34.1159 26.2765 0
      vertex 34.4735 26.4386 0
    endloop
  endfacet
  facet normal 0 0 -1
    outer loop
      vertex 19.6157 -3.90181 0
      vertex 33.7484 -26.1382 0
      vertex 33.3727 -26.0243 0
    endloop
  endfacet
  facet normal 0 0 -1
    outer loop
      vertex 60 0 0
      vertex 33.7484 26.1382 0
      vertex 34.1159 26.2765 0
    endloop
  endfacet
  facet normal 0 0 -1
    outer loop
      vertex 19.6157 -3.90181 0
      vertex 33.3727 -26.0243 0
      vertex 32.9903 -25.9351 0
    endloop
  endfacet
  facet normal 0 0 -1
    outer loop
      vertex 19.8289 2.61052 0
      vertex 60 0 0
      vertex 19.9572 1.30806 0
    endloop
  endfacet
  facet normal 0 0 -1
    outer loop
      vertex 19.3185 -5.17638 0
      vertex 32.9903 -25.9351 0
      vertex 32.603 -25.8711 0
    endloop
  endfacet
  facet normal 0 0 -1
    outer loop
      vertex 60 0 0
      vertex 19.8289 2.61052 0
      vertex 33.7484 26.1382 0
    endloop
  endfacet
  facet normal 0 0 -1
    outer loop
      vertex 19.3185 -5.17638 0
      vertex 32.603 -25.8711 0
      vertex 32.2122 -25.8327 0
    endloop
  endfacet
  facet normal 0 0 -1
    outer loop
      vertex 19.6157 3.90181 0
      vertex 33.7484 26.1382 0
      vertex 19.8289 2.61052 0
    endloop
  endfacet
  facet normal 0 0 -1
    outer loop
      vertex 18.9386 -6.42879 0
      vertex 32.2122 -25.8327 0
      vertex 31.8198 -25.8198 0
    endloop
  endfacet
  facet normal 0 0 -1
    outer loop
      vertex 33.7484 26.1382 0
      vertex 19.6157 3.90181 0
      vertex 33.3727 26.0243 0
    endloop
  endfacet
  facet normal 0 0 -1
    outer loop
      vertex 18.4776 -7.65367 0
      vertex 31.8198 -25.8198 0
      vertex 31.4274 -25.8327 0
    endloop
  endfacet
  facet normal 0 0 -1
    outer loop
      vertex 33.3727 26.0243 0
      vertex 19.6157 3.90181 0
      vertex 32.9903 25.9351 0
    endloop
  endfacet
  facet normal 0 0 -1
    outer loop
      vertex 18.4776 -7.65367 0
      vertex 31.4274 -25.8327 0
      vertex 31.0366 -25.8711 0
    endloop
  endfacet
  facet normal 0 0 -1
    outer loop
      vertex 19.3185 5.17638 0
      vertex 32.9903 25.9351 0
      vertex 19.6157 3.90181 0
    endloop
  endfacet
  facet normal 0 0 -1
    outer loop
      vertex 17.9375 -8.84577 0
      vertex 31.0366 -25.8711 0
      vertex 30.6493 -25.9351 0
    endloop
  endfacet
  facet normal 0 0 -1
    outer loop
      vertex 32.9903 25.9351 0
      vertex 19.3185 5.17638 0
      vertex 32.603 25.8711 0
    endloop
  endfacet
  facet normal 0 0 -1
    outer loop
      vertex 17.9375 -8.84577 0
      vertex 30.6493 -25.9351 0
      vertex 30.2669 -26.0243 0
    endloop
  endfacet
  facet normal 0 0 -1
    outer loop
      vertex 32.603 25.8711 0
      vertex 19.3185 5.17638 0
      vertex 32.2122 25.8327 0
    endloop
  endfacet
  facet normal 0 0 -1
    outer loop
      vertex 17.3205 -10 0
      vertex 30.2669 -26.0243 0
      vertex 29.8912 -26.1382 0
    endloop
  endfacet
  facet normal 0 0 -1
    outer loop
      vertex 18.9386 6.42879 0
      vertex 32.2122 25.8327 0
      vertex 19.3185 5.17638 0
    endloop
  endfacet
  facet normal 0 0 -1
    outer loop
      vertex 17.3205 -10 0
      vertex 29.8912 -26.1382 0
      vertex 29.5237 -26.2765 0
    endloop
  endfacet
  facet normal 0 0 -1
    outer loop
      vertex 32.2122 25.8327 0
      vertex 18.9386 6.42879 0
      vertex 31.8198 25.8198 0
    endloop
  endfacet
  facet normal 0 0 -1
    outer loop
      vertex 16.6294 -11.1114 0
      vertex 29.5237 -26.2765 0
      vertex 29.1661 -26.4386 0
    endloop
  endfacet
  facet normal 0 0 -1
    outer loop
      vertex 18.4776 7.65367 0
      vertex 31.8198 25.8198 0
      vertex 18.9386 6.42879 0
    endloop
  endfacet
  facet normal 0 0 -1
    outer loop
      vertex 15.8671 -12.1752 0
      vertex 29.1661 -26.4386 0
      vertex 28.8198 -26.6237 0
    endloop
  endfacet
  facet normal -0 0 -1
    outer loop
      vertex 31.8198 25.8198 0
      vertex 18.4776 7.65367 0
      vertex 31.4274 25.8327 0
    endloop
  endfacet
  facet normal 0 0 -1
    outer loop
      vertex 15.8671 -12.1752 0
      vertex 28.8198 -26.6237 0
      vertex 28.4864 -26.831 0
    endloop
  endfacet
  facet normal -0 0 -1
    outer loop
      vertex 31.4274 25.8327 0
      vertex 18.4776 7.65367 0
      vertex 31.0366 25.8711 0
    endloop
  endfacet
  facet normal 0 0 -1
    outer loop
      vertex 15.0368 -13.1869 0
      vertex 28.4864 -26.831 0
      vertex 28.1672 -27.0597 0
    endloop
  endfacet
  facet normal 0 0 -1
    outer loop
      vertex 17.9375 8.84577 0
      vertex 31.0366 25.8711 0
      vertex 18.4776 7.65367 0
    endloop
  endfacet
  facet normal 0 0 -1
    outer loop
      vertex 15.0368 -13.1869 0
      vertex 28.1672 -27.0597 0
      vertex 27.8637 -27.3088 0
    endloop
  endfacet
  facet normal -0 0 -1
    outer loop
      vertex 31.0366 25.8711 0
      vertex 17.9375 8.84577 0
      vertex 30.6493 25.9351 0
    endloop
  endfacet
  facet normal 0 0 -1
    outer loop
      vertex 14.1421 -14.1421 0
      vertex 27.8637 -27.3088 0
      vertex 27.5772 -27.5772 0
    endloop
  endfacet
  facet normal -0 0 -1
    outer loop
      vertex 30.6493 25.9351 0
      vertex 17.9375 8.84577 0
      vertex 30.2669 26.0243 0
    endloop
  endfacet
  facet normal 0 0 -1
    outer loop
      vertex 14.1421 -14.1421 0
      vertex 27.5772 -27.5772 0
      vertex 27.3088 -27.8637 0
    endloop
  endfacet
  facet normal 0 0 -1
    outer loop
      vertex 17.3205 10 0
      vertex 30.2669 26.0243 0
      vertex 17.9375 8.84577 0
    endloop
  endfacet
  facet normal 0 0 -1
    outer loop
      vertex 13.1869 -15.0368 0
      vertex 27.3088 -27.8637 0
      vertex 27.0597 -28.1672 0
    endloop
  endfacet
  facet normal -0 0 -1
    outer loop
      vertex 30.2669 26.0243 0
      vertex 17.3205 10 0
      vertex 29.8912 26.1382 0
    endloop
  endfacet
  facet normal 0 0 -1
    outer loop
      vertex 13.1869 -15.0368 0
      vertex 27.0597 -28.1672 0
      vertex 26.831 -28.4864 0
    endloop
  endfacet
  facet normal -0 0 -1
    outer loop
      vertex 29.8912 26.1382 0
      vertex 17.3205 10 0
      vertex 29.5237 26.2765 0
    endloop
  endfacet
  facet normal 0 0 -1
    outer loop
      vertex 12.1752 -15.8671 0
      vertex 26.831 -28.4864 0
      vertex 26.6237 -28.8198 0
    endloop
  endfacet
  facet normal 0 0 -1
    outer loop
      vertex 16.6294 11.1114 0
      vertex 29.5237 26.2765 0
      vertex 17.3205 10 0
    endloop
  endfacet
  facet normal 0 0 -1
    outer loop
      vertex 12.1752 -15.8671 0
      vertex 26.6237 -28.8198 0
      vertex 26.4386 -29.1661 0
    endloop
  endfacet
  facet normal -0 0 -1
    outer loop
      vertex 29.5237 26.2765 0
      vertex 16.6294 11.1114 0
      vertex 29.1661 26.4386 0
    endloop
  endfacet
  facet normal 0 0 -1
    outer loop
      vertex 11.1114 -16.6294 0
      vertex 26.4386 -29.1661 0
      vertex 26.2765 -29.5237 0
    endloop
  endfacet
  facet normal 0 0 -1
    outer loop
      vertex 15.8671 12.1752 0
      vertex 29.1661 26.4386 0
      vertex 16.6294 11.1114 0
    endloop
  endfacet
  facet normal 0 0 -1
    outer loop
      vertex 11.1114 -16.6294 0
      vertex 26.2765 -29.5237 0
      vertex 26.1382 -29.8912 0
    endloop
  endfacet
  facet normal -0 0 -1
    outer loop
      vertex 29.1661 26.4386 0
      vertex 15.8671 12.1752 0
      vertex 28.8198 26.6237 0
    endloop
  endfacet
  facet normal 0 0 -1
    outer loop
      vertex 10 -17.3205 0
      vertex 26.1382 -29.8912 0
      vertex 26.0243 -30.2669 0
    endloop
  endfacet
  facet normal -0 0 -1
    outer loop
      vertex 28.8198 26.6237 0
      vertex 15.8671 12.1752 0
      vertex 28.4864 26.831 0
    endloop
  endfacet
  facet normal 0 0 -1
    outer loop
      vertex 8.84577 -17.9375 0
      vertex 26.0243 -30.2669 0
      vertex 25.9351 -30.6493 0
    endloop
  endfacet
  facet normal 0 0 -1
    outer loop
      vertex 15.0368 13.1869 0
      vertex 28.4864 26.831 0
      vertex 15.8671 12.1752 0
    endloop
  endfacet
  facet normal 0 0 -1
    outer loop
      vertex 8.84577 -17.9375 0
      vertex 25.9351 -30.6493 0
      vertex 25.8711 -31.0366 0
    endloop
  endfacet
  facet normal -0 0 -1
    outer loop
      vertex 28.4864 26.831 0
      vertex 15.0368 13.1869 0
      vertex 28.1672 27.0597 0
    endloop
  endfacet
  facet normal 0 0 -1
    outer loop
      vertex 7.65367 -18.4776 0
      vertex 25.8711 -31.0366 0
      vertex 25.8327 -31.4274 0
    endloop
  endfacet
  facet normal -0 0 -1
    outer loop
      vertex 28.1672 27.0597 0
      vertex 15.0368 13.1869 0
      vertex 27.8637 27.3088 0
    endloop
  endfacet
  facet normal 0 0 -1
    outer loop
      vertex 7.65367 -18.4776 0
      vertex 25.8327 -31.4274 0
      vertex 25.8198 -31.8198 0
    endloop
  endfacet
  facet normal 0 0 -1
    outer loop
      vertex 14.1421 14.1421 0
      vertex 27.8637 27.3088 0
      vertex 15.0368 13.1869 0
    endloop
  endfacet
  facet normal 0 0 -1
    outer loop
      vertex 37.016 -28.8198 0
      vertex 51.9615 -30 0
      vertex 37.201 -29.1661 0
    endloop
  endfacet
  facet normal 0 0 -1
    outer loop
      vertex 37.201 -29.1661 0
      vertex 51.9615 -30 0
      vertex 37.3631 -29.5237 0
    endloop
  endfacet
  facet normal 0 0 -1
    outer loop
      vertex 51.9615 -30 0
      vertex 37.016 -28.8198 0
      vertex 53.8124 -26.5373 0
    endloop
  endfacet
  facet normal 0 0 -1
    outer loop
      vertex 37.3631 -29.5237 0
      vertex 51.9615 -30 0
      vertex 37.5014 -29.8912 0
    endloop
  endfacet
  facet normal 0 0 -1
    outer loop
      vertex 60 0 0
      vertex 37.8198 31.8198 0
      vertex 59.8715 3.92419 0
    endloop
  endfacet
  facet normal 0 0 -1
    outer loop
      vertex 37.5014 -29.8912 0
      vertex 51.9615 -30 0
      vertex 37.6154 -30.2669 0
    endloop
  endfacet
  facet normal 0 0 -1
    outer loop
      vertex 59.8715 3.92419 0
      vertex 37.8198 31.8198 0
      vertex 59.4867 7.83157 0
    endloop
  endfacet
  facet normal 0 0 -1
    outer loop
      vertex 49.8882 -33.3342 0
      vertex 37.6154 -30.2669 0
      vertex 51.9615 -30 0
    endloop
  endfacet
  facet normal 0 0 -1
    outer loop
      vertex 59.4867 7.83157 0
      vertex 37.8198 31.8198 0
      vertex 58.8471 11.7054 0
    endloop
  endfacet
  facet normal 0 0 -1
    outer loop
      vertex 37.6154 -30.2669 0
      vertex 49.8882 -33.3342 0
      vertex 37.7045 -30.6493 0
    endloop
  endfacet
  facet normal 0 0 -1
    outer loop
      vertex 58.8471 11.7054 0
      vertex 37.8198 31.8198 0
      vertex 57.9556 15.5291 0
    endloop
  endfacet
  facet normal 0 0 -1
    outer loop
      vertex 37.7045 -30.6493 0
      vertex 49.8882 -33.3342 0
      vertex 37.7685 -31.0366 0
    endloop
  endfacet
  facet normal 0 0 -1
    outer loop
      vertex 57.9556 15.5291 0
      vertex 37.8198 31.8198 0
      vertex 56.8158 19.2864 0
    endloop
  endfacet
  facet normal 0 0 -1
    outer loop
      vertex 37.7685 -31.0366 0
      vertex 49.8882 -33.3342 0
      vertex 37.807 -31.4274 0
    endloop
  endfacet
  facet normal 0 0 -1
    outer loop
      vertex 56.8158 19.2864 0
      vertex 37.8198 31.8198 0
      vertex 55.4328 22.961 0
    endloop
  endfacet
  facet normal 0 0 -1
    outer loop
      vertex 37.807 -31.4274 0
      vertex 49.8882 -33.3342 0
      vertex 37.8198 -31.8198 0
    endloop
  endfacet
  facet normal 0 0 -1
    outer loop
      vertex 55.4328 22.961 0
      vertex 37.8198 31.8198 0
      vertex 53.8124 26.5373 0
    endloop
  endfacet
  facet normal 0 0 -1
    outer loop
      vertex 37.8198 -31.8198 0
      vertex 49.8882 -33.3342 0
      vertex 47.6012 -36.5257 0
    endloop
  endfacet
  facet normal 0 0 -1
    outer loop
      vertex 53.8124 26.5373 0
      vertex 37.8198 31.8198 0
      vertex 51.9615 30 0
    endloop
  endfacet
  facet normal 0 0 -1
    outer loop
      vertex 37.6154 -33.3727 0
      vertex 47.6012 -36.5257 0
      vertex 45.1104 -39.5607 0
    endloop
  endfacet
  facet normal 0 0 -1
    outer loop
      vertex 51.9615 30 0
      vertex 37.8198 31.8198 0
      vertex 49.8882 33.3342 0
    endloop
  endfacet
  facet normal 0 0 -1
    outer loop
      vertex 36.8086 -35.1532 0
      vertex 45.1104 -39.5607 0
      vertex 42.4264 -42.4264 0
    endloop
  endfacet
  facet normal -0 0 -1
    outer loop
      vertex 49.8882 33.3342 0
      vertex 37.8198 31.8198 0
      vertex 47.6012 36.5257 0
    endloop
  endfacet
  facet normal 0 0 -1
    outer loop
      vertex 35.1532 -36.8086 0
      vertex 42.4264 -42.4264 0
      vertex 39.5607 -45.1104 0
    endloop
  endfacet
  facet normal 0 0 -1
    outer loop
      vertex 37.807 32.2122 0
      vertex 47.6012 36.5257 0
      vertex 37.8198 31.8198 0
    endloop
  endfacet
  facet normal 0 0 -1
    outer loop
      vertex 37.7685 32.603 0
      vertex 47.6012 36.5257 0
      vertex 37.807 32.2122 0
    endloop
  endfacet
  facet normal 0 0 -1
    outer loop
      vertex 47.6012 -36.5257 0
      vertex 37.807 -32.2122 0
      vertex 37.8198 -31.8198 0
    endloop
  endfacet
  facet normal 0 0 -1
    outer loop
      vertex 47.6012 -36.5257 0
      vertex 37.7685 -32.603 0
      vertex 37.807 -32.2122 0
    endloop
  endfacet
  facet normal 0 0 -1
    outer loop
      vertex 47.6012 -36.5257 0
      vertex 37.7045 -32.9903 0
      vertex 37.7685 -32.603 0
    endloop
  endfacet
  facet normal 0 0 -1
    outer loop
      vertex 47.6012 -36.5257 0
      vertex 37.6154 -33.3727 0
      vertex 37.7045 -32.9903 0
    endloop
  endfacet
  facet normal 0 0 -1
    outer loop
      vertex 45.1104 -39.5607 0
      vertex 37.5014 -33.7484 0
      vertex 37.6154 -33.3727 0
    endloop
  endfacet
  facet normal 0 0 -1
    outer loop
      vertex 45.1104 -39.5607 0
      vertex 37.3631 -34.1159 0
      vertex 37.5014 -33.7484 0
    endloop
  endfacet
  facet normal 0 0 -1
    outer loop
      vertex 45.1104 -39.5607 0
      vertex 37.201 -34.4735 0
      vertex 37.3631 -34.1159 0
    endloop
  endfacet
  facet normal 0 0 -1
    outer loop
      vertex 45.1104 -39.5607 0
      vertex 37.016 -34.8198 0
      vertex 37.201 -34.4735 0
    endloop
  endfacet
  facet normal 0 0 -1
    outer loop
      vertex 45.1104 -39.5607 0
      vertex 36.8086 -35.1532 0
      vertex 37.016 -34.8198 0
    endloop
  endfacet
  facet normal 0 0 -1
    outer loop
      vertex 42.4264 -42.4264 0
      vertex 36.5799 -35.4724 0
      vertex 36.8086 -35.1532 0
    endloop
  endfacet
  facet normal 0 0 -1
    outer loop
      vertex 33.3727 -37.6154 0
      vertex 39.5607 -45.1104 0
      vertex 36.5257 -47.6012 0
    endloop
  endfacet
  facet normal 0 0 -1
    outer loop
      vertex 42.4264 -42.4264 0
      vertex 36.3308 -35.7759 0
      vertex 36.5799 -35.4724 0
    endloop
  endfacet
  facet normal 0 0 -1
    outer loop
      vertex 42.4264 -42.4264 0
      vertex 36.0624 -36.0624 0
      vertex 36.3308 -35.7759 0
    endloop
  endfacet
  facet normal 0 0 -1
    outer loop
      vertex 42.4264 -42.4264 0
      vertex 35.7759 -36.3308 0
      vertex 36.0624 -36.0624 0
    endloop
  endfacet
  facet normal 0 0 -1
    outer loop
      vertex 42.4264 -42.4264 0
      vertex 35.4724 -36.5799 0
      vertex 35.7759 -36.3308 0
    endloop
  endfacet
  facet normal 0 0 -1
    outer loop
      vertex 42.4264 -42.4264 0
      vertex 35.1532 -36.8086 0
      vertex 35.4724 -36.5799 0
    endloop
  endfacet
  facet normal 0 0 -1
    outer loop
      vertex 39.5607 -45.1104 0
      vertex 34.8198 -37.016 0
      vertex 35.1532 -36.8086 0
    endloop
  endfacet
  facet normal 0 0 -1
    outer loop
      vertex 39.5607 -45.1104 0
      vertex 34.4735 -37.201 0
      vertex 34.8198 -37.016 0
    endloop
  endfacet
  facet normal 0 0 -1
    outer loop
      vertex 39.5607 -45.1104 0
      vertex 34.1159 -37.3631 0
      vertex 34.4735 -37.201 0
    endloop
  endfacet
  facet normal 0 0 -1
    outer loop
      vertex 39.5607 -45.1104 0
      vertex 33.7484 -37.5014 0
      vertex 34.1159 -37.3631 0
    endloop
  endfacet
  facet normal 0 0 -1
    outer loop
      vertex 39.5607 -45.1104 0
      vertex 33.3727 -37.6154 0
      vertex 33.7484 -37.5014 0
    endloop
  endfacet
  facet normal 0 0 -1
    outer loop
      vertex 31.8198 -37.8198 0
      vertex 36.5257 -47.6012 0
      vertex 33.3342 -49.8882 0
    endloop
  endfacet
  facet normal 0 0 -1
    outer loop
      vertex 36.5257 -47.6012 0
      vertex 32.9903 -37.7045 0
      vertex 33.3727 -37.6154 0
    endloop
  endfacet
  facet normal 0 0 -1
    outer loop
      vertex 36.5257 -47.6012 0
      vertex 32.603 -37.7685 0
      vertex 32.9903 -37.7045 0
    endloop
  endfacet
  facet normal 0 0 -1
    outer loop
      vertex 36.5257 -47.6012 0
      vertex 32.2122 -37.807 0
      vertex 32.603 -37.7685 0
    endloop
  endfacet
  facet normal 0 0 -1
    outer loop
      vertex 36.5257 -47.6012 0
      vertex 31.8198 -37.8198 0
      vertex 32.2122 -37.807 0
    endloop
  endfacet
  facet normal 0 0 -1
    outer loop
      vertex 33.3342 -49.8882 0
      vertex 31.4274 -37.807 0
      vertex 31.8198 -37.8198 0
    endloop
  endfacet
  facet normal 0 0 -1
    outer loop
      vertex 33.3342 -49.8882 0
      vertex 31.0366 -37.7685 0
      vertex 31.4274 -37.807 0
    endloop
  endfacet
  facet normal 0 0 -1
    outer loop
      vertex 33.3342 -49.8882 0
      vertex 30.6493 -37.7045 0
      vertex 31.0366 -37.7685 0
    endloop
  endfacet
  facet normal 0 0 -1
    outer loop
      vertex 33.3342 -49.8882 0
      vertex 30.2669 -37.6154 0
      vertex 30.6493 -37.7045 0
    endloop
  endfacet
  facet normal 0 0 -1
    outer loop
      vertex 30 -51.9615 0
      vertex 30.2669 -37.6154 0
      vertex 33.3342 -49.8882 0
    endloop
  endfacet
  facet normal 0 0 -1
    outer loop
      vertex 30 -51.9615 0
      vertex 29.8912 -37.5014 0
      vertex 30.2669 -37.6154 0
    endloop
  endfacet
  facet normal 0 0 -1
    outer loop
      vertex 30 -51.9615 0
      vertex 29.5237 -37.3631 0
      vertex 29.8912 -37.5014 0
    endloop
  endfacet
  facet normal 0 0 -1
    outer loop
      vertex 30 -51.9615 0
      vertex 29.1661 -37.201 0
      vertex 29.5237 -37.3631 0
    endloop
  endfacet
  facet normal 0 0 -1
    outer loop
      vertex 30 -51.9615 0
      vertex 28.8198 -37.016 0
      vertex 29.1661 -37.201 0
    endloop
  endfacet
  facet normal 0 0 -1
    outer loop
      vertex 26.5373 -53.8124 0
      vertex 28.8198 -37.016 0
      vertex 30 -51.9615 0
    endloop
  endfacet
  facet normal -0 0 -1
    outer loop
      vertex 28.8198 -37.016 0
      vertex 26.5373 -53.8124 0
      vertex 28.4864 -36.8086 0
    endloop
  endfacet
  facet normal -0 0 -1
    outer loop
      vertex 28.4864 -36.8086 0
      vertex 26.5373 -53.8124 0
      vertex 28.1672 -36.5799 0
    endloop
  endfacet
  facet normal -0 0 -1
    outer loop
      vertex 28.1672 -36.5799 0
      vertex 26.5373 -53.8124 0
      vertex 27.8637 -36.3308 0
    endloop
  endfacet
  facet normal 0 0 -1
    outer loop
      vertex 22.961 -55.4328 0
      vertex 27.8637 -36.3308 0
      vertex 26.5373 -53.8124 0
    endloop
  endfacet
  facet normal -0 0 -1
    outer loop
      vertex 27.8637 -36.3308 0
      vertex 22.961 -55.4328 0
      vertex 27.5772 -36.0624 0
    endloop
  endfacet
  facet normal -0 0 -1
    outer loop
      vertex 27.5772 -36.0624 0
      vertex 22.961 -55.4328 0
      vertex 27.3088 -35.7759 0
    endloop
  endfacet
  facet normal -0 0 -1
    outer loop
      vertex 27.3088 -35.7759 0
      vertex 22.961 -55.4328 0
      vertex 27.0597 -35.4724 0
    endloop
  endfacet
  facet normal 0 0 -1
    outer loop
      vertex 19.2864 -56.8158 0
      vertex 27.0597 -35.4724 0
      vertex 22.961 -55.4328 0
    endloop
  endfacet
  facet normal -0 0 -1
    outer loop
      vertex 27.0597 -35.4724 0
      vertex 19.2864 -56.8158 0
      vertex 26.831 -35.1532 0
    endloop
  endfacet
  facet normal -0 0 -1
    outer loop
      vertex 26.831 -35.1532 0
      vertex 19.2864 -56.8158 0
      vertex 26.6237 -34.8198 0
    endloop
  endfacet
  facet normal 0 0 -1
    outer loop
      vertex 15.5291 -57.9556 0
      vertex 26.6237 -34.8198 0
      vertex 19.2864 -56.8158 0
    endloop
  endfacet
  facet normal -0 0 -1
    outer loop
      vertex 26.6237 -34.8198 0
      vertex 15.5291 -57.9556 0
      vertex 26.4386 -34.4735 0
    endloop
  endfacet
  facet normal -0 0 -1
    outer loop
      vertex 26.4386 -34.4735 0
      vertex 15.5291 -57.9556 0
      vertex 26.2765 -34.1159 0
    endloop
  endfacet
  facet normal 0 0 -1
    outer loop
      vertex 11.7054 -58.8471 0
      vertex 26.2765 -34.1159 0
      vertex 15.5291 -57.9556 0
    endloop
  endfacet
  facet normal -0 0 -1
    outer loop
      vertex 26.2765 -34.1159 0
      vertex 11.7054 -58.8471 0
      vertex 26.1382 -33.7484 0
    endloop
  endfacet
  facet normal -0 0 -1
    outer loop
      vertex 26.1382 -33.7484 0
      vertex 11.7054 -58.8471 0
      vertex 26.0243 -33.3727 0
    endloop
  endfacet
  facet normal 0 0 -1
    outer loop
      vertex 26.0243 -33.3727 0
      vertex 3.90181 -19.6157 0
      vertex 25.9351 -32.9903 0
    endloop
  endfacet
  facet normal 0 0 -1
    outer loop
      vertex 3.90181 -19.6157 0
      vertex 26.0243 -33.3727 0
      vertex 11.7054 -58.8471 0
    endloop
  endfacet
  facet normal 0 0 -1
    outer loop
      vertex 37.7045 32.9903 0
      vertex 47.6012 36.5257 0
      vertex 37.7685 32.603 0
    endloop
  endfacet
  facet normal 0 0 -1
    outer loop
      vertex 37.6154 33.3727 0
      vertex 47.6012 36.5257 0
      vertex 37.7045 32.9903 0
    endloop
  endfacet
  facet normal -0 0 -1
    outer loop
      vertex 47.6012 36.5257 0
      vertex 37.6154 33.3727 0
      vertex 45.1104 39.5607 0
    endloop
  endfacet
  facet normal 0 0 -1
    outer loop
      vertex 37.5014 33.7484 0
      vertex 45.1104 39.5607 0
      vertex 37.6154 33.3727 0
    endloop
  endfacet
  facet normal 0 0 -1
    outer loop
      vertex 37.3631 34.1159 0
      vertex 45.1104 39.5607 0
      vertex 37.5014 33.7484 0
    endloop
  endfacet
  facet normal 0 0 -1
    outer loop
      vertex 37.201 34.4735 0
      vertex 45.1104 39.5607 0
      vertex 37.3631 34.1159 0
    endloop
  endfacet
  facet normal 0 0 -1
    outer loop
      vertex 37.016 34.8198 0
      vertex 45.1104 39.5607 0
      vertex 37.201 34.4735 0
    endloop
  endfacet
  facet normal 0 0 -1
    outer loop
      vertex 36.8086 35.1532 0
      vertex 45.1104 39.5607 0
      vertex 37.016 34.8198 0
    endloop
  endfacet
  facet normal -0 0 -1
    outer loop
      vertex 45.1104 39.5607 0
      vertex 36.8086 35.1532 0
      vertex 42.4264 42.4264 0
    endloop
  endfacet
  facet normal 0 0 -1
    outer loop
      vertex 36.5799 35.4724 0
      vertex 42.4264 42.4264 0
      vertex 36.8086 35.1532 0
    endloop
  endfacet
  facet normal 0 0 -1
    outer loop
      vertex 36.3308 35.7759 0
      vertex 42.4264 42.4264 0
      vertex 36.5799 35.4724 0
    endloop
  endfacet
  facet normal 0 0 -1
    outer loop
      vertex 36.0624 36.0624 0
      vertex 42.4264 42.4264 0
      vertex 36.3308 35.7759 0
    endloop
  endfacet
  facet normal 0 0 -1
    outer loop
      vertex 35.7759 36.3308 0
      vertex 42.4264 42.4264 0
      vertex 36.0624 36.0624 0
    endloop
  endfacet
  facet normal 0 0 -1
    outer loop
      vertex 35.4724 36.5799 0
      vertex 42.4264 42.4264 0
      vertex 35.7759 36.3308 0
    endloop
  endfacet
  facet normal 0 0 -1
    outer loop
      vertex 35.1532 36.8086 0
      vertex 42.4264 42.4264 0
      vertex 35.4724 36.5799 0
    endloop
  endfacet
  facet normal -0 0 -1
    outer loop
      vertex 42.4264 42.4264 0
      vertex 35.1532 36.8086 0
      vertex 39.5607 45.1104 0
    endloop
  endfacet
  facet normal 0 0 -1
    outer loop
      vertex 34.8198 37.016 0
      vertex 39.5607 45.1104 0
      vertex 35.1532 36.8086 0
    endloop
  endfacet
  facet normal 0 0 -1
    outer loop
      vertex 34.4735 37.201 0
      vertex 39.5607 45.1104 0
      vertex 34.8198 37.016 0
    endloop
  endfacet
  facet normal 0 0 -1
    outer loop
      vertex 34.1159 37.3631 0
      vertex 39.5607 45.1104 0
      vertex 34.4735 37.201 0
    endloop
  endfacet
  facet normal 0 0 -1
    outer loop
      vertex 33.7484 37.5014 0
      vertex 39.5607 45.1104 0
      vertex 34.1159 37.3631 0
    endloop
  endfacet
  facet normal 0 0 -1
    outer loop
      vertex 33.3727 37.6154 0
      vertex 39.5607 45.1104 0
      vertex 33.7484 37.5014 0
    endloop
  endfacet
  facet normal -0 0 -1
    outer loop
      vertex 39.5607 45.1104 0
      vertex 33.3727 37.6154 0
      vertex 36.5257 47.6012 0
    endloop
  endfacet
  facet normal 0 0 -1
    outer loop
      vertex 32.9903 37.7045 0
      vertex 36.5257 47.6012 0
      vertex 33.3727 37.6154 0
    endloop
  endfacet
  facet normal 0 0 -1
    outer loop
      vertex 32.603 37.7685 0
      vertex 36.5257 47.6012 0
      vertex 32.9903 37.7045 0
    endloop
  endfacet
  facet normal 0 0 -1
    outer loop
      vertex 32.2122 37.807 0
      vertex 36.5257 47.6012 0
      vertex 32.603 37.7685 0
    endloop
  endfacet
  facet normal 0 0 -1
    outer loop
      vertex 31.8198 37.8198 0
      vertex 36.5257 47.6012 0
      vertex 32.2122 37.807 0
    endloop
  endfacet
  facet normal -0 0 -1
    outer loop
      vertex 36.5257 47.6012 0
      vertex 31.8198 37.8198 0
      vertex 33.3342 49.8882 0
    endloop
  endfacet
  facet normal 0 0 -1
    outer loop
      vertex 31.4274 37.807 0
      vertex 33.3342 49.8882 0
      vertex 31.8198 37.8198 0
    endloop
  endfacet
  facet normal 0 0 -1
    outer loop
      vertex 31.0366 37.7685 0
      vertex 33.3342 49.8882 0
      vertex 31.4274 37.807 0
    endloop
  endfacet
  facet normal 0 0 -1
    outer loop
      vertex 30.6493 37.7045 0
      vertex 33.3342 49.8882 0
      vertex 31.0366 37.7685 0
    endloop
  endfacet
  facet normal 0 0 -1
    outer loop
      vertex 30.2669 37.6154 0
      vertex 33.3342 49.8882 0
      vertex 30.6493 37.7045 0
    endloop
  endfacet
  facet normal 0 0 -1
    outer loop
      vertex 30.2669 37.6154 0
      vertex 30 51.9615 0
      vertex 33.3342 49.8882 0
    endloop
  endfacet
  facet normal 0 0 -1
    outer loop
      vertex 29.8912 37.5014 0
      vertex 30 51.9615 0
      vertex 30.2669 37.6154 0
    endloop
  endfacet
  facet normal 0 0 -1
    outer loop
      vertex 29.5237 37.3631 0
      vertex 30 51.9615 0
      vertex 29.8912 37.5014 0
    endloop
  endfacet
  facet normal 0 0 -1
    outer loop
      vertex 29.1661 37.201 0
      vertex 30 51.9615 0
      vertex 29.5237 37.3631 0
    endloop
  endfacet
  facet normal 0 0 -1
    outer loop
      vertex 28.8198 37.016 0
      vertex 30 51.9615 0
      vertex 29.1661 37.201 0
    endloop
  endfacet
  facet normal 0 0 -1
    outer loop
      vertex 26.5373 53.8124 0
      vertex 28.8198 37.016 0
      vertex 28.4864 36.8086 0
    endloop
  endfacet
  facet normal 0 0 -1
    outer loop
      vertex 26.5373 53.8124 0
      vertex 28.4864 36.8086 0
      vertex 28.1672 36.5799 0
    endloop
  endfacet
  facet normal 0 0 -1
    outer loop
      vertex 26.5373 53.8124 0
      vertex 28.1672 36.5799 0
      vertex 27.8637 36.3308 0
    endloop
  endfacet
  facet normal 0 0 -1
    outer loop
      vertex 22.961 55.4328 0
      vertex 27.8637 36.3308 0
      vertex 27.5772 36.0624 0
    endloop
  endfacet
  facet normal 0 0 -1
    outer loop
      vertex 22.961 55.4328 0
      vertex 27.5772 36.0624 0
      vertex 27.3088 35.7759 0
    endloop
  endfacet
  facet normal 0 0 -1
    outer loop
      vertex 22.961 55.4328 0
      vertex 27.3088 35.7759 0
      vertex 27.0597 35.4724 0
    endloop
  endfacet
  facet normal 0 0 -1
    outer loop
      vertex 22.961 55.4328 0
      vertex 27.0597 35.4724 0
      vertex 26.831 35.1532 0
    endloop
  endfacet
  facet normal 0 0 -1
    outer loop
      vertex 22.961 55.4328 0
      vertex 26.831 35.1532 0
      vertex 26.6237 34.8198 0
    endloop
  endfacet
  facet normal 0 0 -1
    outer loop
      vertex 28.8198 37.016 0
      vertex 26.5373 53.8124 0
      vertex 30 51.9615 0
    endloop
  endfacet
  facet normal 0 0 -1
    outer loop
      vertex 22.961 55.4328 0
      vertex 26.6237 34.8198 0
      vertex 26.4386 34.4735 0
    endloop
  endfacet
  facet normal 0 0 -1
    outer loop
      vertex 22.961 55.4328 0
      vertex 26.4386 34.4735 0
      vertex 26.2765 34.1159 0
    endloop
  endfacet
  facet normal 0 0 -1
    outer loop
      vertex 22.961 55.4328 0
      vertex 26.2765 34.1159 0
      vertex 26.1382 33.7484 0
    endloop
  endfacet
  facet normal 0 0 -1
    outer loop
      vertex 22.961 55.4328 0
      vertex 26.1382 33.7484 0
      vertex 26.0243 33.3727 0
    endloop
  endfacet
  facet normal 0 0 -1
    outer loop
      vertex 22.961 55.4328 0
      vertex 26.0243 33.3727 0
      vertex 25.9351 32.9903 0
    endloop
  endfacet
  facet normal 0 0 -1
    outer loop
      vertex 22.961 55.4328 0
      vertex 25.9351 32.9903 0
      vertex 25.8711 32.603 0
    endloop
  endfacet
  facet normal 0 0 -1
    outer loop
      vertex 22.961 55.4328 0
      vertex 25.8711 32.603 0
      vertex 25.8327 32.2122 0
    endloop
  endfacet
  facet normal 0 0 -1
    outer loop
      vertex 22.961 55.4328 0
      vertex 25.8327 32.2122 0
      vertex 25.8198 31.8198 0
    endloop
  endfacet
  facet normal -0 0 -1
    outer loop
      vertex 60 0 0
      vertex 19.9572 -1.30806 0
      vertex 20 0 0
    endloop
  endfacet
  facet normal -0 0 -1
    outer loop
      vertex 27.5772 27.5772 0
      vertex 14.1421 14.1421 0
      vertex 27.3088 27.8637 0
    endloop
  endfacet
  facet normal 0 0 -1
    outer loop
      vertex 27.8637 36.3308 0
      vertex 22.961 55.4328 0
      vertex 26.5373 53.8124 0
    endloop
  endfacet
  facet normal -0 0 -1
    outer loop
      vertex 27.8637 27.3088 0
      vertex 14.1421 14.1421 0
      vertex 27.5772 27.5772 0
    endloop
  endfacet
  facet normal 0 0 -1
    outer loop
      vertex 59.8715 -3.92419 0
      vertex 19.9572 -1.30806 0
      vertex 60 0 0
    endloop
  endfacet
  facet normal 0 0 -1
    outer loop
      vertex 59.4867 -7.83157 0
      vertex 19.6157 -3.90181 0
      vertex 19.8289 -2.61052 0
    endloop
  endfacet
  facet normal 0 0 -1
    outer loop
      vertex 32.9903 -25.9351 0
      vertex 19.3185 -5.17638 0
      vertex 19.6157 -3.90181 0
    endloop
  endfacet
  facet normal 0 -0 -1
    outer loop
      vertex 5.17638 -19.3185 0
      vertex 25.9351 -32.9903 0
      vertex 3.90181 -19.6157 0
    endloop
  endfacet
  facet normal 0 0 -1
    outer loop
      vertex 32.2122 -25.8327 0
      vertex 18.9386 -6.42879 0
      vertex 19.3185 -5.17638 0
    endloop
  endfacet
  facet normal 0 0 -1
    outer loop
      vertex 31.8198 -25.8198 0
      vertex 18.4776 -7.65367 0
      vertex 18.9386 -6.42879 0
    endloop
  endfacet
  facet normal 0 0 -1
    outer loop
      vertex 31.0366 -25.8711 0
      vertex 17.9375 -8.84577 0
      vertex 18.4776 -7.65367 0
    endloop
  endfacet
  facet normal 0 0 -1
    outer loop
      vertex 30.2669 -26.0243 0
      vertex 17.3205 -10 0
      vertex 17.9375 -8.84577 0
    endloop
  endfacet
  facet normal 0 0 -1
    outer loop
      vertex 29.5237 -26.2765 0
      vertex 16.6294 -11.1114 0
      vertex 17.3205 -10 0
    endloop
  endfacet
  facet normal 0 0 -1
    outer loop
      vertex 29.1661 -26.4386 0
      vertex 15.8671 -12.1752 0
      vertex 16.6294 -11.1114 0
    endloop
  endfacet
  facet normal 0 0 -1
    outer loop
      vertex 25.9351 -32.9903 0
      vertex 5.17638 -19.3185 0
      vertex 25.8711 -32.603 0
    endloop
  endfacet
  facet normal 0 0 -1
    outer loop
      vertex 28.4864 -26.831 0
      vertex 15.0368 -13.1869 0
      vertex 15.8671 -12.1752 0
    endloop
  endfacet
  facet normal 0 0 -1
    outer loop
      vertex 27.8637 -27.3088 0
      vertex 14.1421 -14.1421 0
      vertex 15.0368 -13.1869 0
    endloop
  endfacet
  facet normal 0 0 -1
    outer loop
      vertex 27.3088 -27.8637 0
      vertex 13.1869 -15.0368 0
      vertex 14.1421 -14.1421 0
    endloop
  endfacet
  facet normal 0 0 -1
    outer loop
      vertex 26.831 -28.4864 0
      vertex 12.1752 -15.8671 0
      vertex 13.1869 -15.0368 0
    endloop
  endfacet
  facet normal 0 0 -1
    outer loop
      vertex 25.8711 -32.603 0
      vertex 5.17638 -19.3185 0
      vertex 25.8327 -32.2122 0
    endloop
  endfacet
  facet normal 0 0 -1
    outer loop
      vertex 26.4386 -29.1661 0
      vertex 11.1114 -16.6294 0
      vertex 12.1752 -15.8671 0
    endloop
  endfacet
  facet normal 0 0 -1
    outer loop
      vertex 26.1382 -29.8912 0
      vertex 10 -17.3205 0
      vertex 11.1114 -16.6294 0
    endloop
  endfacet
  facet normal 0 0 -1
    outer loop
      vertex 26.0243 -30.2669 0
      vertex 8.84577 -17.9375 0
      vertex 10 -17.3205 0
    endloop
  endfacet
  facet normal 0 0 -1
    outer loop
      vertex 3.90181 -19.6157 0
      vertex 11.7054 -58.8471 0
      vertex 7.83157 -59.4867 0
    endloop
  endfacet
  facet normal 0 0 -1
    outer loop
      vertex 25.8711 -31.0366 0
      vertex 7.65367 -18.4776 0
      vertex 8.84577 -17.9375 0
    endloop
  endfacet
  facet normal 0 0 -1
    outer loop
      vertex 25.8198 -31.8198 0
      vertex 6.42879 -18.9386 0
      vertex 7.65367 -18.4776 0
    endloop
  endfacet
  facet normal 0 0 -1
    outer loop
      vertex 25.8327 -32.2122 0
      vertex 6.42879 -18.9386 0
      vertex 25.8198 -31.8198 0
    endloop
  endfacet
  facet normal 0 0 -1
    outer loop
      vertex 2.61052 -19.8289 0
      vertex 7.83157 -59.4867 0
      vertex 3.92419 -59.8715 0
    endloop
  endfacet
  facet normal 0 -0 -1
    outer loop
      vertex 6.42879 -18.9386 0
      vertex 25.8327 -32.2122 0
      vertex 5.17638 -19.3185 0
    endloop
  endfacet
  facet normal 0 0 -1
    outer loop
      vertex 7.83157 -59.4867 0
      vertex 2.61052 -19.8289 0
      vertex 3.90181 -19.6157 0
    endloop
  endfacet
  facet normal 0 0 -1
    outer loop
      vertex 3.92419 -59.8715 0
      vertex 1.30806 -19.9572 0
      vertex 2.61052 -19.8289 0
    endloop
  endfacet
  facet normal 0 0 -1
    outer loop
      vertex 0 -60 0
      vertex 1.30806 -19.9572 0
      vertex 3.92419 -59.8715 0
    endloop
  endfacet
  facet normal 0 0 -1
    outer loop
      vertex 0 -60 0
      vertex 0 -20 0
      vertex 1.30806 -19.9572 0
    endloop
  endfacet
  facet normal 0 0 -1
    outer loop
      vertex 0 -60 0
      vertex -1.30806 -19.9572 0
      vertex 0 -20 0
    endloop
  endfacet
  facet normal 0 0 -1
    outer loop
      vertex -3.92419 -59.8715 0
      vertex -1.30806 -19.9572 0
      vertex 0 -60 0
    endloop
  endfacet
  facet normal -0 0 -1
    outer loop
      vertex -1.30806 -19.9572 0
      vertex -3.92419 -59.8715 0
      vertex -2.61052 -19.8289 0
    endloop
  endfacet
  facet normal 0 0 -1
    outer loop
      vertex -7.83157 -59.4867 0
      vertex -2.61052 -19.8289 0
      vertex -3.92419 -59.8715 0
    endloop
  endfacet
  facet normal -0 0 -1
    outer loop
      vertex -2.61052 -19.8289 0
      vertex -7.83157 -59.4867 0
      vertex -3.90181 -19.6157 0
    endloop
  endfacet
  facet normal 0 0 -1
    outer loop
      vertex -11.7054 -58.8471 0
      vertex -3.90181 -19.6157 0
      vertex -7.83157 -59.4867 0
    endloop
  endfacet
  facet normal 0 0 -1
    outer loop
      vertex -25.8198 -31.8198 0
      vertex -3.90181 -19.6157 0
      vertex -11.7054 -58.8471 0
    endloop
  endfacet
  facet normal 0 0 -1
    outer loop
      vertex -25.8198 -31.8198 0
      vertex -11.7054 -58.8471 0
      vertex -15.5291 -57.9556 0
    endloop
  endfacet
  facet normal -0 0 -1
    outer loop
      vertex -3.90181 -19.6157 0
      vertex -25.8198 -31.8198 0
      vertex -5.17638 -19.3185 0
    endloop
  endfacet
  facet normal 0 0 -1
    outer loop
      vertex -25.8198 -31.8198 0
      vertex -15.5291 -57.9556 0
      vertex -19.2864 -56.8158 0
    endloop
  endfacet
  facet normal -0 0 -1
    outer loop
      vertex -5.17638 -19.3185 0
      vertex -25.8198 -31.8198 0
      vertex -6.42879 -18.9386 0
    endloop
  endfacet
  facet normal 0 0 -1
    outer loop
      vertex -25.8198 -31.8198 0
      vertex -19.2864 -56.8158 0
      vertex -22.961 -55.4328 0
    endloop
  endfacet
  facet normal -0 0 -1
    outer loop
      vertex -6.42879 -18.9386 0
      vertex -25.8198 -31.8198 0
      vertex -7.65367 -18.4776 0
    endloop
  endfacet
  facet normal 0 0 -1
    outer loop
      vertex -25.8327 -31.4274 0
      vertex -7.65367 -18.4776 0
      vertex -25.8198 -31.8198 0
    endloop
  endfacet
  facet normal 0 0 -1
    outer loop
      vertex -25.8711 -31.0366 0
      vertex -7.65367 -18.4776 0
      vertex -25.8327 -31.4274 0
    endloop
  endfacet
  facet normal -0 0 -1
    outer loop
      vertex -7.65367 -18.4776 0
      vertex -25.8711 -31.0366 0
      vertex -8.84577 -17.9375 0
    endloop
  endfacet
  facet normal 0 0 -1
    outer loop
      vertex -25.9351 -30.6493 0
      vertex -8.84577 -17.9375 0
      vertex -25.8711 -31.0366 0
    endloop
  endfacet
  facet normal 0 0 -1
    outer loop
      vertex -26.0243 -30.2669 0
      vertex -8.84577 -17.9375 0
      vertex -25.9351 -30.6493 0
    endloop
  endfacet
  facet normal -0 0 -1
    outer loop
      vertex -8.84577 -17.9375 0
      vertex -26.0243 -30.2669 0
      vertex -10 -17.3205 0
    endloop
  endfacet
  facet normal 0 0 -1
    outer loop
      vertex -26.1382 -29.8912 0
      vertex -10 -17.3205 0
      vertex -26.0243 -30.2669 0
    endloop
  endfacet
  facet normal -0 0 -1
    outer loop
      vertex -10 -17.3205 0
      vertex -26.1382 -29.8912 0
      vertex -11.1114 -16.6294 0
    endloop
  endfacet
  facet normal 0 0 -1
    outer loop
      vertex -26.2765 -29.5237 0
      vertex -11.1114 -16.6294 0
      vertex -26.1382 -29.8912 0
    endloop
  endfacet
  facet normal 0 0 -1
    outer loop
      vertex -26.4386 -29.1661 0
      vertex -11.1114 -16.6294 0
      vertex -26.2765 -29.5237 0
    endloop
  endfacet
  facet normal -0 0 -1
    outer loop
      vertex -11.1114 -16.6294 0
      vertex -26.4386 -29.1661 0
      vertex -12.1752 -15.8671 0
    endloop
  endfacet
  facet normal 0 0 -1
    outer loop
      vertex -26.6237 -28.8198 0
      vertex -12.1752 -15.8671 0
      vertex -26.4386 -29.1661 0
    endloop
  endfacet
  facet normal 0 0 -1
    outer loop
      vertex -26.831 -28.4864 0
      vertex -12.1752 -15.8671 0
      vertex -26.6237 -28.8198 0
    endloop
  endfacet
  facet normal -0 0 -1
    outer loop
      vertex -12.1752 -15.8671 0
      vertex -26.831 -28.4864 0
      vertex -13.1869 -15.0368 0
    endloop
  endfacet
  facet normal 0 0 -1
    outer loop
      vertex -27.0597 -28.1672 0
      vertex -13.1869 -15.0368 0
      vertex -26.831 -28.4864 0
    endloop
  endfacet
  facet normal 0 0 -1
    outer loop
      vertex -27.3088 -27.8637 0
      vertex -13.1869 -15.0368 0
      vertex -27.0597 -28.1672 0
    endloop
  endfacet
  facet normal -0 0 -1
    outer loop
      vertex -13.1869 -15.0368 0
      vertex -27.3088 -27.8637 0
      vertex -14.1421 -14.1421 0
    endloop
  endfacet
  facet normal -0.412707 -0.910864 0
    outer loop
      vertex -26.5373 -53.8124 0
      vertex -22.961 -55.4328 20
      vertex -26.5373 -53.8124 20
    endloop
  endfacet
  facet normal -0.412707 -0.910864 -0
    outer loop
      vertex -22.961 -55.4328 20
      vertex -26.5373 -53.8124 0
      vertex -22.961 -55.4328 0
    endloop
  endfacet
  facet normal -0.0979998 -0.995186 0
    outer loop
      vertex -4.04631 -30.7348 20
      vertex -2.0275 -30.9336 35
      vertex -4.04631 -30.7348 35
    endloop
  endfacet
  facet normal -0.0979998 -0.995186 -0
    outer loop
      vertex -2.0275 -30.9336 35
      vertex -4.04631 -30.7348 20
      vertex -2.0275 -30.9336 20
    endloop
  endfacet
  facet normal 0.999464 -0.0327321 0
    outer loop
      vertex 30.9336 -2.0275 35
      vertex 31 0 20
      vertex 31 0 35
    endloop
  endfacet
  facet normal 0.999464 -0.0327321 0
    outer loop
      vertex 31 0 20
      vertex 30.9336 -2.0275 35
      vertex 30.9336 -2.0275 20
    endloop
  endfacet
  facet normal -0.91086 0.412714 0
    outer loop
      vertex -28.6403 11.8632 20
      vertex -27.8031 13.7109 35
      vertex -27.8031 13.7109 20
    endloop
  endfacet
  facet normal -0.91086 0.412714 0
    outer loop
      vertex -27.8031 13.7109 35
      vertex -28.6403 11.8632 20
      vertex -28.6403 11.8632 35
    endloop
  endfacet
  facet normal -0.999464 -0.0327321 0
    outer loop
      vertex -30.9336 -2.0275 20
      vertex -31 0 35
      vertex -31 0 20
    endloop
  endfacet
  facet normal -0.999464 -0.0327321 0
    outer loop
      vertex -31 0 35
      vertex -30.9336 -2.0275 20
      vertex -30.9336 -2.0275 35
    endloop
  endfacet
  facet normal -0.88192 -0.471399 0
    outer loop
      vertex -26.8468 -15.5 20
      vertex -27.8031 -13.7109 35
      vertex -27.8031 -13.7109 20
    endloop
  endfacet
  facet normal -0.88192 -0.471399 0
    outer loop
      vertex -27.8031 -13.7109 35
      vertex -26.8468 -15.5 20
      vertex -26.8468 -15.5 35
    endloop
  endfacet
  facet normal 0.683584 0.729872 -0
    outer loop
      vertex 21.9203 21.9203 20
      vertex 20.4397 23.307 35
      vertex 21.9203 21.9203 35
    endloop
  endfacet
  facet normal 0.683584 0.729872 0
    outer loop
      vertex 20.4397 23.307 35
      vertex 21.9203 21.9203 20
      vertex 20.4397 23.307 20
    endloop
  endfacet
  facet normal -0.849212 0.528052 0
    outer loop
      vertex -26.8468 15.5 20
      vertex -25.7756 17.2227 35
      vertex -25.7756 17.2227 20
    endloop
  endfacet
  facet normal -0.849212 0.528052 0
    outer loop
      vertex -25.7756 17.2227 35
      vertex -26.8468 15.5 20
      vertex -26.8468 15.5 35
    endloop
  endfacet
  facet normal 0.352218 -0.935918 0
    outer loop
      vertex 9.96462 -29.3548 20
      vertex 11.8632 -28.6403 35
      vertex 9.96462 -29.3548 35
    endloop
  endfacet
  facet normal 0.352218 -0.935918 0
    outer loop
      vertex 11.8632 -28.6403 35
      vertex 9.96462 -29.3548 20
      vertex 11.8632 -28.6403 20
    endloop
  endfacet
  facet normal 0.999464 0.0327321 0
    outer loop
      vertex 31 0 35
      vertex 30.9336 2.0275 20
      vertex 30.9336 2.0275 35
    endloop
  endfacet
  facet normal 0.999464 0.0327321 0
    outer loop
      vertex 30.9336 2.0275 20
      vertex 31 0 35
      vertex 31 0 20
    endloop
  endfacet
  facet normal -0.973882 -0.227056 0
    outer loop
      vertex -29.9437 -8.02339 20
      vertex -30.4043 -6.0478 35
      vertex -30.4043 -6.0478 20
    endloop
  endfacet
  facet normal -0.973882 -0.227056 0
    outer loop
      vertex -30.4043 -6.0478 35
      vertex -29.9437 -8.02339 20
      vertex -29.9437 -8.02339 35
    endloop
  endfacet
  facet normal -0.634421 0.772988 0
    outer loop
      vertex -18.8716 24.594 20
      vertex -20.4397 23.307 35
      vertex -18.8716 24.594 35
    endloop
  endfacet
  facet normal -0.634421 0.772988 0
    outer loop
      vertex -20.4397 23.307 35
      vertex -18.8716 24.594 20
      vertex -20.4397 23.307 20
    endloop
  endfacet
  facet normal -0.683584 -0.729872 0
    outer loop
      vertex -21.9203 -21.9203 20
      vertex -20.4397 -23.307 35
      vertex -21.9203 -21.9203 35
    endloop
  endfacet
  facet normal -0.683584 -0.729872 -0
    outer loop
      vertex -20.4397 -23.307 35
      vertex -21.9203 -21.9203 20
      vertex -20.4397 -23.307 20
    endloop
  endfacet
  facet normal 0.995186 0.0979998 0
    outer loop
      vertex 30.9336 2.0275 35
      vertex 30.7348 4.04631 20
      vertex 30.7348 4.04631 35
    endloop
  endfacet
  facet normal 0.995186 0.0979998 0
    outer loop
      vertex 30.7348 4.04631 20
      vertex 30.9336 2.0275 35
      vertex 30.9336 2.0275 20
    endloop
  endfacet
  facet normal 0.812843 0.582483 0
    outer loop
      vertex 25.7756 17.2227 35
      vertex 24.594 18.8716 20
      vertex 24.594 18.8716 35
    endloop
  endfacet
  facet normal 0.812843 0.582483 0
    outer loop
      vertex 24.594 18.8716 20
      vertex 25.7756 17.2227 35
      vertex 25.7756 17.2227 20
    endloop
  endfacet
  facet normal -0.582483 0.812843 0
    outer loop
      vertex -17.2227 25.7756 20
      vertex -18.8716 24.594 35
      vertex -17.2227 25.7756 35
    endloop
  endfacet
  facet normal -0.582483 0.812843 0
    outer loop
      vertex -18.8716 24.594 35
      vertex -17.2227 25.7756 20
      vertex -18.8716 24.594 20
    endloop
  endfacet
  facet normal 0.849212 -0.528052 0
    outer loop
      vertex 25.7756 -17.2227 35
      vertex 26.8468 -15.5 20
      vertex 26.8468 -15.5 35
    endloop
  endfacet
  facet normal 0.849212 -0.528052 0
    outer loop
      vertex 26.8468 -15.5 20
      vertex 25.7756 -17.2227 35
      vertex 25.7756 -17.2227 20
    endloop
  endfacet
  facet normal 0.528052 0.849212 -0
    outer loop
      vertex 17.2227 25.7756 20
      vertex 15.5 26.8468 35
      vertex 17.2227 25.7756 35
    endloop
  endfacet
  facet normal 0.528052 0.849212 0
    outer loop
      vertex 15.5 26.8468 35
      vertex 17.2227 25.7756 20
      vertex 15.5 26.8468 20
    endloop
  endfacet
  facet normal 0.91086 0.412714 0
    outer loop
      vertex 28.6403 11.8632 35
      vertex 27.8031 13.7109 20
      vertex 27.8031 13.7109 35
    endloop
  endfacet
  facet normal 0.91086 0.412714 0
    outer loop
      vertex 27.8031 13.7109 20
      vertex 28.6403 11.8632 35
      vertex 28.6403 11.8632 20
    endloop
  endfacet
  facet normal -0.352218 0.935918 0
    outer loop
      vertex -9.96462 29.3548 20
      vertex -11.8632 28.6403 35
      vertex -9.96462 29.3548 35
    endloop
  endfacet
  facet normal -0.352218 0.935918 0
    outer loop
      vertex -11.8632 28.6403 35
      vertex -9.96462 29.3548 20
      vertex -11.8632 28.6403 20
    endloop
  endfacet
  facet normal 0.528052 -0.849212 0
    outer loop
      vertex 15.5 -26.8468 20
      vertex 17.2227 -25.7756 35
      vertex 15.5 -26.8468 35
    endloop
  endfacet
  facet normal 0.528052 -0.849212 0
    outer loop
      vertex 17.2227 -25.7756 35
      vertex 15.5 -26.8468 20
      vertex 17.2227 -25.7756 20
    endloop
  endfacet
  facet normal 0.412714 -0.91086 0
    outer loop
      vertex 11.8632 -28.6403 20
      vertex 13.7109 -27.8031 35
      vertex 11.8632 -28.6403 35
    endloop
  endfacet
  facet normal 0.412714 -0.91086 0
    outer loop
      vertex 13.7109 -27.8031 35
      vertex 11.8632 -28.6403 20
      vertex 13.7109 -27.8031 20
    endloop
  endfacet
  facet normal 0.2903 0.956936 -0
    outer loop
      vertex 9.96462 29.3548 20
      vertex 8.02339 29.9437 35
      vertex 9.96462 29.3548 35
    endloop
  endfacet
  facet normal 0.2903 0.956936 0
    outer loop
      vertex 8.02339 29.9437 35
      vertex 9.96462 29.3548 20
      vertex 8.02339 29.9437 20
    endloop
  endfacet
  facet normal -0.412714 0.91086 0
    outer loop
      vertex -11.8632 28.6403 20
      vertex -13.7109 27.8031 35
      vertex -11.8632 28.6403 35
    endloop
  endfacet
  facet normal -0.412714 0.91086 0
    outer loop
      vertex -13.7109 27.8031 35
      vertex -11.8632 28.6403 20
      vertex -13.7109 27.8031 20
    endloop
  endfacet
  facet normal 0.0327321 -0.999464 0
    outer loop
      vertex 0 -31 20
      vertex 2.0275 -30.9336 35
      vertex 0 -31 35
    endloop
  endfacet
  facet normal 0.0327321 -0.999464 0
    outer loop
      vertex 2.0275 -30.9336 35
      vertex 0 -31 20
      vertex 2.0275 -30.9336 20
    endloop
  endfacet
  facet normal 0.91086 -0.412714 0
    outer loop
      vertex 27.8031 -13.7109 35
      vertex 28.6403 -11.8632 20
      vertex 28.6403 -11.8632 35
    endloop
  endfacet
  facet normal 0.91086 -0.412714 0
    outer loop
      vertex 28.6403 -11.8632 20
      vertex 27.8031 -13.7109 35
      vertex 27.8031 -13.7109 20
    endloop
  endfacet
  facet normal -0.162921 0.986639 0
    outer loop
      vertex -4.04631 30.7348 20
      vertex -6.0478 30.4043 35
      vertex -4.04631 30.7348 35
    endloop
  endfacet
  facet normal -0.162921 0.986639 0
    outer loop
      vertex -6.0478 30.4043 35
      vertex -4.04631 30.7348 20
      vertex -6.0478 30.4043 20
    endloop
  endfacet
  facet normal -0.227056 -0.973882 0
    outer loop
      vertex -8.02339 -29.9437 20
      vertex -6.0478 -30.4043 35
      vertex -8.02339 -29.9437 35
    endloop
  endfacet
  facet normal -0.227056 -0.973882 -0
    outer loop
      vertex -6.0478 -30.4043 35
      vertex -8.02339 -29.9437 20
      vertex -6.0478 -30.4043 20
    endloop
  endfacet
  facet normal 0.935918 -0.352218 0
    outer loop
      vertex 28.6403 -11.8632 35
      vertex 29.3548 -9.96462 20
      vertex 29.3548 -9.96462 35
    endloop
  endfacet
  facet normal 0.935918 -0.352218 0
    outer loop
      vertex 29.3548 -9.96462 20
      vertex 28.6403 -11.8632 35
      vertex 28.6403 -11.8632 20
    endloop
  endfacet
  facet normal 0.812843 -0.582483 0
    outer loop
      vertex 24.594 -18.8716 35
      vertex 25.7756 -17.2227 20
      vertex 25.7756 -17.2227 35
    endloop
  endfacet
  facet normal 0.812843 -0.582483 0
    outer loop
      vertex 25.7756 -17.2227 20
      vertex 24.594 -18.8716 35
      vertex 24.594 -18.8716 20
    endloop
  endfacet
  facet normal 0.986639 0.162921 0
    outer loop
      vertex 30.7348 4.04631 35
      vertex 30.4043 6.0478 20
      vertex 30.4043 6.0478 35
    endloop
  endfacet
  facet normal 0.986639 0.162921 0
    outer loop
      vertex 30.4043 6.0478 20
      vertex 30.7348 4.04631 35
      vertex 30.7348 4.04631 20
    endloop
  endfacet
  facet normal 0.973882 0.227056 0
    outer loop
      vertex 30.4043 6.0478 35
      vertex 29.9437 8.02339 20
      vertex 29.9437 8.02339 35
    endloop
  endfacet
  facet normal 0.973882 0.227056 0
    outer loop
      vertex 29.9437 8.02339 20
      vertex 30.4043 6.0478 35
      vertex 30.4043 6.0478 20
    endloop
  endfacet
  facet normal -0.973882 0.227056 0
    outer loop
      vertex -30.4043 6.0478 20
      vertex -29.9437 8.02339 35
      vertex -29.9437 8.02339 20
    endloop
  endfacet
  facet normal -0.973882 0.227056 0
    outer loop
      vertex -29.9437 8.02339 35
      vertex -30.4043 6.0478 20
      vertex -30.4043 6.0478 35
    endloop
  endfacet
  facet normal 0.634421 0.772988 -0
    outer loop
      vertex 20.4397 23.307 20
      vertex 18.8716 24.594 35
      vertex 20.4397 23.307 35
    endloop
  endfacet
  facet normal 0.634421 0.772988 0
    outer loop
      vertex 18.8716 24.594 35
      vertex 20.4397 23.307 20
      vertex 18.8716 24.594 20
    endloop
  endfacet
  facet normal 0.729872 0.683584 0
    outer loop
      vertex 23.307 20.4397 35
      vertex 21.9203 21.9203 20
      vertex 21.9203 21.9203 35
    endloop
  endfacet
  facet normal 0.729872 0.683584 0
    outer loop
      vertex 21.9203 21.9203 20
      vertex 23.307 20.4397 35
      vertex 23.307 20.4397 20
    endloop
  endfacet
  facet normal 0.227056 -0.973882 0
    outer loop
      vertex 6.0478 -30.4043 20
      vertex 8.02339 -29.9437 35
      vertex 6.0478 -30.4043 35
    endloop
  endfacet
  facet normal 0.227056 -0.973882 0
    outer loop
      vertex 8.02339 -29.9437 35
      vertex 6.0478 -30.4043 20
      vertex 8.02339 -29.9437 20
    endloop
  endfacet
  facet normal 0.956936 -0.2903 0
    outer loop
      vertex 29.3548 -9.96462 35
      vertex 29.9437 -8.02339 20
      vertex 29.9437 -8.02339 35
    endloop
  endfacet
  facet normal 0.956936 -0.2903 0
    outer loop
      vertex 29.9437 -8.02339 20
      vertex 29.3548 -9.96462 35
      vertex 29.3548 -9.96462 20
    endloop
  endfacet
  facet normal -0.729872 -0.683584 0
    outer loop
      vertex -21.9203 -21.9203 20
      vertex -23.307 -20.4397 35
      vertex -23.307 -20.4397 20
    endloop
  endfacet
  facet normal -0.729872 -0.683584 0
    outer loop
      vertex -23.307 -20.4397 35
      vertex -21.9203 -21.9203 20
      vertex -21.9203 -21.9203 35
    endloop
  endfacet
  facet normal -0.935918 -0.352218 0
    outer loop
      vertex -28.6403 -11.8632 20
      vertex -29.3548 -9.96462 35
      vertex -29.3548 -9.96462 20
    endloop
  endfacet
  facet normal -0.935918 -0.352218 0
    outer loop
      vertex -29.3548 -9.96462 35
      vertex -28.6403 -11.8632 20
      vertex -28.6403 -11.8632 35
    endloop
  endfacet
  facet normal 0.995186 -0.0979998 0
    outer loop
      vertex 30.7348 -4.04631 35
      vertex 30.9336 -2.0275 20
      vertex 30.9336 -2.0275 35
    endloop
  endfacet
  facet normal 0.995186 -0.0979998 0
    outer loop
      vertex 30.9336 -2.0275 20
      vertex 30.7348 -4.04631 35
      vertex 30.7348 -4.04631 20
    endloop
  endfacet
  facet normal -0.582483 -0.812843 0
    outer loop
      vertex -18.8716 -24.594 20
      vertex -17.2227 -25.7756 35
      vertex -18.8716 -24.594 35
    endloop
  endfacet
  facet normal -0.582483 -0.812843 -0
    outer loop
      vertex -17.2227 -25.7756 35
      vertex -18.8716 -24.594 20
      vertex -17.2227 -25.7756 20
    endloop
  endfacet
  facet normal -0.849212 -0.528052 0
    outer loop
      vertex -25.7756 -17.2227 20
      vertex -26.8468 -15.5 35
      vertex -26.8468 -15.5 20
    endloop
  endfacet
  facet normal -0.849212 -0.528052 0
    outer loop
      vertex -26.8468 -15.5 35
      vertex -25.7756 -17.2227 20
      vertex -25.7756 -17.2227 35
    endloop
  endfacet
  facet normal 0.729872 -0.683584 0
    outer loop
      vertex 21.9203 -21.9203 35
      vertex 23.307 -20.4397 20
      vertex 23.307 -20.4397 35
    endloop
  endfacet
  facet normal 0.729872 -0.683584 0
    outer loop
      vertex 23.307 -20.4397 20
      vertex 21.9203 -21.9203 35
      vertex 21.9203 -21.9203 20
    endloop
  endfacet
  facet normal 0.582483 0.812843 -0
    outer loop
      vertex 18.8716 24.594 20
      vertex 17.2227 25.7756 35
      vertex 18.8716 24.594 35
    endloop
  endfacet
  facet normal 0.582483 0.812843 0
    outer loop
      vertex 17.2227 25.7756 35
      vertex 18.8716 24.594 20
      vertex 17.2227 25.7756 20
    endloop
  endfacet
  facet normal 0.0979998 0.995186 -0
    outer loop
      vertex 4.04631 30.7348 20
      vertex 2.0275 30.9336 35
      vertex 4.04631 30.7348 35
    endloop
  endfacet
  facet normal 0.0979998 0.995186 0
    outer loop
      vertex 2.0275 30.9336 35
      vertex 4.04631 30.7348 20
      vertex 2.0275 30.9336 20
    endloop
  endfacet
  facet normal -0.812843 0.582483 0
    outer loop
      vertex -25.7756 17.2227 20
      vertex -24.594 18.8716 35
      vertex -24.594 18.8716 20
    endloop
  endfacet
  facet normal -0.812843 0.582483 0
    outer loop
      vertex -24.594 18.8716 35
      vertex -25.7756 17.2227 20
      vertex -25.7756 17.2227 35
    endloop
  endfacet
  facet normal -0.0327321 -0.999464 0
    outer loop
      vertex -2.0275 -30.9336 20
      vertex 0 -31 35
      vertex -2.0275 -30.9336 35
    endloop
  endfacet
  facet normal -0.0327321 -0.999464 -0
    outer loop
      vertex 0 -31 35
      vertex -2.0275 -30.9336 20
      vertex 0 -31 20
    endloop
  endfacet
  facet normal 0.935918 0.352218 0
    outer loop
      vertex 29.3548 9.96462 35
      vertex 28.6403 11.8632 20
      vertex 28.6403 11.8632 35
    endloop
  endfacet
  facet normal 0.935918 0.352218 0
    outer loop
      vertex 28.6403 11.8632 20
      vertex 29.3548 9.96462 35
      vertex 29.3548 9.96462 20
    endloop
  endfacet
  facet normal 0.0979998 -0.995186 0
    outer loop
      vertex 2.0275 -30.9336 20
      vertex 4.04631 -30.7348 35
      vertex 2.0275 -30.9336 35
    endloop
  endfacet
  facet normal 0.0979998 -0.995186 0
    outer loop
      vertex 4.04631 -30.7348 35
      vertex 2.0275 -30.9336 20
      vertex 4.04631 -30.7348 20
    endloop
  endfacet
  facet normal 0.849212 0.528052 0
    outer loop
      vertex 26.8468 15.5 35
      vertex 25.7756 17.2227 20
      vertex 25.7756 17.2227 35
    endloop
  endfacet
  facet normal 0.849212 0.528052 0
    outer loop
      vertex 25.7756 17.2227 20
      vertex 26.8468 15.5 35
      vertex 26.8468 15.5 20
    endloop
  endfacet
  facet normal 0.471399 0.88192 -0
    outer loop
      vertex 15.5 26.8468 20
      vertex 13.7109 27.8031 35
      vertex 15.5 26.8468 35
    endloop
  endfacet
  facet normal 0.471399 0.88192 0
    outer loop
      vertex 13.7109 27.8031 35
      vertex 15.5 26.8468 20
      vertex 13.7109 27.8031 20
    endloop
  endfacet
  facet normal -0.956936 0.2903 0
    outer loop
      vertex -29.9437 8.02339 20
      vertex -29.3548 9.96462 35
      vertex -29.3548 9.96462 20
    endloop
  endfacet
  facet normal -0.956936 0.2903 0
    outer loop
      vertex -29.3548 9.96462 35
      vertex -29.9437 8.02339 20
      vertex -29.9437 8.02339 35
    endloop
  endfacet
  facet normal 0.986639 -0.162921 0
    outer loop
      vertex 30.4043 -6.0478 35
      vertex 30.7348 -4.04631 20
      vertex 30.7348 -4.04631 35
    endloop
  endfacet
  facet normal 0.986639 -0.162921 0
    outer loop
      vertex 30.7348 -4.04631 20
      vertex 30.4043 -6.0478 35
      vertex 30.4043 -6.0478 20
    endloop
  endfacet
  facet normal -0.0327321 0.999464 0
    outer loop
      vertex 0 31 20
      vertex -2.0275 30.9336 35
      vertex 0 31 35
    endloop
  endfacet
  facet normal -0.0327321 0.999464 0
    outer loop
      vertex -2.0275 30.9336 35
      vertex 0 31 20
      vertex -2.0275 30.9336 20
    endloop
  endfacet
  facet normal -0.986639 0.162921 0
    outer loop
      vertex -30.7348 4.04631 20
      vertex -30.4043 6.0478 35
      vertex -30.4043 6.0478 20
    endloop
  endfacet
  facet normal -0.986639 0.162921 0
    outer loop
      vertex -30.4043 6.0478 35
      vertex -30.7348 4.04631 20
      vertex -30.7348 4.04631 35
    endloop
  endfacet
  facet normal -0.2903 -0.956936 0
    outer loop
      vertex -9.96462 -29.3548 20
      vertex -8.02339 -29.9437 35
      vertex -9.96462 -29.3548 35
    endloop
  endfacet
  facet normal -0.2903 -0.956936 -0
    outer loop
      vertex -8.02339 -29.9437 35
      vertex -9.96462 -29.3548 20
      vertex -8.02339 -29.9437 20
    endloop
  endfacet
  facet normal -0.812843 -0.582483 0
    outer loop
      vertex -24.594 -18.8716 20
      vertex -25.7756 -17.2227 35
      vertex -25.7756 -17.2227 20
    endloop
  endfacet
  facet normal -0.812843 -0.582483 0
    outer loop
      vertex -25.7756 -17.2227 35
      vertex -24.594 -18.8716 20
      vertex -24.594 -18.8716 35
    endloop
  endfacet
  facet normal -0.412714 -0.91086 0
    outer loop
      vertex -13.7109 -27.8031 20
      vertex -11.8632 -28.6403 35
      vertex -13.7109 -27.8031 35
    endloop
  endfacet
  facet normal -0.412714 -0.91086 -0
    outer loop
      vertex -11.8632 -28.6403 35
      vertex -13.7109 -27.8031 20
      vertex -11.8632 -28.6403 20
    endloop
  endfacet
  facet normal 0.352218 0.935918 -0
    outer loop
      vertex 11.8632 28.6403 20
      vertex 9.96462 29.3548 35
      vertex 11.8632 28.6403 35
    endloop
  endfacet
  facet normal 0.352218 0.935918 0
    outer loop
      vertex 9.96462 29.3548 35
      vertex 11.8632 28.6403 20
      vertex 9.96462 29.3548 20
    endloop
  endfacet
  facet normal 0.0327321 0.999464 -0
    outer loop
      vertex 2.0275 30.9336 20
      vertex 0 31 35
      vertex 2.0275 30.9336 35
    endloop
  endfacet
  facet normal 0.0327321 0.999464 0
    outer loop
      vertex 0 31 35
      vertex 2.0275 30.9336 20
      vertex 0 31 20
    endloop
  endfacet
  facet normal -0.772988 0.634421 0
    outer loop
      vertex -24.594 18.8716 20
      vertex -23.307 20.4397 35
      vertex -23.307 20.4397 20
    endloop
  endfacet
  facet normal -0.772988 0.634421 0
    outer loop
      vertex -23.307 20.4397 35
      vertex -24.594 18.8716 20
      vertex -24.594 18.8716 35
    endloop
  endfacet
  facet normal -0.935918 0.352218 0
    outer loop
      vertex -29.3548 9.96462 20
      vertex -28.6403 11.8632 35
      vertex -28.6403 11.8632 20
    endloop
  endfacet
  facet normal -0.935918 0.352218 0
    outer loop
      vertex -28.6403 11.8632 35
      vertex -29.3548 9.96462 20
      vertex -29.3548 9.96462 35
    endloop
  endfacet
  facet normal -0.88192 0.471399 0
    outer loop
      vertex -27.8031 13.7109 20
      vertex -26.8468 15.5 35
      vertex -26.8468 15.5 20
    endloop
  endfacet
  facet normal -0.88192 0.471399 0
    outer loop
      vertex -26.8468 15.5 35
      vertex -27.8031 13.7109 20
      vertex -27.8031 13.7109 35
    endloop
  endfacet
  facet normal 0.582483 -0.812843 0
    outer loop
      vertex 17.2227 -25.7756 20
      vertex 18.8716 -24.594 35
      vertex 17.2227 -25.7756 35
    endloop
  endfacet
  facet normal 0.582483 -0.812843 0
    outer loop
      vertex 18.8716 -24.594 35
      vertex 17.2227 -25.7756 20
      vertex 18.8716 -24.594 20
    endloop
  endfacet
  facet normal 0.683584 -0.729872 0
    outer loop
      vertex 20.4397 -23.307 20
      vertex 21.9203 -21.9203 35
      vertex 20.4397 -23.307 35
    endloop
  endfacet
  facet normal 0.683584 -0.729872 0
    outer loop
      vertex 21.9203 -21.9203 35
      vertex 20.4397 -23.307 20
      vertex 21.9203 -21.9203 20
    endloop
  endfacet
  facet normal -0.683584 0.729872 0
    outer loop
      vertex -20.4397 23.307 20
      vertex -21.9203 21.9203 35
      vertex -20.4397 23.307 35
    endloop
  endfacet
  facet normal -0.683584 0.729872 0
    outer loop
      vertex -21.9203 21.9203 35
      vertex -20.4397 23.307 20
      vertex -21.9203 21.9203 20
    endloop
  endfacet
  facet normal -0.995186 0.0979998 0
    outer loop
      vertex -30.9336 2.0275 20
      vertex -30.7348 4.04631 35
      vertex -30.7348 4.04631 20
    endloop
  endfacet
  facet normal -0.995186 0.0979998 0
    outer loop
      vertex -30.7348 4.04631 35
      vertex -30.9336 2.0275 20
      vertex -30.9336 2.0275 35
    endloop
  endfacet
  facet normal 0.412714 0.91086 -0
    outer loop
      vertex 13.7109 27.8031 20
      vertex 11.8632 28.6403 35
      vertex 13.7109 27.8031 35
    endloop
  endfacet
  facet normal 0.412714 0.91086 0
    outer loop
      vertex 11.8632 28.6403 35
      vertex 13.7109 27.8031 20
      vertex 11.8632 28.6403 20
    endloop
  endfacet
  facet normal -0.772988 -0.634421 0
    outer loop
      vertex -23.307 -20.4397 20
      vertex -24.594 -18.8716 35
      vertex -24.594 -18.8716 20
    endloop
  endfacet
  facet normal -0.772988 -0.634421 0
    outer loop
      vertex -24.594 -18.8716 35
      vertex -23.307 -20.4397 20
      vertex -23.307 -20.4397 35
    endloop
  endfacet
  facet normal 0.88192 -0.471399 0
    outer loop
      vertex 26.8468 -15.5 35
      vertex 27.8031 -13.7109 20
      vertex 27.8031 -13.7109 35
    endloop
  endfacet
  facet normal 0.88192 -0.471399 0
    outer loop
      vertex 27.8031 -13.7109 20
      vertex 26.8468 -15.5 35
      vertex 26.8468 -15.5 20
    endloop
  endfacet
  facet normal -0.995186 -0.0979998 0
    outer loop
      vertex -30.7348 -4.04631 20
      vertex -30.9336 -2.0275 35
      vertex -30.9336 -2.0275 20
    endloop
  endfacet
  facet normal -0.995186 -0.0979998 0
    outer loop
      vertex -30.9336 -2.0275 35
      vertex -30.7348 -4.04631 20
      vertex -30.7348 -4.04631 35
    endloop
  endfacet
  facet normal 0.956936 0.2903 0
    outer loop
      vertex 29.9437 8.02339 35
      vertex 29.3548 9.96462 20
      vertex 29.3548 9.96462 35
    endloop
  endfacet
  facet normal 0.956936 0.2903 0
    outer loop
      vertex 29.3548 9.96462 20
      vertex 29.9437 8.02339 35
      vertex 29.9437 8.02339 20
    endloop
  endfacet
  facet normal 0.471399 -0.88192 0
    outer loop
      vertex 13.7109 -27.8031 20
      vertex 15.5 -26.8468 35
      vertex 13.7109 -27.8031 35
    endloop
  endfacet
  facet normal 0.471399 -0.88192 0
    outer loop
      vertex 15.5 -26.8468 35
      vertex 13.7109 -27.8031 20
      vertex 15.5 -26.8468 20
    endloop
  endfacet
  facet normal 0.88192 0.471399 0
    outer loop
      vertex 27.8031 13.7109 35
      vertex 26.8468 15.5 20
      vertex 26.8468 15.5 35
    endloop
  endfacet
  facet normal 0.88192 0.471399 0
    outer loop
      vertex 26.8468 15.5 20
      vertex 27.8031 13.7109 35
      vertex 27.8031 13.7109 20
    endloop
  endfacet
  facet normal -0.528052 0.849212 0
    outer loop
      vertex -15.5 26.8468 20
      vertex -17.2227 25.7756 35
      vertex -15.5 26.8468 35
    endloop
  endfacet
  facet normal -0.528052 0.849212 0
    outer loop
      vertex -17.2227 25.7756 35
      vertex -15.5 26.8468 20
      vertex -17.2227 25.7756 20
    endloop
  endfacet
  facet normal -0.999464 0.0327321 0
    outer loop
      vertex -31 0 20
      vertex -30.9336 2.0275 35
      vertex -30.9336 2.0275 20
    endloop
  endfacet
  facet normal -0.999464 0.0327321 0
    outer loop
      vertex -30.9336 2.0275 35
      vertex -31 0 20
      vertex -31 0 35
    endloop
  endfacet
  facet normal -0.0979998 0.995186 0
    outer loop
      vertex -2.0275 30.9336 20
      vertex -4.04631 30.7348 35
      vertex -2.0275 30.9336 35
    endloop
  endfacet
  facet normal -0.0979998 0.995186 0
    outer loop
      vertex -4.04631 30.7348 35
      vertex -2.0275 30.9336 20
      vertex -4.04631 30.7348 20
    endloop
  endfacet
  facet normal 0.162921 0.986639 -0
    outer loop
      vertex 6.0478 30.4043 20
      vertex 4.04631 30.7348 35
      vertex 6.0478 30.4043 35
    endloop
  endfacet
  facet normal 0.162921 0.986639 0
    outer loop
      vertex 4.04631 30.7348 35
      vertex 6.0478 30.4043 20
      vertex 4.04631 30.7348 20
    endloop
  endfacet
  facet normal -0.986639 -0.162921 0
    outer loop
      vertex -30.4043 -6.0478 20
      vertex -30.7348 -4.04631 35
      vertex -30.7348 -4.04631 20
    endloop
  endfacet
  facet normal -0.986639 -0.162921 0
    outer loop
      vertex -30.7348 -4.04631 35
      vertex -30.4043 -6.0478 20
      vertex -30.4043 -6.0478 35
    endloop
  endfacet
  facet normal 0.772988 0.634421 0
    outer loop
      vertex 24.594 18.8716 35
      vertex 23.307 20.4397 20
      vertex 23.307 20.4397 35
    endloop
  endfacet
  facet normal 0.772988 0.634421 0
    outer loop
      vertex 23.307 20.4397 20
      vertex 24.594 18.8716 35
      vertex 24.594 18.8716 20
    endloop
  endfacet
  facet normal 0.2903 -0.956936 0
    outer loop
      vertex 8.02339 -29.9437 20
      vertex 9.96462 -29.3548 35
      vertex 8.02339 -29.9437 35
    endloop
  endfacet
  facet normal 0.2903 -0.956936 0
    outer loop
      vertex 9.96462 -29.3548 35
      vertex 8.02339 -29.9437 20
      vertex 9.96462 -29.3548 20
    endloop
  endfacet
  facet normal -0.352218 -0.935918 0
    outer loop
      vertex -11.8632 -28.6403 20
      vertex -9.96462 -29.3548 35
      vertex -11.8632 -28.6403 35
    endloop
  endfacet
  facet normal -0.352218 -0.935918 -0
    outer loop
      vertex -9.96462 -29.3548 35
      vertex -11.8632 -28.6403 20
      vertex -9.96462 -29.3548 20
    endloop
  endfacet
  facet normal 0.772988 -0.634421 0
    outer loop
      vertex 23.307 -20.4397 35
      vertex 24.594 -18.8716 20
      vertex 24.594 -18.8716 35
    endloop
  endfacet
  facet normal 0.772988 -0.634421 0
    outer loop
      vertex 24.594 -18.8716 20
      vertex 23.307 -20.4397 35
      vertex 23.307 -20.4397 20
    endloop
  endfacet
  facet normal -0.528052 -0.849212 0
    outer loop
      vertex -17.2227 -25.7756 20
      vertex -15.5 -26.8468 35
      vertex -17.2227 -25.7756 35
    endloop
  endfacet
  facet normal -0.528052 -0.849212 -0
    outer loop
      vertex -15.5 -26.8468 35
      vertex -17.2227 -25.7756 20
      vertex -15.5 -26.8468 20
    endloop
  endfacet
  facet normal 0.973882 -0.227056 0
    outer loop
      vertex 29.9437 -8.02339 35
      vertex 30.4043 -6.0478 20
      vertex 30.4043 -6.0478 35
    endloop
  endfacet
  facet normal 0.973882 -0.227056 0
    outer loop
      vertex 30.4043 -6.0478 20
      vertex 29.9437 -8.02339 35
      vertex 29.9437 -8.02339 20
    endloop
  endfacet
  facet normal 0.634421 -0.772988 0
    outer loop
      vertex 18.8716 -24.594 20
      vertex 20.4397 -23.307 35
      vertex 18.8716 -24.594 35
    endloop
  endfacet
  facet normal 0.634421 -0.772988 0
    outer loop
      vertex 20.4397 -23.307 35
      vertex 18.8716 -24.594 20
      vertex 20.4397 -23.307 20
    endloop
  endfacet
  facet normal -0.729872 0.683584 0
    outer loop
      vertex -23.307 20.4397 20
      vertex -21.9203 21.9203 35
      vertex -21.9203 21.9203 20
    endloop
  endfacet
  facet normal -0.729872 0.683584 0
    outer loop
      vertex -21.9203 21.9203 35
      vertex -23.307 20.4397 20
      vertex -23.307 20.4397 35
    endloop
  endfacet
  facet normal -0.956936 -0.2903 0
    outer loop
      vertex -29.3548 -9.96462 20
      vertex -29.9437 -8.02339 35
      vertex -29.9437 -8.02339 20
    endloop
  endfacet
  facet normal -0.956936 -0.2903 0
    outer loop
      vertex -29.9437 -8.02339 35
      vertex -29.3548 -9.96462 20
      vertex -29.3548 -9.96462 35
    endloop
  endfacet
  facet normal 0.162921 -0.986639 0
    outer loop
      vertex 4.04631 -30.7348 20
      vertex 6.0478 -30.4043 35
      vertex 4.04631 -30.7348 35
    endloop
  endfacet
  facet normal 0.162921 -0.986639 0
    outer loop
      vertex 6.0478 -30.4043 35
      vertex 4.04631 -30.7348 20
      vertex 6.0478 -30.4043 20
    endloop
  endfacet
  facet normal -0.634421 -0.772988 0
    outer loop
      vertex -20.4397 -23.307 20
      vertex -18.8716 -24.594 35
      vertex -20.4397 -23.307 35
    endloop
  endfacet
  facet normal -0.634421 -0.772988 -0
    outer loop
      vertex -18.8716 -24.594 35
      vertex -20.4397 -23.307 20
      vertex -18.8716 -24.594 20
    endloop
  endfacet
  facet normal -0.2903 0.956936 0
    outer loop
      vertex -8.02339 29.9437 20
      vertex -9.96462 29.3548 35
      vertex -8.02339 29.9437 35
    endloop
  endfacet
  facet normal -0.2903 0.956936 0
    outer loop
      vertex -9.96462 29.3548 35
      vertex -8.02339 29.9437 20
      vertex -9.96462 29.3548 20
    endloop
  endfacet
  facet normal -0.227056 0.973882 0
    outer loop
      vertex -6.0478 30.4043 20
      vertex -8.02339 29.9437 35
      vertex -6.0478 30.4043 35
    endloop
  endfacet
  facet normal -0.227056 0.973882 0
    outer loop
      vertex -8.02339 29.9437 35
      vertex -6.0478 30.4043 20
      vertex -8.02339 29.9437 20
    endloop
  endfacet
  facet normal 0.227056 0.973882 -0
    outer loop
      vertex 8.02339 29.9437 20
      vertex 6.0478 30.4043 35
      vertex 8.02339 29.9437 35
    endloop
  endfacet
  facet normal 0.227056 0.973882 0
    outer loop
      vertex 6.0478 30.4043 35
      vertex 8.02339 29.9437 20
      vertex 6.0478 30.4043 20
    endloop
  endfacet
  facet normal 0 0 1
    outer loop
      vertex 20 0 35
      vertex 31 0 35
      vertex 30.9336 2.0275 35
    endloop
  endfacet
  facet normal 0 0 1
    outer loop
      vertex 19.9572 1.30806 35
      vertex 30.9336 2.0275 35
      vertex 30.7348 4.04631 35
    endloop
  endfacet
  facet normal 0 0 1
    outer loop
      vertex 31 0 35
      vertex 20 0 35
      vertex 30.9336 -2.0275 35
    endloop
  endfacet
  facet normal 0 0 1
    outer loop
      vertex 19.8289 2.61052 35
      vertex 30.7348 4.04631 35
      vertex 30.4043 6.0478 35
    endloop
  endfacet
  facet normal -0 0 1
    outer loop
      vertex 19.9572 -1.30806 35
      vertex 30.9336 -2.0275 35
      vertex 20 0 35
    endloop
  endfacet
  facet normal 0 0 1
    outer loop
      vertex 19.6157 3.90181 35
      vertex 30.4043 6.0478 35
      vertex 29.9437 8.02339 35
    endloop
  endfacet
  facet normal 0 0 1
    outer loop
      vertex 30.9336 -2.0275 35
      vertex 19.9572 -1.30806 35
      vertex 30.7348 -4.04631 35
    endloop
  endfacet
  facet normal 0 0 1
    outer loop
      vertex 19.3185 5.17638 35
      vertex 29.9437 8.02339 35
      vertex 29.3548 9.96462 35
    endloop
  endfacet
  facet normal -0 0 1
    outer loop
      vertex 19.8289 -2.61052 35
      vertex 30.7348 -4.04631 35
      vertex 19.9572 -1.30806 35
    endloop
  endfacet
  facet normal 0 0 1
    outer loop
      vertex 18.9386 6.42879 35
      vertex 29.3548 9.96462 35
      vertex 28.6403 11.8632 35
    endloop
  endfacet
  facet normal 0 0 1
    outer loop
      vertex 30.7348 -4.04631 35
      vertex 19.8289 -2.61052 35
      vertex 30.4043 -6.0478 35
    endloop
  endfacet
  facet normal 0 0 1
    outer loop
      vertex 18.4776 7.65367 35
      vertex 28.6403 11.8632 35
      vertex 27.8031 13.7109 35
    endloop
  endfacet
  facet normal -0 0 1
    outer loop
      vertex 19.6157 -3.90181 35
      vertex 30.4043 -6.0478 35
      vertex 19.8289 -2.61052 35
    endloop
  endfacet
  facet normal 0 0 1
    outer loop
      vertex 17.9375 8.84577 35
      vertex 27.8031 13.7109 35
      vertex 26.8468 15.5 35
    endloop
  endfacet
  facet normal 0 0 1
    outer loop
      vertex 30.4043 -6.0478 35
      vertex 19.6157 -3.90181 35
      vertex 29.9437 -8.02339 35
    endloop
  endfacet
  facet normal 0 0 1
    outer loop
      vertex 17.3205 10 35
      vertex 26.8468 15.5 35
      vertex 25.7756 17.2227 35
    endloop
  endfacet
  facet normal -0 0 1
    outer loop
      vertex 19.3185 -5.17638 35
      vertex 29.9437 -8.02339 35
      vertex 19.6157 -3.90181 35
    endloop
  endfacet
  facet normal 0 0 1
    outer loop
      vertex 16.6294 11.1114 35
      vertex 25.7756 17.2227 35
      vertex 24.594 18.8716 35
    endloop
  endfacet
  facet normal 0 0 1
    outer loop
      vertex 29.9437 -8.02339 35
      vertex 19.3185 -5.17638 35
      vertex 29.3548 -9.96462 35
    endloop
  endfacet
  facet normal 0 0 1
    outer loop
      vertex 15.8671 12.1752 35
      vertex 24.594 18.8716 35
      vertex 23.307 20.4397 35
    endloop
  endfacet
  facet normal -0 0 1
    outer loop
      vertex 18.9386 -6.42879 35
      vertex 29.3548 -9.96462 35
      vertex 19.3185 -5.17638 35
    endloop
  endfacet
  facet normal 0 0 1
    outer loop
      vertex 15.0368 13.1869 35
      vertex 23.307 20.4397 35
      vertex 21.9203 21.9203 35
    endloop
  endfacet
  facet normal 0 0 1
    outer loop
      vertex 29.3548 -9.96462 35
      vertex 18.9386 -6.42879 35
      vertex 28.6403 -11.8632 35
    endloop
  endfacet
  facet normal 0 0 1
    outer loop
      vertex 14.1421 14.1421 35
      vertex 21.9203 21.9203 35
      vertex 20.4397 23.307 35
    endloop
  endfacet
  facet normal -0 0 1
    outer loop
      vertex 18.4776 -7.65367 35
      vertex 28.6403 -11.8632 35
      vertex 18.9386 -6.42879 35
    endloop
  endfacet
  facet normal 0 0 1
    outer loop
      vertex 28.6403 -11.8632 35
      vertex 18.4776 -7.65367 35
      vertex 27.8031 -13.7109 35
    endloop
  endfacet
  facet normal 0 0 1
    outer loop
      vertex 30.9336 2.0275 35
      vertex 19.9572 1.30806 35
      vertex 20 0 35
    endloop
  endfacet
  facet normal 0 0 1
    outer loop
      vertex 30.7348 4.04631 35
      vertex 19.8289 2.61052 35
      vertex 19.9572 1.30806 35
    endloop
  endfacet
  facet normal 0 0 1
    outer loop
      vertex 30.4043 6.0478 35
      vertex 19.6157 3.90181 35
      vertex 19.8289 2.61052 35
    endloop
  endfacet
  facet normal 0 0 1
    outer loop
      vertex 29.9437 8.02339 35
      vertex 19.3185 5.17638 35
      vertex 19.6157 3.90181 35
    endloop
  endfacet
  facet normal 0 0 1
    outer loop
      vertex 29.3548 9.96462 35
      vertex 18.9386 6.42879 35
      vertex 19.3185 5.17638 35
    endloop
  endfacet
  facet normal 0 0 1
    outer loop
      vertex 13.1869 15.0368 35
      vertex 20.4397 23.307 35
      vertex 18.8716 24.594 35
    endloop
  endfacet
  facet normal 0 0 1
    outer loop
      vertex 28.6403 11.8632 35
      vertex 18.4776 7.65367 35
      vertex 18.9386 6.42879 35
    endloop
  endfacet
  facet normal 0 0 1
    outer loop
      vertex 27.8031 13.7109 35
      vertex 17.9375 8.84577 35
      vertex 18.4776 7.65367 35
    endloop
  endfacet
  facet normal 0 0 1
    outer loop
      vertex 26.8468 15.5 35
      vertex 17.3205 10 35
      vertex 17.9375 8.84577 35
    endloop
  endfacet
  facet normal 0 0 1
    outer loop
      vertex 12.1752 15.8671 35
      vertex 18.8716 24.594 35
      vertex 17.2227 25.7756 35
    endloop
  endfacet
  facet normal 0 0 1
    outer loop
      vertex 25.7756 17.2227 35
      vertex 16.6294 11.1114 35
      vertex 17.3205 10 35
    endloop
  endfacet
  facet normal 0 0 1
    outer loop
      vertex 24.594 18.8716 35
      vertex 15.8671 12.1752 35
      vertex 16.6294 11.1114 35
    endloop
  endfacet
  facet normal 0 0 1
    outer loop
      vertex 11.1114 16.6294 35
      vertex 17.2227 25.7756 35
      vertex 15.5 26.8468 35
    endloop
  endfacet
  facet normal 0 0 1
    outer loop
      vertex 23.307 20.4397 35
      vertex 15.0368 13.1869 35
      vertex 15.8671 12.1752 35
    endloop
  endfacet
  facet normal 0 0 1
    outer loop
      vertex 21.9203 21.9203 35
      vertex 14.1421 14.1421 35
      vertex 15.0368 13.1869 35
    endloop
  endfacet
  facet normal 0 0 1
    outer loop
      vertex 10 17.3205 35
      vertex 15.5 26.8468 35
      vertex 13.7109 27.8031 35
    endloop
  endfacet
  facet normal 0 0 1
    outer loop
      vertex 20.4397 23.307 35
      vertex 13.1869 15.0368 35
      vertex 14.1421 14.1421 35
    endloop
  endfacet
  facet normal 0 0 1
    outer loop
      vertex 18.8716 24.594 35
      vertex 12.1752 15.8671 35
      vertex 13.1869 15.0368 35
    endloop
  endfacet
  facet normal 0 0 1
    outer loop
      vertex 8.84577 17.9375 35
      vertex 13.7109 27.8031 35
      vertex 11.8632 28.6403 35
    endloop
  endfacet
  facet normal 0 0 1
    outer loop
      vertex 17.2227 25.7756 35
      vertex 11.1114 16.6294 35
      vertex 12.1752 15.8671 35
    endloop
  endfacet
  facet normal 0 0 1
    outer loop
      vertex 15.5 26.8468 35
      vertex 10 17.3205 35
      vertex 11.1114 16.6294 35
    endloop
  endfacet
  facet normal 0 0 1
    outer loop
      vertex 7.65367 18.4776 35
      vertex 11.8632 28.6403 35
      vertex 9.96462 29.3548 35
    endloop
  endfacet
  facet normal 0 0 1
    outer loop
      vertex 13.7109 27.8031 35
      vertex 8.84577 17.9375 35
      vertex 10 17.3205 35
    endloop
  endfacet
  facet normal 0 0 1
    outer loop
      vertex 6.42879 18.9386 35
      vertex 9.96462 29.3548 35
      vertex 8.02339 29.9437 35
    endloop
  endfacet
  facet normal 0 0 1
    outer loop
      vertex 11.8632 28.6403 35
      vertex 7.65367 18.4776 35
      vertex 8.84577 17.9375 35
    endloop
  endfacet
  facet normal 0 0 1
    outer loop
      vertex 9.96462 29.3548 35
      vertex 6.42879 18.9386 35
      vertex 7.65367 18.4776 35
    endloop
  endfacet
  facet normal 0 0 1
    outer loop
      vertex 5.17638 19.3185 35
      vertex 8.02339 29.9437 35
      vertex 6.0478 30.4043 35
    endloop
  endfacet
  facet normal 0 0 1
    outer loop
      vertex 8.02339 29.9437 35
      vertex 5.17638 19.3185 35
      vertex 6.42879 18.9386 35
    endloop
  endfacet
  facet normal 0 0 1
    outer loop
      vertex 3.90181 19.6157 35
      vertex 6.0478 30.4043 35
      vertex 4.04631 30.7348 35
    endloop
  endfacet
  facet normal 0 0 1
    outer loop
      vertex 6.0478 30.4043 35
      vertex 3.90181 19.6157 35
      vertex 5.17638 19.3185 35
    endloop
  endfacet
  facet normal 0 0 1
    outer loop
      vertex 4.04631 30.7348 35
      vertex 2.61052 19.8289 35
      vertex 3.90181 19.6157 35
    endloop
  endfacet
  facet normal 0 0 1
    outer loop
      vertex 2.0275 30.9336 35
      vertex 2.61052 19.8289 35
      vertex 4.04631 30.7348 35
    endloop
  endfacet
  facet normal 0 0 1
    outer loop
      vertex 2.0275 30.9336 35
      vertex 1.30806 19.9572 35
      vertex 2.61052 19.8289 35
    endloop
  endfacet
  facet normal 0 0 1
    outer loop
      vertex 0 31 35
      vertex 1.30806 19.9572 35
      vertex 2.0275 30.9336 35
    endloop
  endfacet
  facet normal 0 0 1
    outer loop
      vertex 0 31 35
      vertex 0 20 35
      vertex 1.30806 19.9572 35
    endloop
  endfacet
  facet normal 0 0 1
    outer loop
      vertex 0 31 35
      vertex -1.30806 19.9572 35
      vertex 0 20 35
    endloop
  endfacet
  facet normal -0 0 1
    outer loop
      vertex -2.0275 30.9336 35
      vertex -1.30806 19.9572 35
      vertex 0 31 35
    endloop
  endfacet
  facet normal 0 0 1
    outer loop
      vertex -2.0275 30.9336 35
      vertex -2.61052 19.8289 35
      vertex -1.30806 19.9572 35
    endloop
  endfacet
  facet normal -0 0 1
    outer loop
      vertex -4.04631 30.7348 35
      vertex -2.61052 19.8289 35
      vertex -2.0275 30.9336 35
    endloop
  endfacet
  facet normal 0 0 1
    outer loop
      vertex -2.61052 19.8289 35
      vertex -4.04631 30.7348 35
      vertex -3.90181 19.6157 35
    endloop
  endfacet
  facet normal -0 0 1
    outer loop
      vertex -6.0478 30.4043 35
      vertex -3.90181 19.6157 35
      vertex -4.04631 30.7348 35
    endloop
  endfacet
  facet normal 0 0 1
    outer loop
      vertex -3.90181 19.6157 35
      vertex -6.0478 30.4043 35
      vertex -5.17638 19.3185 35
    endloop
  endfacet
  facet normal -0 0 1
    outer loop
      vertex -8.02339 29.9437 35
      vertex -5.17638 19.3185 35
      vertex -6.0478 30.4043 35
    endloop
  endfacet
  facet normal 0 0 1
    outer loop
      vertex -5.17638 19.3185 35
      vertex -8.02339 29.9437 35
      vertex -6.42879 18.9386 35
    endloop
  endfacet
  facet normal -0 0 1
    outer loop
      vertex -9.96462 29.3548 35
      vertex -6.42879 18.9386 35
      vertex -8.02339 29.9437 35
    endloop
  endfacet
  facet normal 0 0 1
    outer loop
      vertex -6.42879 18.9386 35
      vertex -9.96462 29.3548 35
      vertex -7.65367 18.4776 35
    endloop
  endfacet
  facet normal -0 0 1
    outer loop
      vertex -11.8632 28.6403 35
      vertex -7.65367 18.4776 35
      vertex -9.96462 29.3548 35
    endloop
  endfacet
  facet normal 0 0 1
    outer loop
      vertex -7.65367 18.4776 35
      vertex -11.8632 28.6403 35
      vertex -8.84577 17.9375 35
    endloop
  endfacet
  facet normal -0 0 1
    outer loop
      vertex -13.7109 27.8031 35
      vertex -8.84577 17.9375 35
      vertex -11.8632 28.6403 35
    endloop
  endfacet
  facet normal 0 0 1
    outer loop
      vertex -8.84577 17.9375 35
      vertex -13.7109 27.8031 35
      vertex -10 17.3205 35
    endloop
  endfacet
  facet normal -0 0 1
    outer loop
      vertex -15.5 26.8468 35
      vertex -10 17.3205 35
      vertex -13.7109 27.8031 35
    endloop
  endfacet
  facet normal 0 0 1
    outer loop
      vertex -10 17.3205 35
      vertex -15.5 26.8468 35
      vertex -11.1114 16.6294 35
    endloop
  endfacet
  facet normal -0 0 1
    outer loop
      vertex -17.2227 25.7756 35
      vertex -11.1114 16.6294 35
      vertex -15.5 26.8468 35
    endloop
  endfacet
  facet normal 0 0 1
    outer loop
      vertex -11.1114 16.6294 35
      vertex -17.2227 25.7756 35
      vertex -12.1752 15.8671 35
    endloop
  endfacet
  facet normal -0 0 1
    outer loop
      vertex -18.8716 24.594 35
      vertex -12.1752 15.8671 35
      vertex -17.2227 25.7756 35
    endloop
  endfacet
  facet normal 0 0 1
    outer loop
      vertex -12.1752 15.8671 35
      vertex -18.8716 24.594 35
      vertex -13.1869 15.0368 35
    endloop
  endfacet
  facet normal -0 0 1
    outer loop
      vertex -20.4397 23.307 35
      vertex -13.1869 15.0368 35
      vertex -18.8716 24.594 35
    endloop
  endfacet
  facet normal 0 0 1
    outer loop
      vertex -13.1869 15.0368 35
      vertex -20.4397 23.307 35
      vertex -14.1421 14.1421 35
    endloop
  endfacet
  facet normal -0 0 1
    outer loop
      vertex -21.9203 21.9203 35
      vertex -14.1421 14.1421 35
      vertex -20.4397 23.307 35
    endloop
  endfacet
  facet normal 0 0 1
    outer loop
      vertex -14.1421 14.1421 35
      vertex -21.9203 21.9203 35
      vertex -15.0368 13.1869 35
    endloop
  endfacet
  facet normal -0 0 1
    outer loop
      vertex -23.307 20.4397 35
      vertex -15.0368 13.1869 35
      vertex -21.9203 21.9203 35
    endloop
  endfacet
  facet normal 0 0 1
    outer loop
      vertex -15.0368 13.1869 35
      vertex -23.307 20.4397 35
      vertex -15.8671 12.1752 35
    endloop
  endfacet
  facet normal -0 0 1
    outer loop
      vertex -24.594 18.8716 35
      vertex -15.8671 12.1752 35
      vertex -23.307 20.4397 35
    endloop
  endfacet
  facet normal 0 0 1
    outer loop
      vertex -15.8671 12.1752 35
      vertex -24.594 18.8716 35
      vertex -16.6294 11.1114 35
    endloop
  endfacet
  facet normal -0 0 1
    outer loop
      vertex -25.7756 17.2227 35
      vertex -16.6294 11.1114 35
      vertex -24.594 18.8716 35
    endloop
  endfacet
  facet normal 0 0 1
    outer loop
      vertex -16.6294 11.1114 35
      vertex -25.7756 17.2227 35
      vertex -17.3205 10 35
    endloop
  endfacet
  facet normal -0 0 1
    outer loop
      vertex -26.8468 15.5 35
      vertex -17.3205 10 35
      vertex -25.7756 17.2227 35
    endloop
  endfacet
  facet normal 0 0 1
    outer loop
      vertex -17.3205 10 35
      vertex -26.8468 15.5 35
      vertex -17.9375 8.84577 35
    endloop
  endfacet
  facet normal 0 0 1
    outer loop
      vertex -17.9375 8.84577 35
      vertex -27.8031 13.7109 35
      vertex -18.4776 7.65367 35
    endloop
  endfacet
  facet normal -0 0 1
    outer loop
      vertex -27.8031 13.7109 35
      vertex -17.9375 8.84577 35
      vertex -26.8468 15.5 35
    endloop
  endfacet
  facet normal -0 0 1
    outer loop
      vertex 17.9375 -8.84577 35
      vertex 27.8031 -13.7109 35
      vertex 18.4776 -7.65367 35
    endloop
  endfacet
  facet normal 0 0 1
    outer loop
      vertex 27.8031 -13.7109 35
      vertex 17.9375 -8.84577 35
      vertex 26.8468 -15.5 35
    endloop
  endfacet
  facet normal -0 0 1
    outer loop
      vertex 17.3205 -10 35
      vertex 26.8468 -15.5 35
      vertex 17.9375 -8.84577 35
    endloop
  endfacet
  facet normal 0 0 1
    outer loop
      vertex 26.8468 -15.5 35
      vertex 17.3205 -10 35
      vertex 25.7756 -17.2227 35
    endloop
  endfacet
  facet normal -0 0 1
    outer loop
      vertex 16.6294 -11.1114 35
      vertex 25.7756 -17.2227 35
      vertex 17.3205 -10 35
    endloop
  endfacet
  facet normal 0 0 1
    outer loop
      vertex 25.7756 -17.2227 35
      vertex 16.6294 -11.1114 35
      vertex 24.594 -18.8716 35
    endloop
  endfacet
  facet normal -0 0 1
    outer loop
      vertex 15.8671 -12.1752 35
      vertex 24.594 -18.8716 35
      vertex 16.6294 -11.1114 35
    endloop
  endfacet
  facet normal 0 0 1
    outer loop
      vertex 24.594 -18.8716 35
      vertex 15.8671 -12.1752 35
      vertex 23.307 -20.4397 35
    endloop
  endfacet
  facet normal -0 0 1
    outer loop
      vertex 15.0368 -13.1869 35
      vertex 23.307 -20.4397 35
      vertex 15.8671 -12.1752 35
    endloop
  endfacet
  facet normal 0 0 1
    outer loop
      vertex 23.307 -20.4397 35
      vertex 15.0368 -13.1869 35
      vertex 21.9203 -21.9203 35
    endloop
  endfacet
  facet normal -0 0 1
    outer loop
      vertex 14.1421 -14.1421 35
      vertex 21.9203 -21.9203 35
      vertex 15.0368 -13.1869 35
    endloop
  endfacet
  facet normal 0 0 1
    outer loop
      vertex 21.9203 -21.9203 35
      vertex 14.1421 -14.1421 35
      vertex 20.4397 -23.307 35
    endloop
  endfacet
  facet normal -0 0 1
    outer loop
      vertex 13.1869 -15.0368 35
      vertex 20.4397 -23.307 35
      vertex 14.1421 -14.1421 35
    endloop
  endfacet
  facet normal 0 0 1
    outer loop
      vertex 20.4397 -23.307 35
      vertex 13.1869 -15.0368 35
      vertex 18.8716 -24.594 35
    endloop
  endfacet
  facet normal -0 0 1
    outer loop
      vertex 12.1752 -15.8671 35
      vertex 18.8716 -24.594 35
      vertex 13.1869 -15.0368 35
    endloop
  endfacet
  facet normal 0 0 1
    outer loop
      vertex 18.8716 -24.594 35
      vertex 12.1752 -15.8671 35
      vertex 17.2227 -25.7756 35
    endloop
  endfacet
  facet normal -0 0 1
    outer loop
      vertex 11.1114 -16.6294 35
      vertex 17.2227 -25.7756 35
      vertex 12.1752 -15.8671 35
    endloop
  endfacet
  facet normal 0 0 1
    outer loop
      vertex 17.2227 -25.7756 35
      vertex 11.1114 -16.6294 35
      vertex 15.5 -26.8468 35
    endloop
  endfacet
  facet normal -0 0 1
    outer loop
      vertex 10 -17.3205 35
      vertex 15.5 -26.8468 35
      vertex 11.1114 -16.6294 35
    endloop
  endfacet
  facet normal 0 0 1
    outer loop
      vertex 15.5 -26.8468 35
      vertex 10 -17.3205 35
      vertex 13.7109 -27.8031 35
    endloop
  endfacet
  facet normal -0 0 1
    outer loop
      vertex 8.84577 -17.9375 35
      vertex 13.7109 -27.8031 35
      vertex 10 -17.3205 35
    endloop
  endfacet
  facet normal 0 0 1
    outer loop
      vertex 13.7109 -27.8031 35
      vertex 8.84577 -17.9375 35
      vertex 11.8632 -28.6403 35
    endloop
  endfacet
  facet normal -0 0 1
    outer loop
      vertex 7.65367 -18.4776 35
      vertex 11.8632 -28.6403 35
      vertex 8.84577 -17.9375 35
    endloop
  endfacet
  facet normal 0 0 1
    outer loop
      vertex 11.8632 -28.6403 35
      vertex 7.65367 -18.4776 35
      vertex 9.96462 -29.3548 35
    endloop
  endfacet
  facet normal -0 0 1
    outer loop
      vertex 6.42879 -18.9386 35
      vertex 9.96462 -29.3548 35
      vertex 7.65367 -18.4776 35
    endloop
  endfacet
  facet normal 0 0 1
    outer loop
      vertex 9.96462 -29.3548 35
      vertex 6.42879 -18.9386 35
      vertex 8.02339 -29.9437 35
    endloop
  endfacet
  facet normal -0 0 1
    outer loop
      vertex 5.17638 -19.3185 35
      vertex 8.02339 -29.9437 35
      vertex 6.42879 -18.9386 35
    endloop
  endfacet
  facet normal 0 0 1
    outer loop
      vertex 8.02339 -29.9437 35
      vertex 5.17638 -19.3185 35
      vertex 6.0478 -30.4043 35
    endloop
  endfacet
  facet normal -0 0 1
    outer loop
      vertex 3.90181 -19.6157 35
      vertex 6.0478 -30.4043 35
      vertex 5.17638 -19.3185 35
    endloop
  endfacet
  facet normal 0 0 1
    outer loop
      vertex 6.0478 -30.4043 35
      vertex 3.90181 -19.6157 35
      vertex 4.04631 -30.7348 35
    endloop
  endfacet
  facet normal -0 0 1
    outer loop
      vertex 2.61052 -19.8289 35
      vertex 4.04631 -30.7348 35
      vertex 3.90181 -19.6157 35
    endloop
  endfacet
  facet normal 0 0 1
    outer loop
      vertex 2.61052 -19.8289 35
      vertex 2.0275 -30.9336 35
      vertex 4.04631 -30.7348 35
    endloop
  endfacet
  facet normal -0 0 1
    outer loop
      vertex 1.30806 -19.9572 35
      vertex 2.0275 -30.9336 35
      vertex 2.61052 -19.8289 35
    endloop
  endfacet
  facet normal -0 0 1
    outer loop
      vertex 0 -20 35
      vertex 2.0275 -30.9336 35
      vertex 1.30806 -19.9572 35
    endloop
  endfacet
  facet normal 0 0 1
    outer loop
      vertex 0 -20 35
      vertex 0 -31 35
      vertex 2.0275 -30.9336 35
    endloop
  endfacet
  facet normal 0 0 1
    outer loop
      vertex -1.30806 -19.9572 35
      vertex 0 -31 35
      vertex 0 -20 35
    endloop
  endfacet
  facet normal 0 0 1
    outer loop
      vertex -1.30806 -19.9572 35
      vertex -2.0275 -30.9336 35
      vertex 0 -31 35
    endloop
  endfacet
  facet normal 0 0 1
    outer loop
      vertex -2.61052 -19.8289 35
      vertex -2.0275 -30.9336 35
      vertex -1.30806 -19.9572 35
    endloop
  endfacet
  facet normal 0 0 1
    outer loop
      vertex -4.04631 -30.7348 35
      vertex -2.61052 -19.8289 35
      vertex -3.90181 -19.6157 35
    endloop
  endfacet
  facet normal 0 0 1
    outer loop
      vertex -2.61052 -19.8289 35
      vertex -4.04631 -30.7348 35
      vertex -2.0275 -30.9336 35
    endloop
  endfacet
  facet normal 0 0 1
    outer loop
      vertex -6.0478 -30.4043 35
      vertex -3.90181 -19.6157 35
      vertex -5.17638 -19.3185 35
    endloop
  endfacet
  facet normal 0 0 1
    outer loop
      vertex -3.90181 -19.6157 35
      vertex -6.0478 -30.4043 35
      vertex -4.04631 -30.7348 35
    endloop
  endfacet
  facet normal 0 0 1
    outer loop
      vertex -8.02339 -29.9437 35
      vertex -5.17638 -19.3185 35
      vertex -6.42879 -18.9386 35
    endloop
  endfacet
  facet normal 0 0 1
    outer loop
      vertex -9.96462 -29.3548 35
      vertex -6.42879 -18.9386 35
      vertex -7.65367 -18.4776 35
    endloop
  endfacet
  facet normal 0 0 1
    outer loop
      vertex -5.17638 -19.3185 35
      vertex -8.02339 -29.9437 35
      vertex -6.0478 -30.4043 35
    endloop
  endfacet
  facet normal 0 0 1
    outer loop
      vertex -11.8632 -28.6403 35
      vertex -7.65367 -18.4776 35
      vertex -8.84577 -17.9375 35
    endloop
  endfacet
  facet normal 0 0 1
    outer loop
      vertex -6.42879 -18.9386 35
      vertex -9.96462 -29.3548 35
      vertex -8.02339 -29.9437 35
    endloop
  endfacet
  facet normal 0 0 1
    outer loop
      vertex -13.7109 -27.8031 35
      vertex -8.84577 -17.9375 35
      vertex -10 -17.3205 35
    endloop
  endfacet
  facet normal 0 0 1
    outer loop
      vertex -15.5 -26.8468 35
      vertex -10 -17.3205 35
      vertex -11.1114 -16.6294 35
    endloop
  endfacet
  facet normal 0 0 1
    outer loop
      vertex -7.65367 -18.4776 35
      vertex -11.8632 -28.6403 35
      vertex -9.96462 -29.3548 35
    endloop
  endfacet
  facet normal 0 0 1
    outer loop
      vertex -17.2227 -25.7756 35
      vertex -11.1114 -16.6294 35
      vertex -12.1752 -15.8671 35
    endloop
  endfacet
  facet normal 0 0 1
    outer loop
      vertex -18.8716 -24.594 35
      vertex -12.1752 -15.8671 35
      vertex -13.1869 -15.0368 35
    endloop
  endfacet
  facet normal 0 0 1
    outer loop
      vertex -8.84577 -17.9375 35
      vertex -13.7109 -27.8031 35
      vertex -11.8632 -28.6403 35
    endloop
  endfacet
  facet normal 0 0 1
    outer loop
      vertex -20.4397 -23.307 35
      vertex -13.1869 -15.0368 35
      vertex -14.1421 -14.1421 35
    endloop
  endfacet
  facet normal 0 0 1
    outer loop
      vertex -21.9203 -21.9203 35
      vertex -14.1421 -14.1421 35
      vertex -15.0368 -13.1869 35
    endloop
  endfacet
  facet normal 0 0 1
    outer loop
      vertex -10 -17.3205 35
      vertex -15.5 -26.8468 35
      vertex -13.7109 -27.8031 35
    endloop
  endfacet
  facet normal 0 0 1
    outer loop
      vertex -23.307 -20.4397 35
      vertex -15.0368 -13.1869 35
      vertex -15.8671 -12.1752 35
    endloop
  endfacet
  facet normal 0 0 1
    outer loop
      vertex -24.594 -18.8716 35
      vertex -15.8671 -12.1752 35
      vertex -16.6294 -11.1114 35
    endloop
  endfacet
  facet normal 0 0 1
    outer loop
      vertex -11.1114 -16.6294 35
      vertex -17.2227 -25.7756 35
      vertex -15.5 -26.8468 35
    endloop
  endfacet
  facet normal 0 0 1
    outer loop
      vertex -25.7756 -17.2227 35
      vertex -16.6294 -11.1114 35
      vertex -17.3205 -10 35
    endloop
  endfacet
  facet normal 0 0 1
    outer loop
      vertex -26.8468 -15.5 35
      vertex -17.3205 -10 35
      vertex -17.9375 -8.84577 35
    endloop
  endfacet
  facet normal 0 0 1
    outer loop
      vertex -27.8031 -13.7109 35
      vertex -17.9375 -8.84577 35
      vertex -18.4776 -7.65367 35
    endloop
  endfacet
  facet normal 0 0 1
    outer loop
      vertex -12.1752 -15.8671 35
      vertex -18.8716 -24.594 35
      vertex -17.2227 -25.7756 35
    endloop
  endfacet
  facet normal 0 0 1
    outer loop
      vertex -28.6403 -11.8632 35
      vertex -18.4776 -7.65367 35
      vertex -18.9386 -6.42879 35
    endloop
  endfacet
  facet normal 0 0 1
    outer loop
      vertex -29.3548 -9.96462 35
      vertex -18.9386 -6.42879 35
      vertex -19.3185 -5.17638 35
    endloop
  endfacet
  facet normal 0 0 1
    outer loop
      vertex -29.9437 -8.02339 35
      vertex -19.3185 -5.17638 35
      vertex -19.6157 -3.90181 35
    endloop
  endfacet
  facet normal 0 0 1
    outer loop
      vertex -30.4043 -6.0478 35
      vertex -19.6157 -3.90181 35
      vertex -19.8289 -2.61052 35
    endloop
  endfacet
  facet normal 0 0 1
    outer loop
      vertex -30.7348 -4.04631 35
      vertex -19.8289 -2.61052 35
      vertex -19.9572 -1.30806 35
    endloop
  endfacet
  facet normal 0 0 1
    outer loop
      vertex -13.1869 -15.0368 35
      vertex -20.4397 -23.307 35
      vertex -18.8716 -24.594 35
    endloop
  endfacet
  facet normal 0 0 1
    outer loop
      vertex -30.9336 -2.0275 35
      vertex -19.9572 -1.30806 35
      vertex -20 0 35
    endloop
  endfacet
  facet normal -0 0 1
    outer loop
      vertex -28.6403 11.8632 35
      vertex -18.4776 7.65367 35
      vertex -27.8031 13.7109 35
    endloop
  endfacet
  facet normal 0 0 1
    outer loop
      vertex -18.4776 7.65367 35
      vertex -28.6403 11.8632 35
      vertex -18.9386 6.42879 35
    endloop
  endfacet
  facet normal 0 0 1
    outer loop
      vertex -14.1421 -14.1421 35
      vertex -21.9203 -21.9203 35
      vertex -20.4397 -23.307 35
    endloop
  endfacet
  facet normal -0 0 1
    outer loop
      vertex -29.3548 9.96462 35
      vertex -18.9386 6.42879 35
      vertex -28.6403 11.8632 35
    endloop
  endfacet
  facet normal 0 0 1
    outer loop
      vertex -15.0368 -13.1869 35
      vertex -23.307 -20.4397 35
      vertex -21.9203 -21.9203 35
    endloop
  endfacet
  facet normal 0 0 1
    outer loop
      vertex -18.9386 6.42879 35
      vertex -29.3548 9.96462 35
      vertex -19.3185 5.17638 35
    endloop
  endfacet
  facet normal 0 0 1
    outer loop
      vertex -15.8671 -12.1752 35
      vertex -24.594 -18.8716 35
      vertex -23.307 -20.4397 35
    endloop
  endfacet
  facet normal -0 0 1
    outer loop
      vertex -29.9437 8.02339 35
      vertex -19.3185 5.17638 35
      vertex -29.3548 9.96462 35
    endloop
  endfacet
  facet normal 0 0 1
    outer loop
      vertex -16.6294 -11.1114 35
      vertex -25.7756 -17.2227 35
      vertex -24.594 -18.8716 35
    endloop
  endfacet
  facet normal 0 0 1
    outer loop
      vertex -19.3185 5.17638 35
      vertex -29.9437 8.02339 35
      vertex -19.6157 3.90181 35
    endloop
  endfacet
  facet normal 0 0 1
    outer loop
      vertex -17.3205 -10 35
      vertex -26.8468 -15.5 35
      vertex -25.7756 -17.2227 35
    endloop
  endfacet
  facet normal -0 0 1
    outer loop
      vertex -30.4043 6.0478 35
      vertex -19.6157 3.90181 35
      vertex -29.9437 8.02339 35
    endloop
  endfacet
  facet normal 0 0 1
    outer loop
      vertex -17.9375 -8.84577 35
      vertex -27.8031 -13.7109 35
      vertex -26.8468 -15.5 35
    endloop
  endfacet
  facet normal 0 0 1
    outer loop
      vertex -19.6157 3.90181 35
      vertex -30.4043 6.0478 35
      vertex -19.8289 2.61052 35
    endloop
  endfacet
  facet normal 0 0 1
    outer loop
      vertex -18.4776 -7.65367 35
      vertex -28.6403 -11.8632 35
      vertex -27.8031 -13.7109 35
    endloop
  endfacet
  facet normal -0 0 1
    outer loop
      vertex -30.7348 4.04631 35
      vertex -19.8289 2.61052 35
      vertex -30.4043 6.0478 35
    endloop
  endfacet
  facet normal 0 0 1
    outer loop
      vertex -18.9386 -6.42879 35
      vertex -29.3548 -9.96462 35
      vertex -28.6403 -11.8632 35
    endloop
  endfacet
  facet normal 0 0 1
    outer loop
      vertex -19.8289 2.61052 35
      vertex -30.7348 4.04631 35
      vertex -19.9572 1.30806 35
    endloop
  endfacet
  facet normal 0 0 1
    outer loop
      vertex -19.3185 -5.17638 35
      vertex -29.9437 -8.02339 35
      vertex -29.3548 -9.96462 35
    endloop
  endfacet
  facet normal -0 0 1
    outer loop
      vertex -30.9336 2.0275 35
      vertex -19.9572 1.30806 35
      vertex -30.7348 4.04631 35
    endloop
  endfacet
  facet normal 0 0 1
    outer loop
      vertex -19.6157 -3.90181 35
      vertex -30.4043 -6.0478 35
      vertex -29.9437 -8.02339 35
    endloop
  endfacet
  facet normal 0 0 1
    outer loop
      vertex -19.9572 1.30806 35
      vertex -30.9336 2.0275 35
      vertex -20 0 35
    endloop
  endfacet
  facet normal 0 0 1
    outer loop
      vertex -19.8289 -2.61052 35
      vertex -30.7348 -4.04631 35
      vertex -30.4043 -6.0478 35
    endloop
  endfacet
  facet normal 0 0 1
    outer loop
      vertex -31 0 35
      vertex -20 0 35
      vertex -30.9336 2.0275 35
    endloop
  endfacet
  facet normal 0 0 1
    outer loop
      vertex -19.9572 -1.30806 35
      vertex -30.9336 -2.0275 35
      vertex -30.7348 -4.04631 35
    endloop
  endfacet
  facet normal 0 0 1
    outer loop
      vertex -20 0 35
      vertex -31 0 35
      vertex -30.9336 -2.0275 35
    endloop
  endfacet
  facet normal -0.162921 -0.986639 0
    outer loop
      vertex -6.0478 -30.4043 20
      vertex -4.04631 -30.7348 35
      vertex -6.0478 -30.4043 35
    endloop
  endfacet
  facet normal -0.162921 -0.986639 -0
    outer loop
      vertex -4.04631 -30.7348 35
      vertex -6.0478 -30.4043 20
      vertex -4.04631 -30.7348 20
    endloop
  endfacet
  facet normal -0.91086 -0.412714 0
    outer loop
      vertex -27.8031 -13.7109 20
      vertex -28.6403 -11.8632 35
      vertex -28.6403 -11.8632 20
    endloop
  endfacet
  facet normal -0.91086 -0.412714 0
    outer loop
      vertex -28.6403 -11.8632 35
      vertex -27.8031 -13.7109 20
      vertex -27.8031 -13.7109 35
    endloop
  endfacet
  facet normal -0.471399 0.88192 0
    outer loop
      vertex -13.7109 27.8031 20
      vertex -15.5 26.8468 35
      vertex -13.7109 27.8031 35
    endloop
  endfacet
  facet normal -0.471399 0.88192 0
    outer loop
      vertex -15.5 26.8468 35
      vertex -13.7109 27.8031 20
      vertex -15.5 26.8468 20
    endloop
  endfacet
  facet normal -0.471399 -0.88192 0
    outer loop
      vertex -15.5 -26.8468 20
      vertex -13.7109 -27.8031 35
      vertex -15.5 -26.8468 35
    endloop
  endfacet
  facet normal -0.471399 -0.88192 -0
    outer loop
      vertex -13.7109 -27.8031 35
      vertex -15.5 -26.8468 20
      vertex -13.7109 -27.8031 20
    endloop
  endfacet
  facet normal -0.0326024 -0.999468 0
    outer loop
      vertex 31.8198 37.8198 0
      vertex 32.2122 37.807 20
      vertex 31.8198 37.8198 20
    endloop
  endfacet
  facet normal -0.0326024 -0.999468 -0
    outer loop
      vertex 32.2122 37.807 20
      vertex 31.8198 37.8198 0
      vertex 32.2122 37.807 0
    endloop
  endfacet
  facet normal -0.995182 -0.0980413 0
    outer loop
      vertex 37.807 32.2122 0
      vertex 37.7685 32.603 20
      vertex 37.7685 32.603 0
    endloop
  endfacet
  facet normal -0.995182 -0.0980413 0
    outer loop
      vertex 37.7685 32.603 20
      vertex 37.807 32.2122 0
      vertex 37.807 32.2122 20
    endloop
  endfacet
  facet normal -0.999468 -0.0326024 0
    outer loop
      vertex 37.8198 31.8198 0
      vertex 37.807 32.2122 20
      vertex 37.807 32.2122 0
    endloop
  endfacet
  facet normal -0.999468 -0.0326024 0
    outer loop
      vertex 37.807 32.2122 20
      vertex 37.8198 31.8198 0
      vertex 37.8198 31.8198 20
    endloop
  endfacet
  facet normal -0.98662 -0.163036 0
    outer loop
      vertex 37.7685 32.603 0
      vertex 37.7045 32.9903 20
      vertex 37.7045 32.9903 0
    endloop
  endfacet
  facet normal -0.98662 -0.163036 0
    outer loop
      vertex 37.7045 32.9903 20
      vertex 37.7685 32.603 0
      vertex 37.7685 32.603 20
    endloop
  endfacet
  facet normal 0.77298 0.63443 0
    outer loop
      vertex 27.3088 27.8637 20
      vertex 27.0597 28.1672 0
      vertex 27.0597 28.1672 20
    endloop
  endfacet
  facet normal 0.77298 0.63443 0
    outer loop
      vertex 27.0597 28.1672 0
      vertex 27.3088 27.8637 20
      vertex 27.3088 27.8637 0
    endloop
  endfacet
  facet normal -0.471394 0.881923 0
    outer loop
      vertex 34.8198 26.6237 0
      vertex 34.4735 26.4386 20
      vertex 34.8198 26.6237 20
    endloop
  endfacet
  facet normal -0.471394 0.881923 0
    outer loop
      vertex 34.4735 26.4386 20
      vertex 34.8198 26.6237 0
      vertex 34.4735 26.4386 0
    endloop
  endfacet
  facet normal -0.849112 -0.528212 0
    outer loop
      vertex 37.016 34.8198 0
      vertex 36.8086 35.1532 20
      vertex 36.8086 35.1532 0
    endloop
  endfacet
  facet normal -0.849112 -0.528212 0
    outer loop
      vertex 36.8086 35.1532 20
      vertex 37.016 34.8198 0
      vertex 37.016 34.8198 20
    endloop
  endfacet
  facet normal -0.93592 -0.352212 0
    outer loop
      vertex 37.5014 33.7484 0
      vertex 37.3631 34.1159 20
      vertex 37.3631 34.1159 0
    endloop
  endfacet
  facet normal -0.93592 -0.352212 0
    outer loop
      vertex 37.3631 34.1159 20
      vertex 37.5014 33.7484 0
      vertex 37.5014 33.7484 20
    endloop
  endfacet
  facet normal 0.290128 0.956988 -0
    outer loop
      vertex 30.2669 26.0243 0
      vertex 29.8912 26.1382 20
      vertex 30.2669 26.0243 20
    endloop
  endfacet
  facet normal 0.290128 0.956988 0
    outer loop
      vertex 29.8912 26.1382 20
      vertex 30.2669 26.0243 0
      vertex 29.8912 26.1382 0
    endloop
  endfacet
  facet normal -0.973913 -0.226924 0
    outer loop
      vertex 37.7045 32.9903 0
      vertex 37.6154 33.3727 20
      vertex 37.6154 33.3727 0
    endloop
  endfacet
  facet normal -0.973913 -0.226924 0
    outer loop
      vertex 37.6154 33.3727 20
      vertex 37.7045 32.9903 0
      vertex 37.7045 32.9903 20
    endloop
  endfacet
  facet normal -0.910793 -0.412862 0
    outer loop
      vertex 37.3631 34.1159 0
      vertex 37.201 34.4735 20
      vertex 37.201 34.4735 0
    endloop
  endfacet
  facet normal -0.910793 -0.412862 0
    outer loop
      vertex 37.201 34.4735 20
      vertex 37.3631 34.1159 0
      vertex 37.3631 34.1159 20
    endloop
  endfacet
  facet normal 0.98662 -0.163036 0
    outer loop
      vertex 25.8711 32.603 20
      vertex 25.9351 32.9903 0
      vertex 25.9351 32.9903 20
    endloop
  endfacet
  facet normal 0.98662 -0.163036 0
    outer loop
      vertex 25.9351 32.9903 0
      vertex 25.8711 32.603 20
      vertex 25.8711 32.603 0
    endloop
  endfacet
  facet normal 0.849227 -0.528028 0
    outer loop
      vertex 26.6237 34.8198 20
      vertex 26.831 35.1532 0
      vertex 26.831 35.1532 20
    endloop
  endfacet
  facet normal 0.849227 -0.528028 0
    outer loop
      vertex 26.831 35.1532 0
      vertex 26.6237 34.8198 20
      vertex 26.6237 34.8198 0
    endloop
  endfacet
  facet normal 0.412862 -0.910793 0
    outer loop
      vertex 29.1661 37.201 0
      vertex 29.5237 37.3631 20
      vertex 29.1661 37.201 20
    endloop
  endfacet
  facet normal 0.412862 -0.910793 0
    outer loop
      vertex 29.5237 37.3631 20
      vertex 29.1661 37.201 0
      vertex 29.5237 37.3631 0
    endloop
  endfacet
  facet normal 0.290361 -0.956917 0
    outer loop
      vertex 29.8912 37.5014 0
      vertex 30.2669 37.6154 20
      vertex 29.8912 37.5014 20
    endloop
  endfacet
  facet normal 0.290361 -0.956917 0
    outer loop
      vertex 30.2669 37.6154 20
      vertex 29.8912 37.5014 0
      vertex 30.2669 37.6154 0
    endloop
  endfacet
  facet normal -0.352212 0.93592 0
    outer loop
      vertex 34.1159 26.2765 0
      vertex 33.7484 26.1382 20
      vertex 34.1159 26.2765 20
    endloop
  endfacet
  facet normal -0.352212 0.93592 0
    outer loop
      vertex 33.7484 26.1382 20
      vertex 34.1159 26.2765 0
      vertex 33.7484 26.1382 0
    endloop
  endfacet
  facet normal -0.097789 0.995207 0
    outer loop
      vertex 32.603 25.8711 0
      vertex 32.2122 25.8327 20
      vertex 32.603 25.8711 20
    endloop
  endfacet
  facet normal -0.097789 0.995207 0
    outer loop
      vertex 32.2122 25.8327 20
      vertex 32.603 25.8711 0
      vertex 32.2122 25.8327 0
    endloop
  endfacet
  facet normal -0.77298 -0.63443 0
    outer loop
      vertex 36.5799 35.4724 0
      vertex 36.3308 35.7759 20
      vertex 36.3308 35.7759 0
    endloop
  endfacet
  facet normal -0.77298 -0.63443 0
    outer loop
      vertex 36.3308 35.7759 20
      vertex 36.5799 35.4724 0
      vertex 36.5799 35.4724 20
    endloop
  endfacet
  facet normal 0.98662 0.163036 0
    outer loop
      vertex 25.9351 30.6493 20
      vertex 25.8711 31.0366 0
      vertex 25.8711 31.0366 20
    endloop
  endfacet
  facet normal 0.98662 0.163036 0
    outer loop
      vertex 25.8711 31.0366 0
      vertex 25.9351 30.6493 20
      vertex 25.9351 30.6493 0
    endloop
  endfacet
  facet normal 0.729783 0.683678 0
    outer loop
      vertex 27.5772 27.5772 20
      vertex 27.3088 27.8637 0
      vertex 27.3088 27.8637 20
    endloop
  endfacet
  facet normal 0.729783 0.683678 0
    outer loop
      vertex 27.3088 27.8637 0
      vertex 27.5772 27.5772 20
      vertex 27.5772 27.5772 0
    endloop
  endfacet
  facet normal -0.290128 0.956988 0
    outer loop
      vertex 33.7484 26.1382 0
      vertex 33.3727 26.0243 20
      vertex 33.7484 26.1382 20
    endloop
  endfacet
  facet normal -0.290128 0.956988 0
    outer loop
      vertex 33.3727 26.0243 20
      vertex 33.7484 26.1382 0
      vertex 33.3727 26.0243 0
    endloop
  endfacet
  facet normal -0.528028 0.849227 0
    outer loop
      vertex 35.1532 26.831 0
      vertex 34.8198 26.6237 20
      vertex 35.1532 26.831 20
    endloop
  endfacet
  facet normal -0.528028 0.849227 0
    outer loop
      vertex 34.8198 26.6237 20
      vertex 35.1532 26.831 0
      vertex 34.8198 26.6237 0
    endloop
  endfacet
  facet normal 0.528028 0.849227 -0
    outer loop
      vertex 28.8198 26.6237 0
      vertex 28.4864 26.831 20
      vertex 28.8198 26.6237 20
    endloop
  endfacet
  facet normal 0.528028 0.849227 0
    outer loop
      vertex 28.4864 26.831 20
      vertex 28.8198 26.6237 0
      vertex 28.4864 26.831 0
    endloop
  endfacet
  facet normal -0.471196 -0.882028 0
    outer loop
      vertex 34.4735 37.201 0
      vertex 34.8198 37.016 20
      vertex 34.4735 37.201 20
    endloop
  endfacet
  facet normal -0.471196 -0.882028 -0
    outer loop
      vertex 34.8198 37.016 20
      vertex 34.4735 37.201 0
      vertex 34.8198 37.016 0
    endloop
  endfacet
  facet normal -0.995182 0.0980413 0
    outer loop
      vertex 37.7685 31.0366 0
      vertex 37.807 31.4274 20
      vertex 37.807 31.4274 0
    endloop
  endfacet
  facet normal -0.995182 0.0980413 0
    outer loop
      vertex 37.807 31.4274 20
      vertex 37.7685 31.0366 0
      vertex 37.7685 31.0366 20
    endloop
  endfacet
  facet normal -0.812889 0.582418 0
    outer loop
      vertex 36.5799 28.1672 0
      vertex 36.8086 28.4864 20
      vertex 36.8086 28.4864 0
    endloop
  endfacet
  facet normal -0.812889 0.582418 0
    outer loop
      vertex 36.8086 28.4864 20
      vertex 36.5799 28.1672 0
      vertex 36.5799 28.1672 20
    endloop
  endfacet
  facet normal 0.973856 -0.227165 0
    outer loop
      vertex 25.9351 32.9903 20
      vertex 26.0243 33.3727 0
      vertex 26.0243 33.3727 20
    endloop
  endfacet
  facet normal 0.973856 -0.227165 0
    outer loop
      vertex 26.0243 33.3727 0
      vertex 25.9351 32.9903 20
      vertex 25.9351 32.9903 0
    endloop
  endfacet
  facet normal 0.227165 0.973856 -0
    outer loop
      vertex 30.6493 25.9351 0
      vertex 30.2669 26.0243 20
      vertex 30.6493 25.9351 20
    endloop
  endfacet
  facet normal 0.227165 0.973856 0
    outer loop
      vertex 30.2669 26.0243 20
      vertex 30.6493 25.9351 0
      vertex 30.2669 26.0243 0
    endloop
  endfacet
  facet normal -0.77298 0.63443 0
    outer loop
      vertex 36.3308 27.8637 0
      vertex 36.5799 28.1672 20
      vertex 36.5799 28.1672 0
    endloop
  endfacet
  facet normal -0.77298 0.63443 0
    outer loop
      vertex 36.5799 28.1672 20
      vertex 36.3308 27.8637 0
      vertex 36.3308 27.8637 20
    endloop
  endfacet
  facet normal -0.227165 0.973856 0
    outer loop
      vertex 33.3727 26.0243 0
      vertex 32.9903 25.9351 20
      vertex 33.3727 26.0243 20
    endloop
  endfacet
  facet normal -0.227165 0.973856 0
    outer loop
      vertex 32.9903 25.9351 20
      vertex 33.3727 26.0243 0
      vertex 32.9903 25.9351 0
    endloop
  endfacet
  facet normal -0.999468 0.0326024 0
    outer loop
      vertex 37.807 31.4274 0
      vertex 37.8198 31.8198 20
      vertex 37.8198 31.8198 0
    endloop
  endfacet
  facet normal -0.999468 0.0326024 0
    outer loop
      vertex 37.8198 31.8198 20
      vertex 37.807 31.4274 0
      vertex 37.807 31.4274 20
    endloop
  endfacet
  facet normal -0.582418 -0.812889 0
    outer loop
      vertex 35.1532 36.8086 0
      vertex 35.4724 36.5799 20
      vertex 35.1532 36.8086 20
    endloop
  endfacet
  facet normal -0.582418 -0.812889 -0
    outer loop
      vertex 35.4724 36.5799 20
      vertex 35.1532 36.8086 0
      vertex 35.4724 36.5799 0
    endloop
  endfacet
  facet normal -0.163036 -0.98662 0
    outer loop
      vertex 32.603 37.7685 0
      vertex 32.9903 37.7045 20
      vertex 32.603 37.7685 20
    endloop
  endfacet
  facet normal -0.163036 -0.98662 -0
    outer loop
      vertex 32.9903 37.7045 20
      vertex 32.603 37.7685 0
      vertex 32.9903 37.7045 0
    endloop
  endfacet
  facet normal -0.412862 -0.910793 0
    outer loop
      vertex 34.1159 37.3631 0
      vertex 34.4735 37.201 20
      vertex 34.1159 37.3631 20
    endloop
  endfacet
  facet normal -0.412862 -0.910793 -0
    outer loop
      vertex 34.4735 37.201 20
      vertex 34.1159 37.3631 0
      vertex 34.4735 37.201 0
    endloop
  endfacet
  facet normal -0.226924 -0.973913 0
    outer loop
      vertex 32.9903 37.7045 0
      vertex 33.3727 37.6154 20
      vertex 32.9903 37.7045 20
    endloop
  endfacet
  facet normal -0.226924 -0.973913 -0
    outer loop
      vertex 33.3727 37.6154 20
      vertex 32.9903 37.7045 0
      vertex 33.3727 37.6154 0
    endloop
  endfacet
  facet normal -0.528212 -0.849112 0
    outer loop
      vertex 34.8198 37.016 0
      vertex 35.1532 36.8086 20
      vertex 34.8198 37.016 20
    endloop
  endfacet
  facet normal -0.528212 -0.849112 -0
    outer loop
      vertex 35.1532 36.8086 20
      vertex 34.8198 37.016 0
      vertex 35.1532 36.8086 0
    endloop
  endfacet
  facet normal 0.163036 -0.98662 0
    outer loop
      vertex 30.6493 37.7045 0
      vertex 31.0366 37.7685 20
      vertex 30.6493 37.7045 20
    endloop
  endfacet
  facet normal 0.163036 -0.98662 0
    outer loop
      vertex 31.0366 37.7685 20
      vertex 30.6493 37.7045 0
      vertex 31.0366 37.7685 0
    endloop
  endfacet
  facet normal 0.63443 -0.77298 0
    outer loop
      vertex 27.8637 36.3308 0
      vertex 28.1672 36.5799 20
      vertex 27.8637 36.3308 20
    endloop
  endfacet
  facet normal 0.63443 -0.77298 0
    outer loop
      vertex 28.1672 36.5799 20
      vertex 27.8637 36.3308 0
      vertex 28.1672 36.5799 0
    endloop
  endfacet
  facet normal -0.93592 0.352212 0
    outer loop
      vertex 37.3631 29.5237 0
      vertex 37.5014 29.8912 20
      vertex 37.5014 29.8912 0
    endloop
  endfacet
  facet normal -0.93592 0.352212 0
    outer loop
      vertex 37.5014 29.8912 20
      vertex 37.3631 29.5237 0
      vertex 37.3631 29.5237 20
    endloop
  endfacet
  facet normal 0.956988 -0.290128 0
    outer loop
      vertex 26.0243 33.3727 20
      vertex 26.1382 33.7484 0
      vertex 26.1382 33.7484 20
    endloop
  endfacet
  facet normal 0.956988 -0.290128 0
    outer loop
      vertex 26.1382 33.7484 0
      vertex 26.0243 33.3727 20
      vertex 26.0243 33.3727 0
    endloop
  endfacet
  facet normal -0.812889 -0.582418 0
    outer loop
      vertex 36.8086 35.1532 0
      vertex 36.5799 35.4724 20
      vertex 36.5799 35.4724 0
    endloop
  endfacet
  facet normal -0.812889 -0.582418 0
    outer loop
      vertex 36.5799 35.4724 20
      vertex 36.8086 35.1532 0
      vertex 36.8086 35.1532 20
    endloop
  endfacet
  facet normal -0.729783 -0.683678 0
    outer loop
      vertex 36.3308 35.7759 0
      vertex 36.0624 36.0624 20
      vertex 36.0624 36.0624 0
    endloop
  endfacet
  facet normal -0.729783 -0.683678 0
    outer loop
      vertex 36.0624 36.0624 20
      vertex 36.3308 35.7759 0
      vertex 36.3308 35.7759 20
    endloop
  endfacet
  facet normal -0.849112 0.528212 0
    outer loop
      vertex 36.8086 28.4864 0
      vertex 37.016 28.8198 20
      vertex 37.016 28.8198 0
    endloop
  endfacet
  facet normal -0.849112 0.528212 0
    outer loop
      vertex 37.016 28.8198 20
      vertex 36.8086 28.4864 0
      vertex 36.8086 28.4864 20
    endloop
  endfacet
  facet normal -0.882028 -0.471196 0
    outer loop
      vertex 37.201 34.4735 0
      vertex 37.016 34.8198 20
      vertex 37.016 34.8198 0
    endloop
  endfacet
  facet normal -0.882028 -0.471196 0
    outer loop
      vertex 37.016 34.8198 20
      vertex 37.201 34.4735 0
      vertex 37.201 34.4735 20
    endloop
  endfacet
  facet normal -0.956917 -0.290361 0
    outer loop
      vertex 37.6154 33.3727 0
      vertex 37.5014 33.7484 20
      vertex 37.5014 33.7484 0
    endloop
  endfacet
  facet normal -0.956917 -0.290361 0
    outer loop
      vertex 37.5014 33.7484 20
      vertex 37.6154 33.3727 0
      vertex 37.6154 33.3727 20
    endloop
  endfacet
  facet normal -0.0328569 0.99946 0
    outer loop
      vertex 32.2122 25.8327 0
      vertex 31.8198 25.8198 20
      vertex 32.2122 25.8327 20
    endloop
  endfacet
  facet normal -0.0328569 0.99946 0
    outer loop
      vertex 31.8198 25.8198 20
      vertex 32.2122 25.8327 0
      vertex 31.8198 25.8198 0
    endloop
  endfacet
  facet normal 0.93592 0.352212 0
    outer loop
      vertex 26.2765 29.5237 20
      vertex 26.1382 29.8912 0
      vertex 26.1382 29.8912 20
    endloop
  endfacet
  facet normal 0.93592 0.352212 0
    outer loop
      vertex 26.1382 29.8912 0
      vertex 26.2765 29.5237 20
      vertex 26.2765 29.5237 0
    endloop
  endfacet
  facet normal 0.812889 0.582418 0
    outer loop
      vertex 27.0597 28.1672 20
      vertex 26.831 28.4864 0
      vertex 26.831 28.4864 20
    endloop
  endfacet
  facet normal 0.812889 0.582418 0
    outer loop
      vertex 26.831 28.4864 0
      vertex 27.0597 28.1672 20
      vertex 27.0597 28.1672 0
    endloop
  endfacet
  facet normal 0.097789 0.995207 -0
    outer loop
      vertex 31.4274 25.8327 0
      vertex 31.0366 25.8711 20
      vertex 31.4274 25.8327 20
    endloop
  endfacet
  facet normal 0.097789 0.995207 0
    outer loop
      vertex 31.0366 25.8711 20
      vertex 31.4274 25.8327 0
      vertex 31.0366 25.8711 0
    endloop
  endfacet
  facet normal 0.729783 -0.683678 0
    outer loop
      vertex 27.3088 35.7759 20
      vertex 27.5772 36.0624 0
      vertex 27.5772 36.0624 20
    endloop
  endfacet
  facet normal 0.729783 -0.683678 0
    outer loop
      vertex 27.5772 36.0624 0
      vertex 27.3088 35.7759 20
      vertex 27.3088 35.7759 0
    endloop
  endfacet
  facet normal 0.0326024 -0.999468 0
    outer loop
      vertex 31.4274 37.807 0
      vertex 31.8198 37.8198 20
      vertex 31.4274 37.807 20
    endloop
  endfacet
  facet normal 0.0326024 -0.999468 0
    outer loop
      vertex 31.8198 37.8198 20
      vertex 31.4274 37.807 0
      vertex 31.8198 37.8198 0
    endloop
  endfacet
  facet normal -0.290361 -0.956917 0
    outer loop
      vertex 33.3727 37.6154 0
      vertex 33.7484 37.5014 20
      vertex 33.3727 37.6154 20
    endloop
  endfacet
  facet normal -0.290361 -0.956917 -0
    outer loop
      vertex 33.7484 37.5014 20
      vertex 33.3727 37.6154 0
      vertex 33.7484 37.5014 0
    endloop
  endfacet
  facet normal 0.881923 -0.471394 0
    outer loop
      vertex 26.4386 34.4735 20
      vertex 26.6237 34.8198 0
      vertex 26.6237 34.8198 20
    endloop
  endfacet
  facet normal 0.881923 -0.471394 0
    outer loop
      vertex 26.6237 34.8198 0
      vertex 26.4386 34.4735 20
      vertex 26.4386 34.4735 0
    endloop
  endfacet
  facet normal -0.163036 0.98662 0
    outer loop
      vertex 32.9903 25.9351 0
      vertex 32.603 25.8711 20
      vertex 32.9903 25.9351 20
    endloop
  endfacet
  facet normal -0.163036 0.98662 0
    outer loop
      vertex 32.603 25.8711 20
      vertex 32.9903 25.9351 0
      vertex 32.603 25.8711 0
    endloop
  endfacet
  facet normal -0.412862 0.910793 0
    outer loop
      vertex 34.4735 26.4386 0
      vertex 34.1159 26.2765 20
      vertex 34.4735 26.4386 20
    endloop
  endfacet
  facet normal -0.412862 0.910793 0
    outer loop
      vertex 34.1159 26.2765 20
      vertex 34.4735 26.4386 0
      vertex 34.1159 26.2765 0
    endloop
  endfacet
  facet normal 0.226924 -0.973913 0
    outer loop
      vertex 30.2669 37.6154 0
      vertex 30.6493 37.7045 20
      vertex 30.2669 37.6154 20
    endloop
  endfacet
  facet normal 0.226924 -0.973913 0
    outer loop
      vertex 30.6493 37.7045 20
      vertex 30.2669 37.6154 0
      vertex 30.6493 37.7045 0
    endloop
  endfacet
  facet normal 0.412862 0.910793 -0
    outer loop
      vertex 29.5237 26.2765 0
      vertex 29.1661 26.4386 20
      vertex 29.5237 26.2765 20
    endloop
  endfacet
  facet normal 0.412862 0.910793 0
    outer loop
      vertex 29.1661 26.4386 20
      vertex 29.5237 26.2765 0
      vertex 29.1661 26.4386 0
    endloop
  endfacet
  facet normal 0.582418 0.812889 -0
    outer loop
      vertex 28.4864 26.831 0
      vertex 28.1672 27.0597 20
      vertex 28.4864 26.831 20
    endloop
  endfacet
  facet normal 0.582418 0.812889 0
    outer loop
      vertex 28.1672 27.0597 20
      vertex 28.4864 26.831 0
      vertex 28.1672 27.0597 0
    endloop
  endfacet
  facet normal 0.973856 0.227165 0
    outer loop
      vertex 26.0243 30.2669 20
      vertex 25.9351 30.6493 0
      vertex 25.9351 30.6493 20
    endloop
  endfacet
  facet normal 0.973856 0.227165 0
    outer loop
      vertex 25.9351 30.6493 0
      vertex 26.0243 30.2669 20
      vertex 26.0243 30.2669 0
    endloop
  endfacet
  facet normal -0.973913 0.226924 0
    outer loop
      vertex 37.6154 30.2669 0
      vertex 37.7045 30.6493 20
      vertex 37.7045 30.6493 0
    endloop
  endfacet
  facet normal -0.973913 0.226924 0
    outer loop
      vertex 37.7045 30.6493 20
      vertex 37.6154 30.2669 0
      vertex 37.6154 30.2669 20
    endloop
  endfacet
  facet normal 0.910793 0.412862 0
    outer loop
      vertex 26.4386 29.1661 20
      vertex 26.2765 29.5237 0
      vertex 26.2765 29.5237 20
    endloop
  endfacet
  facet normal 0.910793 0.412862 0
    outer loop
      vertex 26.2765 29.5237 0
      vertex 26.4386 29.1661 20
      vertex 26.4386 29.1661 0
    endloop
  endfacet
  facet normal 0.63443 0.77298 -0
    outer loop
      vertex 28.1672 27.0597 0
      vertex 27.8637 27.3088 20
      vertex 28.1672 27.0597 20
    endloop
  endfacet
  facet normal 0.63443 0.77298 0
    outer loop
      vertex 27.8637 27.3088 20
      vertex 28.1672 27.0597 0
      vertex 27.8637 27.3088 0
    endloop
  endfacet
  facet normal 0.683678 -0.729783 0
    outer loop
      vertex 27.5772 36.0624 0
      vertex 27.8637 36.3308 20
      vertex 27.5772 36.0624 20
    endloop
  endfacet
  facet normal 0.683678 -0.729783 0
    outer loop
      vertex 27.8637 36.3308 20
      vertex 27.5772 36.0624 0
      vertex 27.8637 36.3308 0
    endloop
  endfacet
  facet normal 0.956988 0.290128 0
    outer loop
      vertex 26.1382 29.8912 20
      vertex 26.0243 30.2669 0
      vertex 26.0243 30.2669 20
    endloop
  endfacet
  facet normal 0.956988 0.290128 0
    outer loop
      vertex 26.0243 30.2669 0
      vertex 26.1382 29.8912 20
      vertex 26.1382 29.8912 0
    endloop
  endfacet
  facet normal 0.849227 0.528028 0
    outer loop
      vertex 26.831 28.4864 20
      vertex 26.6237 28.8198 0
      vertex 26.6237 28.8198 20
    endloop
  endfacet
  facet normal 0.849227 0.528028 0
    outer loop
      vertex 26.6237 28.8198 0
      vertex 26.831 28.4864 20
      vertex 26.831 28.4864 0
    endloop
  endfacet
  facet normal 0.352212 -0.93592 0
    outer loop
      vertex 29.5237 37.3631 0
      vertex 29.8912 37.5014 20
      vertex 29.5237 37.3631 20
    endloop
  endfacet
  facet normal 0.352212 -0.93592 0
    outer loop
      vertex 29.8912 37.5014 20
      vertex 29.5237 37.3631 0
      vertex 29.8912 37.5014 0
    endloop
  endfacet
  facet normal -0.63443 0.77298 0
    outer loop
      vertex 35.7759 27.3088 0
      vertex 35.4724 27.0597 20
      vertex 35.7759 27.3088 20
    endloop
  endfacet
  facet normal -0.63443 0.77298 0
    outer loop
      vertex 35.4724 27.0597 20
      vertex 35.7759 27.3088 0
      vertex 35.4724 27.0597 0
    endloop
  endfacet
  facet normal -0.352212 -0.93592 0
    outer loop
      vertex 33.7484 37.5014 0
      vertex 34.1159 37.3631 20
      vertex 33.7484 37.5014 20
    endloop
  endfacet
  facet normal -0.352212 -0.93592 -0
    outer loop
      vertex 34.1159 37.3631 20
      vertex 33.7484 37.5014 0
      vertex 34.1159 37.3631 0
    endloop
  endfacet
  facet normal 0.582418 -0.812889 0
    outer loop
      vertex 28.1672 36.5799 0
      vertex 28.4864 36.8086 20
      vertex 28.1672 36.5799 20
    endloop
  endfacet
  facet normal 0.582418 -0.812889 0
    outer loop
      vertex 28.4864 36.8086 20
      vertex 28.1672 36.5799 0
      vertex 28.4864 36.8086 0
    endloop
  endfacet
  facet normal -0.98662 0.163036 0
    outer loop
      vertex 37.7045 30.6493 0
      vertex 37.7685 31.0366 20
      vertex 37.7685 31.0366 0
    endloop
  endfacet
  facet normal -0.98662 0.163036 0
    outer loop
      vertex 37.7685 31.0366 20
      vertex 37.7045 30.6493 0
      vertex 37.7045 30.6493 20
    endloop
  endfacet
  facet normal -0.882028 0.471196 0
    outer loop
      vertex 37.016 28.8198 0
      vertex 37.201 29.1661 20
      vertex 37.201 29.1661 0
    endloop
  endfacet
  facet normal -0.882028 0.471196 0
    outer loop
      vertex 37.201 29.1661 20
      vertex 37.016 28.8198 0
      vertex 37.016 28.8198 20
    endloop
  endfacet
  facet normal 0.683678 0.729783 -0
    outer loop
      vertex 27.8637 27.3088 0
      vertex 27.5772 27.5772 20
      vertex 27.8637 27.3088 20
    endloop
  endfacet
  facet normal 0.683678 0.729783 0
    outer loop
      vertex 27.5772 27.5772 20
      vertex 27.8637 27.3088 0
      vertex 27.5772 27.5772 0
    endloop
  endfacet
  facet normal -0.63443 -0.77298 0
    outer loop
      vertex 35.4724 36.5799 0
      vertex 35.7759 36.3308 20
      vertex 35.4724 36.5799 20
    endloop
  endfacet
  facet normal -0.63443 -0.77298 -0
    outer loop
      vertex 35.7759 36.3308 20
      vertex 35.4724 36.5799 0
      vertex 35.7759 36.3308 0
    endloop
  endfacet
  facet normal 0.99946 0.0328569 0
    outer loop
      vertex 25.8327 31.4274 20
      vertex 25.8198 31.8198 0
      vertex 25.8198 31.8198 20
    endloop
  endfacet
  facet normal 0.99946 0.0328569 0
    outer loop
      vertex 25.8198 31.8198 0
      vertex 25.8327 31.4274 20
      vertex 25.8327 31.4274 0
    endloop
  endfacet
  facet normal -0.956917 0.290361 0
    outer loop
      vertex 37.5014 29.8912 0
      vertex 37.6154 30.2669 20
      vertex 37.6154 30.2669 0
    endloop
  endfacet
  facet normal -0.956917 0.290361 0
    outer loop
      vertex 37.6154 30.2669 20
      vertex 37.5014 29.8912 0
      vertex 37.5014 29.8912 20
    endloop
  endfacet
  facet normal 0.77298 -0.63443 0
    outer loop
      vertex 27.0597 35.4724 20
      vertex 27.3088 35.7759 0
      vertex 27.3088 35.7759 20
    endloop
  endfacet
  facet normal 0.77298 -0.63443 0
    outer loop
      vertex 27.3088 35.7759 0
      vertex 27.0597 35.4724 20
      vertex 27.0597 35.4724 0
    endloop
  endfacet
  facet normal 0.812889 -0.582418 0
    outer loop
      vertex 26.831 35.1532 20
      vertex 27.0597 35.4724 0
      vertex 27.0597 35.4724 20
    endloop
  endfacet
  facet normal 0.812889 -0.582418 0
    outer loop
      vertex 27.0597 35.4724 0
      vertex 26.831 35.1532 20
      vertex 26.831 35.1532 0
    endloop
  endfacet
  facet normal 0.163036 0.98662 -0
    outer loop
      vertex 31.0366 25.8711 0
      vertex 30.6493 25.9351 20
      vertex 31.0366 25.8711 20
    endloop
  endfacet
  facet normal 0.163036 0.98662 0
    outer loop
      vertex 30.6493 25.9351 20
      vertex 31.0366 25.8711 0
      vertex 30.6493 25.9351 0
    endloop
  endfacet
  facet normal 0.0980413 -0.995182 0
    outer loop
      vertex 31.0366 37.7685 0
      vertex 31.4274 37.807 20
      vertex 31.0366 37.7685 20
    endloop
  endfacet
  facet normal 0.0980413 -0.995182 0
    outer loop
      vertex 31.4274 37.807 20
      vertex 31.0366 37.7685 0
      vertex 31.4274 37.807 0
    endloop
  endfacet
  facet normal 0.995207 0.097789 0
    outer loop
      vertex 25.8711 31.0366 20
      vertex 25.8327 31.4274 0
      vertex 25.8327 31.4274 20
    endloop
  endfacet
  facet normal 0.995207 0.097789 0
    outer loop
      vertex 25.8327 31.4274 0
      vertex 25.8711 31.0366 20
      vertex 25.8711 31.0366 0
    endloop
  endfacet
  facet normal 0.995207 -0.097789 0
    outer loop
      vertex 25.8327 32.2122 20
      vertex 25.8711 32.603 0
      vertex 25.8711 32.603 20
    endloop
  endfacet
  facet normal 0.995207 -0.097789 0
    outer loop
      vertex 25.8711 32.603 0
      vertex 25.8327 32.2122 20
      vertex 25.8327 32.2122 0
    endloop
  endfacet
  facet normal -0.683678 -0.729783 0
    outer loop
      vertex 35.7759 36.3308 0
      vertex 36.0624 36.0624 20
      vertex 35.7759 36.3308 20
    endloop
  endfacet
  facet normal -0.683678 -0.729783 -0
    outer loop
      vertex 36.0624 36.0624 20
      vertex 35.7759 36.3308 0
      vertex 36.0624 36.0624 0
    endloop
  endfacet
  facet normal 0.471196 -0.882028 0
    outer loop
      vertex 28.8198 37.016 0
      vertex 29.1661 37.201 20
      vertex 28.8198 37.016 20
    endloop
  endfacet
  facet normal 0.471196 -0.882028 0
    outer loop
      vertex 29.1661 37.201 20
      vertex 28.8198 37.016 0
      vertex 29.1661 37.201 0
    endloop
  endfacet
  facet normal 0.528212 -0.849112 0
    outer loop
      vertex 28.4864 36.8086 0
      vertex 28.8198 37.016 20
      vertex 28.4864 36.8086 20
    endloop
  endfacet
  facet normal 0.528212 -0.849112 0
    outer loop
      vertex 28.8198 37.016 20
      vertex 28.4864 36.8086 0
      vertex 28.8198 37.016 0
    endloop
  endfacet
  facet normal -0.0980413 -0.995182 0
    outer loop
      vertex 32.2122 37.807 0
      vertex 32.603 37.7685 20
      vertex 32.2122 37.807 20
    endloop
  endfacet
  facet normal -0.0980413 -0.995182 -0
    outer loop
      vertex 32.603 37.7685 20
      vertex 32.2122 37.807 0
      vertex 32.603 37.7685 0
    endloop
  endfacet
  facet normal -0.683678 0.729783 0
    outer loop
      vertex 36.0624 27.5772 0
      vertex 35.7759 27.3088 20
      vertex 36.0624 27.5772 20
    endloop
  endfacet
  facet normal -0.683678 0.729783 0
    outer loop
      vertex 35.7759 27.3088 20
      vertex 36.0624 27.5772 0
      vertex 35.7759 27.3088 0
    endloop
  endfacet
  facet normal -0.910793 0.412862 0
    outer loop
      vertex 37.201 29.1661 0
      vertex 37.3631 29.5237 20
      vertex 37.3631 29.5237 0
    endloop
  endfacet
  facet normal -0.910793 0.412862 0
    outer loop
      vertex 37.3631 29.5237 20
      vertex 37.201 29.1661 0
      vertex 37.201 29.1661 20
    endloop
  endfacet
  facet normal -0.582418 0.812889 0
    outer loop
      vertex 35.4724 27.0597 0
      vertex 35.1532 26.831 20
      vertex 35.4724 27.0597 20
    endloop
  endfacet
  facet normal -0.582418 0.812889 0
    outer loop
      vertex 35.1532 26.831 20
      vertex 35.4724 27.0597 0
      vertex 35.1532 26.831 0
    endloop
  endfacet
  facet normal 0.0328569 0.99946 -0
    outer loop
      vertex 31.8198 25.8198 0
      vertex 31.4274 25.8327 20
      vertex 31.8198 25.8198 20
    endloop
  endfacet
  facet normal 0.0328569 0.99946 0
    outer loop
      vertex 31.4274 25.8327 20
      vertex 31.8198 25.8198 0
      vertex 31.4274 25.8327 0
    endloop
  endfacet
  facet normal -0.729783 0.683678 0
    outer loop
      vertex 36.0624 27.5772 0
      vertex 36.3308 27.8637 20
      vertex 36.3308 27.8637 0
    endloop
  endfacet
  facet normal -0.729783 0.683678 0
    outer loop
      vertex 36.3308 27.8637 20
      vertex 36.0624 27.5772 0
      vertex 36.0624 27.5772 20
    endloop
  endfacet
  facet normal 0.99946 -0.0328569 0
    outer loop
      vertex 25.8198 31.8198 20
      vertex 25.8327 32.2122 0
      vertex 25.8327 32.2122 20
    endloop
  endfacet
  facet normal 0.99946 -0.0328569 0
    outer loop
      vertex 25.8327 32.2122 0
      vertex 25.8198 31.8198 20
      vertex 25.8198 31.8198 0
    endloop
  endfacet
  facet normal 0.471394 0.881923 -0
    outer loop
      vertex 29.1661 26.4386 0
      vertex 28.8198 26.6237 20
      vertex 29.1661 26.4386 20
    endloop
  endfacet
  facet normal 0.471394 0.881923 0
    outer loop
      vertex 28.8198 26.6237 20
      vertex 29.1661 26.4386 0
      vertex 28.8198 26.6237 0
    endloop
  endfacet
  facet normal 0.93592 -0.352212 0
    outer loop
      vertex 26.1382 33.7484 20
      vertex 26.2765 34.1159 0
      vertex 26.2765 34.1159 20
    endloop
  endfacet
  facet normal 0.93592 -0.352212 0
    outer loop
      vertex 26.2765 34.1159 0
      vertex 26.1382 33.7484 20
      vertex 26.1382 33.7484 0
    endloop
  endfacet
  facet normal 0.881923 0.471394 0
    outer loop
      vertex 26.6237 28.8198 20
      vertex 26.4386 29.1661 0
      vertex 26.4386 29.1661 20
    endloop
  endfacet
  facet normal 0.881923 0.471394 0
    outer loop
      vertex 26.4386 29.1661 0
      vertex 26.6237 28.8198 20
      vertex 26.6237 28.8198 0
    endloop
  endfacet
  facet normal 0.910793 -0.412862 0
    outer loop
      vertex 26.2765 34.1159 20
      vertex 26.4386 34.4735 0
      vertex 26.4386 34.4735 20
    endloop
  endfacet
  facet normal 0.910793 -0.412862 0
    outer loop
      vertex 26.4386 34.4735 0
      vertex 26.2765 34.1159 20
      vertex 26.2765 34.1159 0
    endloop
  endfacet
  facet normal 0.352212 0.93592 -0
    outer loop
      vertex 29.8912 26.1382 0
      vertex 29.5237 26.2765 20
      vertex 29.8912 26.1382 20
    endloop
  endfacet
  facet normal 0.352212 0.93592 0
    outer loop
      vertex 29.5237 26.2765 20
      vertex 29.8912 26.1382 0
      vertex 29.5237 26.2765 0
    endloop
  endfacet
  facet normal -0.352212 0.93592 0
    outer loop
      vertex -29.5237 26.2765 0
      vertex -29.8912 26.1382 20
      vertex -29.5237 26.2765 20
    endloop
  endfacet
  facet normal -0.352212 0.93592 0
    outer loop
      vertex -29.8912 26.1382 20
      vertex -29.5237 26.2765 0
      vertex -29.8912 26.1382 0
    endloop
  endfacet
  facet normal -0.995207 -0.097789 0
    outer loop
      vertex -25.8327 32.2122 0
      vertex -25.8711 32.603 20
      vertex -25.8711 32.603 0
    endloop
  endfacet
  facet normal -0.995207 -0.097789 0
    outer loop
      vertex -25.8711 32.603 20
      vertex -25.8327 32.2122 0
      vertex -25.8327 32.2122 20
    endloop
  endfacet
  facet normal -0.99946 -0.0328569 0
    outer loop
      vertex -25.8198 31.8198 0
      vertex -25.8327 32.2122 20
      vertex -25.8327 32.2122 0
    endloop
  endfacet
  facet normal -0.99946 -0.0328569 0
    outer loop
      vertex -25.8327 32.2122 20
      vertex -25.8198 31.8198 0
      vertex -25.8198 31.8198 20
    endloop
  endfacet
  facet normal -0.98662 -0.163036 0
    outer loop
      vertex -25.8711 32.603 0
      vertex -25.9351 32.9903 20
      vertex -25.9351 32.9903 0
    endloop
  endfacet
  facet normal -0.98662 -0.163036 0
    outer loop
      vertex -25.9351 32.9903 20
      vertex -25.8711 32.603 0
      vertex -25.8711 32.603 20
    endloop
  endfacet
  facet normal -0.973856 -0.227165 0
    outer loop
      vertex -25.9351 32.9903 0
      vertex -26.0243 33.3727 20
      vertex -26.0243 33.3727 0
    endloop
  endfacet
  facet normal -0.973856 -0.227165 0
    outer loop
      vertex -26.0243 33.3727 20
      vertex -25.9351 32.9903 0
      vertex -25.9351 32.9903 20
    endloop
  endfacet
  facet normal -0.0980413 -0.995182 0
    outer loop
      vertex -31.4274 37.807 0
      vertex -31.0366 37.7685 20
      vertex -31.4274 37.807 20
    endloop
  endfacet
  facet normal -0.0980413 -0.995182 -0
    outer loop
      vertex -31.0366 37.7685 20
      vertex -31.4274 37.807 0
      vertex -31.0366 37.7685 0
    endloop
  endfacet
  facet normal -0.290361 -0.956917 0
    outer loop
      vertex -30.2669 37.6154 0
      vertex -29.8912 37.5014 20
      vertex -30.2669 37.6154 20
    endloop
  endfacet
  facet normal -0.290361 -0.956917 -0
    outer loop
      vertex -29.8912 37.5014 20
      vertex -30.2669 37.6154 0
      vertex -29.8912 37.5014 0
    endloop
  endfacet
  facet normal -0.98662 0.163036 0
    outer loop
      vertex -25.9351 30.6493 0
      vertex -25.8711 31.0366 20
      vertex -25.8711 31.0366 0
    endloop
  endfacet
  facet normal -0.98662 0.163036 0
    outer loop
      vertex -25.8711 31.0366 20
      vertex -25.9351 30.6493 0
      vertex -25.9351 30.6493 20
    endloop
  endfacet
  facet normal 0.290128 0.956988 -0
    outer loop
      vertex -33.3727 26.0243 0
      vertex -33.7484 26.1382 20
      vertex -33.3727 26.0243 20
    endloop
  endfacet
  facet normal 0.290128 0.956988 0
    outer loop
      vertex -33.7484 26.1382 20
      vertex -33.3727 26.0243 0
      vertex -33.7484 26.1382 0
    endloop
  endfacet
  facet normal -0.956988 0.290128 0
    outer loop
      vertex -26.1382 29.8912 0
      vertex -26.0243 30.2669 20
      vertex -26.0243 30.2669 0
    endloop
  endfacet
  facet normal -0.956988 0.290128 0
    outer loop
      vertex -26.0243 30.2669 20
      vertex -26.1382 29.8912 0
      vertex -26.1382 29.8912 20
    endloop
  endfacet
  facet normal -0.849227 -0.528028 0
    outer loop
      vertex -26.6237 34.8198 0
      vertex -26.831 35.1532 20
      vertex -26.831 35.1532 0
    endloop
  endfacet
  facet normal -0.849227 -0.528028 0
    outer loop
      vertex -26.831 35.1532 20
      vertex -26.6237 34.8198 0
      vertex -26.6237 34.8198 20
    endloop
  endfacet
  facet normal 0.999468 0.0326024 0
    outer loop
      vertex -37.807 31.4274 20
      vertex -37.8198 31.8198 0
      vertex -37.8198 31.8198 20
    endloop
  endfacet
  facet normal 0.999468 0.0326024 0
    outer loop
      vertex -37.8198 31.8198 0
      vertex -37.807 31.4274 20
      vertex -37.807 31.4274 0
    endloop
  endfacet
  facet normal 0.956917 0.290361 0
    outer loop
      vertex -37.5014 29.8912 20
      vertex -37.6154 30.2669 0
      vertex -37.6154 30.2669 20
    endloop
  endfacet
  facet normal 0.956917 0.290361 0
    outer loop
      vertex -37.6154 30.2669 0
      vertex -37.5014 29.8912 20
      vertex -37.5014 29.8912 0
    endloop
  endfacet
  facet normal -0.849227 0.528028 0
    outer loop
      vertex -26.831 28.4864 0
      vertex -26.6237 28.8198 20
      vertex -26.6237 28.8198 0
    endloop
  endfacet
  facet normal -0.849227 0.528028 0
    outer loop
      vertex -26.6237 28.8198 20
      vertex -26.831 28.4864 0
      vertex -26.831 28.4864 20
    endloop
  endfacet
  facet normal 0.910793 -0.412862 0
    outer loop
      vertex -37.3631 34.1159 20
      vertex -37.201 34.4735 0
      vertex -37.201 34.4735 20
    endloop
  endfacet
  facet normal 0.910793 -0.412862 0
    outer loop
      vertex -37.201 34.4735 0
      vertex -37.3631 34.1159 20
      vertex -37.3631 34.1159 0
    endloop
  endfacet
  facet normal 0.352212 0.93592 -0
    outer loop
      vertex -33.7484 26.1382 0
      vertex -34.1159 26.2765 20
      vertex -33.7484 26.1382 20
    endloop
  endfacet
  facet normal 0.352212 0.93592 0
    outer loop
      vertex -34.1159 26.2765 20
      vertex -33.7484 26.1382 0
      vertex -34.1159 26.2765 0
    endloop
  endfacet
  facet normal -0.097789 0.995207 0
    outer loop
      vertex -31.0366 25.8711 0
      vertex -31.4274 25.8327 20
      vertex -31.0366 25.8711 20
    endloop
  endfacet
  facet normal -0.097789 0.995207 0
    outer loop
      vertex -31.4274 25.8327 20
      vertex -31.0366 25.8711 0
      vertex -31.4274 25.8327 0
    endloop
  endfacet
  facet normal 0.163036 -0.98662 0
    outer loop
      vertex -32.9903 37.7045 0
      vertex -32.603 37.7685 20
      vertex -32.9903 37.7045 20
    endloop
  endfacet
  facet normal 0.163036 -0.98662 0
    outer loop
      vertex -32.603 37.7685 20
      vertex -32.9903 37.7045 0
      vertex -32.603 37.7685 0
    endloop
  endfacet
  facet normal -0.352212 -0.93592 0
    outer loop
      vertex -29.8912 37.5014 0
      vertex -29.5237 37.3631 20
      vertex -29.8912 37.5014 20
    endloop
  endfacet
  facet normal -0.352212 -0.93592 -0
    outer loop
      vertex -29.5237 37.3631 20
      vertex -29.8912 37.5014 0
      vertex -29.5237 37.3631 0
    endloop
  endfacet
  facet normal -0.881923 -0.471394 0
    outer loop
      vertex -26.4386 34.4735 0
      vertex -26.6237 34.8198 20
      vertex -26.6237 34.8198 0
    endloop
  endfacet
  facet normal -0.881923 -0.471394 0
    outer loop
      vertex -26.6237 34.8198 20
      vertex -26.4386 34.4735 0
      vertex -26.4386 34.4735 20
    endloop
  endfacet
  facet normal -0.290128 0.956988 0
    outer loop
      vertex -29.8912 26.1382 0
      vertex -30.2669 26.0243 20
      vertex -29.8912 26.1382 20
    endloop
  endfacet
  facet normal -0.290128 0.956988 0
    outer loop
      vertex -30.2669 26.0243 20
      vertex -29.8912 26.1382 0
      vertex -30.2669 26.0243 0
    endloop
  endfacet
  facet normal -0.163036 0.98662 0
    outer loop
      vertex -30.6493 25.9351 0
      vertex -31.0366 25.8711 20
      vertex -30.6493 25.9351 20
    endloop
  endfacet
  facet normal -0.163036 0.98662 0
    outer loop
      vertex -31.0366 25.8711 20
      vertex -30.6493 25.9351 0
      vertex -31.0366 25.8711 0
    endloop
  endfacet
  facet normal 0.352212 -0.93592 0
    outer loop
      vertex -34.1159 37.3631 0
      vertex -33.7484 37.5014 20
      vertex -34.1159 37.3631 20
    endloop
  endfacet
  facet normal 0.352212 -0.93592 0
    outer loop
      vertex -33.7484 37.5014 20
      vertex -34.1159 37.3631 0
      vertex -33.7484 37.5014 0
    endloop
  endfacet
  facet normal 0.683678 -0.729783 0
    outer loop
      vertex -36.0624 36.0624 0
      vertex -35.7759 36.3308 20
      vertex -36.0624 36.0624 20
    endloop
  endfacet
  facet normal 0.683678 -0.729783 0
    outer loop
      vertex -35.7759 36.3308 20
      vertex -36.0624 36.0624 0
      vertex -35.7759 36.3308 0
    endloop
  endfacet
  facet normal 0.528212 -0.849112 0
    outer loop
      vertex -35.1532 36.8086 0
      vertex -34.8198 37.016 20
      vertex -35.1532 36.8086 20
    endloop
  endfacet
  facet normal 0.528212 -0.849112 0
    outer loop
      vertex -34.8198 37.016 20
      vertex -35.1532 36.8086 0
      vertex -34.8198 37.016 0
    endloop
  endfacet
  facet normal 0.77298 0.63443 0
    outer loop
      vertex -36.3308 27.8637 20
      vertex -36.5799 28.1672 0
      vertex -36.5799 28.1672 20
    endloop
  endfacet
  facet normal 0.77298 0.63443 0
    outer loop
      vertex -36.5799 28.1672 0
      vertex -36.3308 27.8637 20
      vertex -36.3308 27.8637 0
    endloop
  endfacet
  facet normal -0.995207 0.097789 0
    outer loop
      vertex -25.8711 31.0366 0
      vertex -25.8327 31.4274 20
      vertex -25.8327 31.4274 0
    endloop
  endfacet
  facet normal -0.995207 0.097789 0
    outer loop
      vertex -25.8327 31.4274 20
      vertex -25.8711 31.0366 0
      vertex -25.8711 31.0366 20
    endloop
  endfacet
  facet normal 0.290361 -0.956917 0
    outer loop
      vertex -33.7484 37.5014 0
      vertex -33.3727 37.6154 20
      vertex -33.7484 37.5014 20
    endloop
  endfacet
  facet normal 0.290361 -0.956917 0
    outer loop
      vertex -33.3727 37.6154 20
      vertex -33.7484 37.5014 0
      vertex -33.3727 37.6154 0
    endloop
  endfacet
  facet normal 0.683678 0.729783 -0
    outer loop
      vertex -35.7759 27.3088 0
      vertex -36.0624 27.5772 20
      vertex -35.7759 27.3088 20
    endloop
  endfacet
  facet normal 0.683678 0.729783 0
    outer loop
      vertex -36.0624 27.5772 20
      vertex -35.7759 27.3088 0
      vertex -36.0624 27.5772 0
    endloop
  endfacet
  facet normal -0.582418 0.812889 0
    outer loop
      vertex -28.1672 27.0597 0
      vertex -28.4864 26.831 20
      vertex -28.1672 27.0597 20
    endloop
  endfacet
  facet normal -0.582418 0.812889 0
    outer loop
      vertex -28.4864 26.831 20
      vertex -28.1672 27.0597 0
      vertex -28.4864 26.831 0
    endloop
  endfacet
  facet normal 0.973913 -0.226924 0
    outer loop
      vertex -37.7045 32.9903 20
      vertex -37.6154 33.3727 0
      vertex -37.6154 33.3727 20
    endloop
  endfacet
  facet normal 0.973913 -0.226924 0
    outer loop
      vertex -37.6154 33.3727 0
      vertex -37.7045 32.9903 20
      vertex -37.7045 32.9903 0
    endloop
  endfacet
  facet normal 0.98662 0.163036 0
    outer loop
      vertex -37.7045 30.6493 20
      vertex -37.7685 31.0366 0
      vertex -37.7685 31.0366 20
    endloop
  endfacet
  facet normal 0.98662 0.163036 0
    outer loop
      vertex -37.7685 31.0366 0
      vertex -37.7045 30.6493 20
      vertex -37.7045 30.6493 0
    endloop
  endfacet
  facet normal -0.956988 -0.290128 0
    outer loop
      vertex -26.0243 33.3727 0
      vertex -26.1382 33.7484 20
      vertex -26.1382 33.7484 0
    endloop
  endfacet
  facet normal -0.956988 -0.290128 0
    outer loop
      vertex -26.1382 33.7484 20
      vertex -26.0243 33.3727 0
      vertex -26.0243 33.3727 20
    endloop
  endfacet
  facet normal 0.729783 0.683678 0
    outer loop
      vertex -36.0624 27.5772 20
      vertex -36.3308 27.8637 0
      vertex -36.3308 27.8637 20
    endloop
  endfacet
  facet normal 0.729783 0.683678 0
    outer loop
      vertex -36.3308 27.8637 0
      vertex -36.0624 27.5772 20
      vertex -36.0624 27.5772 0
    endloop
  endfacet
  facet normal 0.956917 -0.290361 0
    outer loop
      vertex -37.6154 33.3727 20
      vertex -37.5014 33.7484 0
      vertex -37.5014 33.7484 20
    endloop
  endfacet
  facet normal 0.956917 -0.290361 0
    outer loop
      vertex -37.5014 33.7484 0
      vertex -37.6154 33.3727 20
      vertex -37.6154 33.3727 0
    endloop
  endfacet
  facet normal -0.729783 0.683678 0
    outer loop
      vertex -27.5772 27.5772 0
      vertex -27.3088 27.8637 20
      vertex -27.3088 27.8637 0
    endloop
  endfacet
  facet normal -0.729783 0.683678 0
    outer loop
      vertex -27.3088 27.8637 20
      vertex -27.5772 27.5772 0
      vertex -27.5772 27.5772 20
    endloop
  endfacet
  facet normal -0.881923 0.471394 0
    outer loop
      vertex -26.6237 28.8198 0
      vertex -26.4386 29.1661 20
      vertex -26.4386 29.1661 0
    endloop
  endfacet
  facet normal -0.881923 0.471394 0
    outer loop
      vertex -26.4386 29.1661 20
      vertex -26.6237 28.8198 0
      vertex -26.6237 28.8198 20
    endloop
  endfacet
  facet normal -0.528212 -0.849112 0
    outer loop
      vertex -28.8198 37.016 0
      vertex -28.4864 36.8086 20
      vertex -28.8198 37.016 20
    endloop
  endfacet
  facet normal -0.528212 -0.849112 -0
    outer loop
      vertex -28.4864 36.8086 20
      vertex -28.8198 37.016 0
      vertex -28.4864 36.8086 0
    endloop
  endfacet
  facet normal -0.973856 0.227165 0
    outer loop
      vertex -26.0243 30.2669 0
      vertex -25.9351 30.6493 20
      vertex -25.9351 30.6493 0
    endloop
  endfacet
  facet normal -0.973856 0.227165 0
    outer loop
      vertex -25.9351 30.6493 20
      vertex -26.0243 30.2669 0
      vertex -26.0243 30.2669 20
    endloop
  endfacet
  facet normal -0.227165 0.973856 0
    outer loop
      vertex -30.2669 26.0243 0
      vertex -30.6493 25.9351 20
      vertex -30.2669 26.0243 20
    endloop
  endfacet
  facet normal -0.227165 0.973856 0
    outer loop
      vertex -30.6493 25.9351 20
      vertex -30.2669 26.0243 0
      vertex -30.6493 25.9351 0
    endloop
  endfacet
  facet normal -0.77298 -0.63443 0
    outer loop
      vertex -27.0597 35.4724 0
      vertex -27.3088 35.7759 20
      vertex -27.3088 35.7759 0
    endloop
  endfacet
  facet normal -0.77298 -0.63443 0
    outer loop
      vertex -27.3088 35.7759 20
      vertex -27.0597 35.4724 0
      vertex -27.0597 35.4724 20
    endloop
  endfacet
  facet normal -0.63443 -0.77298 0
    outer loop
      vertex -28.1672 36.5799 0
      vertex -27.8637 36.3308 20
      vertex -28.1672 36.5799 20
    endloop
  endfacet
  facet normal -0.63443 -0.77298 -0
    outer loop
      vertex -27.8637 36.3308 20
      vertex -28.1672 36.5799 0
      vertex -27.8637 36.3308 0
    endloop
  endfacet
  facet normal 0.0980413 -0.995182 0
    outer loop
      vertex -32.603 37.7685 0
      vertex -32.2122 37.807 20
      vertex -32.603 37.7685 20
    endloop
  endfacet
  facet normal 0.0980413 -0.995182 0
    outer loop
      vertex -32.2122 37.807 20
      vertex -32.603 37.7685 0
      vertex -32.2122 37.807 0
    endloop
  endfacet
  facet normal 0.849112 -0.528212 0
    outer loop
      vertex -37.016 34.8198 20
      vertex -36.8086 35.1532 0
      vertex -36.8086 35.1532 20
    endloop
  endfacet
  facet normal 0.849112 -0.528212 0
    outer loop
      vertex -36.8086 35.1532 0
      vertex -37.016 34.8198 20
      vertex -37.016 34.8198 0
    endloop
  endfacet
  facet normal -0.812889 -0.582418 0
    outer loop
      vertex -26.831 35.1532 0
      vertex -27.0597 35.4724 20
      vertex -27.0597 35.4724 0
    endloop
  endfacet
  facet normal -0.812889 -0.582418 0
    outer loop
      vertex -27.0597 35.4724 20
      vertex -26.831 35.1532 0
      vertex -26.831 35.1532 20
    endloop
  endfacet
  facet normal -0.528028 0.849227 0
    outer loop
      vertex -28.4864 26.831 0
      vertex -28.8198 26.6237 20
      vertex -28.4864 26.831 20
    endloop
  endfacet
  facet normal -0.528028 0.849227 0
    outer loop
      vertex -28.8198 26.6237 20
      vertex -28.4864 26.831 0
      vertex -28.8198 26.6237 0
    endloop
  endfacet
  facet normal -0.582418 -0.812889 0
    outer loop
      vertex -28.4864 36.8086 0
      vertex -28.1672 36.5799 20
      vertex -28.4864 36.8086 20
    endloop
  endfacet
  facet normal -0.582418 -0.812889 -0
    outer loop
      vertex -28.1672 36.5799 20
      vertex -28.4864 36.8086 0
      vertex -28.1672 36.5799 0
    endloop
  endfacet
  facet normal 0.0326024 -0.999468 0
    outer loop
      vertex -32.2122 37.807 0
      vertex -31.8198 37.8198 20
      vertex -32.2122 37.807 20
    endloop
  endfacet
  facet normal 0.0326024 -0.999468 0
    outer loop
      vertex -31.8198 37.8198 20
      vertex -32.2122 37.807 0
      vertex -31.8198 37.8198 0
    endloop
  endfacet
  facet normal -0.471196 -0.882028 0
    outer loop
      vertex -29.1661 37.201 0
      vertex -28.8198 37.016 20
      vertex -29.1661 37.201 20
    endloop
  endfacet
  facet normal -0.471196 -0.882028 -0
    outer loop
      vertex -28.8198 37.016 20
      vertex -29.1661 37.201 0
      vertex -28.8198 37.016 0
    endloop
  endfacet
  facet normal -0.910793 0.412862 0
    outer loop
      vertex -26.4386 29.1661 0
      vertex -26.2765 29.5237 20
      vertex -26.2765 29.5237 0
    endloop
  endfacet
  facet normal -0.910793 0.412862 0
    outer loop
      vertex -26.2765 29.5237 20
      vertex -26.4386 29.1661 0
      vertex -26.4386 29.1661 20
    endloop
  endfacet
  facet normal 0.882028 -0.471196 0
    outer loop
      vertex -37.201 34.4735 20
      vertex -37.016 34.8198 0
      vertex -37.016 34.8198 20
    endloop
  endfacet
  facet normal 0.882028 -0.471196 0
    outer loop
      vertex -37.016 34.8198 0
      vertex -37.201 34.4735 20
      vertex -37.201 34.4735 0
    endloop
  endfacet
  facet normal 0.63443 -0.77298 0
    outer loop
      vertex -35.7759 36.3308 0
      vertex -35.4724 36.5799 20
      vertex -35.7759 36.3308 20
    endloop
  endfacet
  facet normal 0.63443 -0.77298 0
    outer loop
      vertex -35.4724 36.5799 20
      vertex -35.7759 36.3308 0
      vertex -35.4724 36.5799 0
    endloop
  endfacet
  facet normal -0.683678 -0.729783 0
    outer loop
      vertex -27.8637 36.3308 0
      vertex -27.5772 36.0624 20
      vertex -27.8637 36.3308 20
    endloop
  endfacet
  facet normal -0.683678 -0.729783 -0
    outer loop
      vertex -27.5772 36.0624 20
      vertex -27.8637 36.3308 0
      vertex -27.5772 36.0624 0
    endloop
  endfacet
  facet normal 0.98662 -0.163036 0
    outer loop
      vertex -37.7685 32.603 20
      vertex -37.7045 32.9903 0
      vertex -37.7045 32.9903 20
    endloop
  endfacet
  facet normal 0.98662 -0.163036 0
    outer loop
      vertex -37.7045 32.9903 0
      vertex -37.7685 32.603 20
      vertex -37.7685 32.603 0
    endloop
  endfacet
  facet normal -0.412862 -0.910793 0
    outer loop
      vertex -29.5237 37.3631 0
      vertex -29.1661 37.201 20
      vertex -29.5237 37.3631 20
    endloop
  endfacet
  facet normal -0.412862 -0.910793 -0
    outer loop
      vertex -29.1661 37.201 20
      vertex -29.5237 37.3631 0
      vertex -29.1661 37.201 0
    endloop
  endfacet
  facet normal 0.849112 0.528212 0
    outer loop
      vertex -36.8086 28.4864 20
      vertex -37.016 28.8198 0
      vertex -37.016 28.8198 20
    endloop
  endfacet
  facet normal 0.849112 0.528212 0
    outer loop
      vertex -37.016 28.8198 0
      vertex -36.8086 28.4864 20
      vertex -36.8086 28.4864 0
    endloop
  endfacet
  facet normal -0.471394 0.881923 0
    outer loop
      vertex -28.8198 26.6237 0
      vertex -29.1661 26.4386 20
      vertex -28.8198 26.6237 20
    endloop
  endfacet
  facet normal -0.471394 0.881923 0
    outer loop
      vertex -29.1661 26.4386 20
      vertex -28.8198 26.6237 0
      vertex -29.1661 26.4386 0
    endloop
  endfacet
  facet normal -0.99946 0.0328569 0
    outer loop
      vertex -25.8327 31.4274 0
      vertex -25.8198 31.8198 20
      vertex -25.8198 31.8198 0
    endloop
  endfacet
  facet normal -0.99946 0.0328569 0
    outer loop
      vertex -25.8198 31.8198 20
      vertex -25.8327 31.4274 0
      vertex -25.8327 31.4274 20
    endloop
  endfacet
  facet normal 0.528028 0.849227 -0
    outer loop
      vertex -34.8198 26.6237 0
      vertex -35.1532 26.831 20
      vertex -34.8198 26.6237 20
    endloop
  endfacet
  facet normal 0.528028 0.849227 0
    outer loop
      vertex -35.1532 26.831 20
      vertex -34.8198 26.6237 0
      vertex -35.1532 26.831 0
    endloop
  endfacet
  facet normal -0.683678 0.729783 0
    outer loop
      vertex -27.5772 27.5772 0
      vertex -27.8637 27.3088 20
      vertex -27.5772 27.5772 20
    endloop
  endfacet
  facet normal -0.683678 0.729783 0
    outer loop
      vertex -27.8637 27.3088 20
      vertex -27.5772 27.5772 0
      vertex -27.8637 27.3088 0
    endloop
  endfacet
  facet normal -0.226924 -0.973913 0
    outer loop
      vertex -30.6493 37.7045 0
      vertex -30.2669 37.6154 20
      vertex -30.6493 37.7045 20
    endloop
  endfacet
  facet normal -0.226924 -0.973913 -0
    outer loop
      vertex -30.2669 37.6154 20
      vertex -30.6493 37.7045 0
      vertex -30.2669 37.6154 0
    endloop
  endfacet
  facet normal 0.412862 -0.910793 0
    outer loop
      vertex -34.4735 37.201 0
      vertex -34.1159 37.3631 20
      vertex -34.4735 37.201 20
    endloop
  endfacet
  facet normal 0.412862 -0.910793 0
    outer loop
      vertex -34.1159 37.3631 20
      vertex -34.4735 37.201 0
      vertex -34.1159 37.3631 0
    endloop
  endfacet
  facet normal -0.412862 0.910793 0
    outer loop
      vertex -29.1661 26.4386 0
      vertex -29.5237 26.2765 20
      vertex -29.1661 26.4386 20
    endloop
  endfacet
  facet normal -0.412862 0.910793 0
    outer loop
      vertex -29.5237 26.2765 20
      vertex -29.1661 26.4386 0
      vertex -29.5237 26.2765 0
    endloop
  endfacet
  facet normal 0.471394 0.881923 -0
    outer loop
      vertex -34.4735 26.4386 0
      vertex -34.8198 26.6237 20
      vertex -34.4735 26.4386 20
    endloop
  endfacet
  facet normal 0.471394 0.881923 0
    outer loop
      vertex -34.8198 26.6237 20
      vertex -34.4735 26.4386 0
      vertex -34.8198 26.6237 0
    endloop
  endfacet
  facet normal 0.93592 -0.352212 0
    outer loop
      vertex -37.5014 33.7484 20
      vertex -37.3631 34.1159 0
      vertex -37.3631 34.1159 20
    endloop
  endfacet
  facet normal 0.93592 -0.352212 0
    outer loop
      vertex -37.3631 34.1159 0
      vertex -37.5014 33.7484 20
      vertex -37.5014 33.7484 0
    endloop
  endfacet
  facet normal 0.097789 0.995207 -0
    outer loop
      vertex -32.2122 25.8327 0
      vertex -32.603 25.8711 20
      vertex -32.2122 25.8327 20
    endloop
  endfacet
  facet normal 0.097789 0.995207 0
    outer loop
      vertex -32.603 25.8711 20
      vertex -32.2122 25.8327 0
      vertex -32.603 25.8711 0
    endloop
  endfacet
  facet normal 0.0328569 0.99946 -0
    outer loop
      vertex -31.8198 25.8198 0
      vertex -32.2122 25.8327 20
      vertex -31.8198 25.8198 20
    endloop
  endfacet
  facet normal 0.0328569 0.99946 0
    outer loop
      vertex -32.2122 25.8327 20
      vertex -31.8198 25.8198 0
      vertex -32.2122 25.8327 0
    endloop
  endfacet
  facet normal 0.812889 0.582418 0
    outer loop
      vertex -36.5799 28.1672 20
      vertex -36.8086 28.4864 0
      vertex -36.8086 28.4864 20
    endloop
  endfacet
  facet normal 0.812889 0.582418 0
    outer loop
      vertex -36.8086 28.4864 0
      vertex -36.5799 28.1672 20
      vertex -36.5799 28.1672 0
    endloop
  endfacet
  facet normal -0.77298 0.63443 0
    outer loop
      vertex -27.3088 27.8637 0
      vertex -27.0597 28.1672 20
      vertex -27.0597 28.1672 0
    endloop
  endfacet
  facet normal -0.77298 0.63443 0
    outer loop
      vertex -27.0597 28.1672 20
      vertex -27.3088 27.8637 0
      vertex -27.3088 27.8637 20
    endloop
  endfacet
  facet normal -0.0326024 -0.999468 0
    outer loop
      vertex -31.8198 37.8198 0
      vertex -31.4274 37.807 20
      vertex -31.8198 37.8198 20
    endloop
  endfacet
  facet normal -0.0326024 -0.999468 -0
    outer loop
      vertex -31.4274 37.807 20
      vertex -31.8198 37.8198 0
      vertex -31.4274 37.807 0
    endloop
  endfacet
  facet normal -0.910793 -0.412862 0
    outer loop
      vertex -26.2765 34.1159 0
      vertex -26.4386 34.4735 20
      vertex -26.4386 34.4735 0
    endloop
  endfacet
  facet normal -0.910793 -0.412862 0
    outer loop
      vertex -26.4386 34.4735 20
      vertex -26.2765 34.1159 0
      vertex -26.2765 34.1159 20
    endloop
  endfacet
  facet normal 0.882028 0.471196 0
    outer loop
      vertex -37.016 28.8198 20
      vertex -37.201 29.1661 0
      vertex -37.201 29.1661 20
    endloop
  endfacet
  facet normal 0.882028 0.471196 0
    outer loop
      vertex -37.201 29.1661 0
      vertex -37.016 28.8198 20
      vertex -37.016 28.8198 0
    endloop
  endfacet
  facet normal 0.729783 -0.683678 0
    outer loop
      vertex -36.3308 35.7759 20
      vertex -36.0624 36.0624 0
      vertex -36.0624 36.0624 20
    endloop
  endfacet
  facet normal 0.729783 -0.683678 0
    outer loop
      vertex -36.0624 36.0624 0
      vertex -36.3308 35.7759 20
      vertex -36.3308 35.7759 0
    endloop
  endfacet
  facet normal 0.227165 0.973856 -0
    outer loop
      vertex -32.9903 25.9351 0
      vertex -33.3727 26.0243 20
      vertex -32.9903 25.9351 20
    endloop
  endfacet
  facet normal 0.227165 0.973856 0
    outer loop
      vertex -33.3727 26.0243 20
      vertex -32.9903 25.9351 0
      vertex -33.3727 26.0243 0
    endloop
  endfacet
  facet normal -0.729783 -0.683678 0
    outer loop
      vertex -27.3088 35.7759 0
      vertex -27.5772 36.0624 20
      vertex -27.5772 36.0624 0
    endloop
  endfacet
  facet normal -0.729783 -0.683678 0
    outer loop
      vertex -27.5772 36.0624 20
      vertex -27.3088 35.7759 0
      vertex -27.3088 35.7759 20
    endloop
  endfacet
  facet normal 0.226924 -0.973913 0
    outer loop
      vertex -33.3727 37.6154 0
      vertex -32.9903 37.7045 20
      vertex -33.3727 37.6154 20
    endloop
  endfacet
  facet normal 0.226924 -0.973913 0
    outer loop
      vertex -32.9903 37.7045 20
      vertex -33.3727 37.6154 0
      vertex -32.9903 37.7045 0
    endloop
  endfacet
  facet normal 0.999468 -0.0326024 0
    outer loop
      vertex -37.8198 31.8198 20
      vertex -37.807 32.2122 0
      vertex -37.807 32.2122 20
    endloop
  endfacet
  facet normal 0.999468 -0.0326024 0
    outer loop
      vertex -37.807 32.2122 0
      vertex -37.8198 31.8198 20
      vertex -37.8198 31.8198 0
    endloop
  endfacet
  facet normal 0.995182 -0.0980413 0
    outer loop
      vertex -37.807 32.2122 20
      vertex -37.7685 32.603 0
      vertex -37.7685 32.603 20
    endloop
  endfacet
  facet normal 0.995182 -0.0980413 0
    outer loop
      vertex -37.7685 32.603 0
      vertex -37.807 32.2122 20
      vertex -37.807 32.2122 0
    endloop
  endfacet
  facet normal 0.163036 0.98662 -0
    outer loop
      vertex -32.603 25.8711 0
      vertex -32.9903 25.9351 20
      vertex -32.603 25.8711 20
    endloop
  endfacet
  facet normal 0.163036 0.98662 0
    outer loop
      vertex -32.9903 25.9351 20
      vertex -32.603 25.8711 0
      vertex -32.9903 25.9351 0
    endloop
  endfacet
  facet normal -0.63443 0.77298 0
    outer loop
      vertex -27.8637 27.3088 0
      vertex -28.1672 27.0597 20
      vertex -27.8637 27.3088 20
    endloop
  endfacet
  facet normal -0.63443 0.77298 0
    outer loop
      vertex -28.1672 27.0597 20
      vertex -27.8637 27.3088 0
      vertex -28.1672 27.0597 0
    endloop
  endfacet
  facet normal 0.77298 -0.63443 0
    outer loop
      vertex -36.5799 35.4724 20
      vertex -36.3308 35.7759 0
      vertex -36.3308 35.7759 20
    endloop
  endfacet
  facet normal 0.77298 -0.63443 0
    outer loop
      vertex -36.3308 35.7759 0
      vertex -36.5799 35.4724 20
      vertex -36.5799 35.4724 0
    endloop
  endfacet
  facet normal -0.0328569 0.99946 0
    outer loop
      vertex -31.4274 25.8327 0
      vertex -31.8198 25.8198 20
      vertex -31.4274 25.8327 20
    endloop
  endfacet
  facet normal -0.0328569 0.99946 0
    outer loop
      vertex -31.8198 25.8198 20
      vertex -31.4274 25.8327 0
      vertex -31.8198 25.8198 0
    endloop
  endfacet
  facet normal 0.63443 0.77298 -0
    outer loop
      vertex -35.4724 27.0597 0
      vertex -35.7759 27.3088 20
      vertex -35.4724 27.0597 20
    endloop
  endfacet
  facet normal 0.63443 0.77298 0
    outer loop
      vertex -35.7759 27.3088 20
      vertex -35.4724 27.0597 0
      vertex -35.7759 27.3088 0
    endloop
  endfacet
  facet normal 0.995182 0.0980413 0
    outer loop
      vertex -37.7685 31.0366 20
      vertex -37.807 31.4274 0
      vertex -37.807 31.4274 20
    endloop
  endfacet
  facet normal 0.995182 0.0980413 0
    outer loop
      vertex -37.807 31.4274 0
      vertex -37.7685 31.0366 20
      vertex -37.7685 31.0366 0
    endloop
  endfacet
  facet normal 0.93592 0.352212 0
    outer loop
      vertex -37.3631 29.5237 20
      vertex -37.5014 29.8912 0
      vertex -37.5014 29.8912 20
    endloop
  endfacet
  facet normal 0.93592 0.352212 0
    outer loop
      vertex -37.5014 29.8912 0
      vertex -37.3631 29.5237 20
      vertex -37.3631 29.5237 0
    endloop
  endfacet
  facet normal 0.910793 0.412862 0
    outer loop
      vertex -37.201 29.1661 20
      vertex -37.3631 29.5237 0
      vertex -37.3631 29.5237 20
    endloop
  endfacet
  facet normal 0.910793 0.412862 0
    outer loop
      vertex -37.3631 29.5237 0
      vertex -37.201 29.1661 20
      vertex -37.201 29.1661 0
    endloop
  endfacet
  facet normal -0.93592 -0.352212 0
    outer loop
      vertex -26.1382 33.7484 0
      vertex -26.2765 34.1159 20
      vertex -26.2765 34.1159 0
    endloop
  endfacet
  facet normal -0.93592 -0.352212 0
    outer loop
      vertex -26.2765 34.1159 20
      vertex -26.1382 33.7484 0
      vertex -26.1382 33.7484 20
    endloop
  endfacet
  facet normal -0.163036 -0.98662 0
    outer loop
      vertex -31.0366 37.7685 0
      vertex -30.6493 37.7045 20
      vertex -31.0366 37.7685 20
    endloop
  endfacet
  facet normal -0.163036 -0.98662 -0
    outer loop
      vertex -30.6493 37.7045 20
      vertex -31.0366 37.7685 0
      vertex -30.6493 37.7045 0
    endloop
  endfacet
  facet normal 0.582418 -0.812889 0
    outer loop
      vertex -35.4724 36.5799 0
      vertex -35.1532 36.8086 20
      vertex -35.4724 36.5799 20
    endloop
  endfacet
  facet normal 0.582418 -0.812889 0
    outer loop
      vertex -35.1532 36.8086 20
      vertex -35.4724 36.5799 0
      vertex -35.1532 36.8086 0
    endloop
  endfacet
  facet normal -0.812889 0.582418 0
    outer loop
      vertex -27.0597 28.1672 0
      vertex -26.831 28.4864 20
      vertex -26.831 28.4864 0
    endloop
  endfacet
  facet normal -0.812889 0.582418 0
    outer loop
      vertex -26.831 28.4864 20
      vertex -27.0597 28.1672 0
      vertex -27.0597 28.1672 20
    endloop
  endfacet
  facet normal 0.973913 0.226924 0
    outer loop
      vertex -37.6154 30.2669 20
      vertex -37.7045 30.6493 0
      vertex -37.7045 30.6493 20
    endloop
  endfacet
  facet normal 0.973913 0.226924 0
    outer loop
      vertex -37.7045 30.6493 0
      vertex -37.6154 30.2669 20
      vertex -37.6154 30.2669 0
    endloop
  endfacet
  facet normal -0.93592 0.352212 0
    outer loop
      vertex -26.2765 29.5237 0
      vertex -26.1382 29.8912 20
      vertex -26.1382 29.8912 0
    endloop
  endfacet
  facet normal -0.93592 0.352212 0
    outer loop
      vertex -26.1382 29.8912 20
      vertex -26.2765 29.5237 0
      vertex -26.2765 29.5237 20
    endloop
  endfacet
  facet normal 0.812889 -0.582418 0
    outer loop
      vertex -36.8086 35.1532 20
      vertex -36.5799 35.4724 0
      vertex -36.5799 35.4724 20
    endloop
  endfacet
  facet normal 0.812889 -0.582418 0
    outer loop
      vertex -36.5799 35.4724 0
      vertex -36.8086 35.1532 20
      vertex -36.8086 35.1532 0
    endloop
  endfacet
  facet normal 0.412862 0.910793 -0
    outer loop
      vertex -34.1159 26.2765 0
      vertex -34.4735 26.4386 20
      vertex -34.1159 26.2765 20
    endloop
  endfacet
  facet normal 0.412862 0.910793 0
    outer loop
      vertex -34.4735 26.4386 20
      vertex -34.1159 26.2765 0
      vertex -34.4735 26.4386 0
    endloop
  endfacet
  facet normal 0.471196 -0.882028 0
    outer loop
      vertex -34.8198 37.016 0
      vertex -34.4735 37.201 20
      vertex -34.8198 37.016 20
    endloop
  endfacet
  facet normal 0.471196 -0.882028 0
    outer loop
      vertex -34.4735 37.201 20
      vertex -34.8198 37.016 0
      vertex -34.4735 37.201 0
    endloop
  endfacet
  facet normal 0.582418 0.812889 -0
    outer loop
      vertex -35.1532 26.831 0
      vertex -35.4724 27.0597 20
      vertex -35.1532 26.831 20
    endloop
  endfacet
  facet normal 0.582418 0.812889 0
    outer loop
      vertex -35.4724 27.0597 20
      vertex -35.1532 26.831 0
      vertex -35.4724 27.0597 0
    endloop
  endfacet
  facet normal -0.995207 -0.097789 0
    outer loop
      vertex -25.8327 -31.4274 0
      vertex -25.8711 -31.0366 20
      vertex -25.8711 -31.0366 0
    endloop
  endfacet
  facet normal -0.995207 -0.097789 0
    outer loop
      vertex -25.8711 -31.0366 20
      vertex -25.8327 -31.4274 0
      vertex -25.8327 -31.4274 20
    endloop
  endfacet
  facet normal -0.99946 -0.0328569 0
    outer loop
      vertex -25.8198 -31.8198 0
      vertex -25.8327 -31.4274 20
      vertex -25.8327 -31.4274 0
    endloop
  endfacet
  facet normal -0.99946 -0.0328569 0
    outer loop
      vertex -25.8327 -31.4274 20
      vertex -25.8198 -31.8198 0
      vertex -25.8198 -31.8198 20
    endloop
  endfacet
  facet normal -0.98662 -0.163036 0
    outer loop
      vertex -25.8711 -31.0366 0
      vertex -25.9351 -30.6493 20
      vertex -25.9351 -30.6493 0
    endloop
  endfacet
  facet normal -0.98662 -0.163036 0
    outer loop
      vertex -25.9351 -30.6493 20
      vertex -25.8711 -31.0366 0
      vertex -25.8711 -31.0366 20
    endloop
  endfacet
  facet normal -0.729783 0.683678 0
    outer loop
      vertex -27.5772 -36.0624 0
      vertex -27.3088 -35.7759 20
      vertex -27.3088 -35.7759 0
    endloop
  endfacet
  facet normal -0.729783 0.683678 0
    outer loop
      vertex -27.3088 -35.7759 20
      vertex -27.5772 -36.0624 0
      vertex -27.5772 -36.0624 20
    endloop
  endfacet
  facet normal 0.471394 -0.881923 0
    outer loop
      vertex -34.8198 -26.6237 0
      vertex -34.4735 -26.4386 20
      vertex -34.8198 -26.6237 20
    endloop
  endfacet
  facet normal 0.471394 -0.881923 0
    outer loop
      vertex -34.4735 -26.4386 20
      vertex -34.8198 -26.6237 0
      vertex -34.4735 -26.4386 0
    endloop
  endfacet
  facet normal -0.812889 -0.582418 0
    outer loop
      vertex -26.831 -28.4864 0
      vertex -27.0597 -28.1672 20
      vertex -27.0597 -28.1672 0
    endloop
  endfacet
  facet normal -0.812889 -0.582418 0
    outer loop
      vertex -27.0597 -28.1672 20
      vertex -26.831 -28.4864 0
      vertex -26.831 -28.4864 20
    endloop
  endfacet
  facet normal 0.63443 -0.77298 0
    outer loop
      vertex -35.7759 -27.3088 0
      vertex -35.4724 -27.0597 20
      vertex -35.7759 -27.3088 20
    endloop
  endfacet
  facet normal 0.63443 -0.77298 0
    outer loop
      vertex -35.4724 -27.0597 20
      vertex -35.7759 -27.3088 0
      vertex -35.4724 -27.0597 0
    endloop
  endfacet
  facet normal -0.63443 -0.77298 0
    outer loop
      vertex -28.1672 -27.0597 0
      vertex -27.8637 -27.3088 20
      vertex -28.1672 -27.0597 20
    endloop
  endfacet
  facet normal -0.63443 -0.77298 -0
    outer loop
      vertex -27.8637 -27.3088 20
      vertex -28.1672 -27.0597 0
      vertex -27.8637 -27.3088 0
    endloop
  endfacet
  facet normal 0.77298 0.63443 0
    outer loop
      vertex -36.3308 -35.7759 20
      vertex -36.5799 -35.4724 0
      vertex -36.5799 -35.4724 20
    endloop
  endfacet
  facet normal 0.77298 0.63443 0
    outer loop
      vertex -36.5799 -35.4724 0
      vertex -36.3308 -35.7759 20
      vertex -36.3308 -35.7759 0
    endloop
  endfacet
  facet normal 0.0326024 0.999468 -0
    outer loop
      vertex -31.8198 -37.8198 0
      vertex -32.2122 -37.807 20
      vertex -31.8198 -37.8198 20
    endloop
  endfacet
  facet normal 0.0326024 0.999468 0
    outer loop
      vertex -32.2122 -37.807 20
      vertex -31.8198 -37.8198 0
      vertex -32.2122 -37.807 0
    endloop
  endfacet
  facet normal -0.227165 -0.973856 0
    outer loop
      vertex -30.6493 -25.9351 0
      vertex -30.2669 -26.0243 20
      vertex -30.6493 -25.9351 20
    endloop
  endfacet
  facet normal -0.227165 -0.973856 -0
    outer loop
      vertex -30.2669 -26.0243 20
      vertex -30.6493 -25.9351 0
      vertex -30.2669 -26.0243 0
    endloop
  endfacet
  facet normal 0.973913 0.226924 0
    outer loop
      vertex -37.6154 -33.3727 20
      vertex -37.7045 -32.9903 0
      vertex -37.7045 -32.9903 20
    endloop
  endfacet
  facet normal 0.973913 0.226924 0
    outer loop
      vertex -37.7045 -32.9903 0
      vertex -37.6154 -33.3727 20
      vertex -37.6154 -33.3727 0
    endloop
  endfacet
  facet normal -0.98662 0.163036 0
    outer loop
      vertex -25.9351 -32.9903 0
      vertex -25.8711 -32.603 20
      vertex -25.8711 -32.603 0
    endloop
  endfacet
  facet normal -0.98662 0.163036 0
    outer loop
      vertex -25.8711 -32.603 20
      vertex -25.9351 -32.9903 0
      vertex -25.9351 -32.9903 20
    endloop
  endfacet
  facet normal -0.290361 0.956917 0
    outer loop
      vertex -29.8912 -37.5014 0
      vertex -30.2669 -37.6154 20
      vertex -29.8912 -37.5014 20
    endloop
  endfacet
  facet normal -0.290361 0.956917 0
    outer loop
      vertex -30.2669 -37.6154 20
      vertex -29.8912 -37.5014 0
      vertex -30.2669 -37.6154 0
    endloop
  endfacet
  facet normal 0.98662 0.163036 0
    outer loop
      vertex -37.7045 -32.9903 20
      vertex -37.7685 -32.603 0
      vertex -37.7685 -32.603 20
    endloop
  endfacet
  facet normal 0.98662 0.163036 0
    outer loop
      vertex -37.7685 -32.603 0
      vertex -37.7045 -32.9903 20
      vertex -37.7045 -32.9903 0
    endloop
  endfacet
  facet normal 0.956917 0.290361 0
    outer loop
      vertex -37.5014 -33.7484 20
      vertex -37.6154 -33.3727 0
      vertex -37.6154 -33.3727 20
    endloop
  endfacet
  facet normal 0.956917 0.290361 0
    outer loop
      vertex -37.6154 -33.3727 0
      vertex -37.5014 -33.7484 20
      vertex -37.5014 -33.7484 0
    endloop
  endfacet
  facet normal 0.729783 -0.683678 0
    outer loop
      vertex -36.3308 -27.8637 20
      vertex -36.0624 -27.5772 0
      vertex -36.0624 -27.5772 20
    endloop
  endfacet
  facet normal 0.729783 -0.683678 0
    outer loop
      vertex -36.0624 -27.5772 0
      vertex -36.3308 -27.8637 20
      vertex -36.3308 -27.8637 0
    endloop
  endfacet
  facet normal -0.881923 0.471394 0
    outer loop
      vertex -26.6237 -34.8198 0
      vertex -26.4386 -34.4735 20
      vertex -26.4386 -34.4735 0
    endloop
  endfacet
  facet normal -0.881923 0.471394 0
    outer loop
      vertex -26.4386 -34.4735 20
      vertex -26.6237 -34.8198 0
      vertex -26.6237 -34.8198 20
    endloop
  endfacet
  facet normal 0.995182 0.0980413 0
    outer loop
      vertex -37.7685 -32.603 20
      vertex -37.807 -32.2122 0
      vertex -37.807 -32.2122 20
    endloop
  endfacet
  facet normal 0.995182 0.0980413 0
    outer loop
      vertex -37.807 -32.2122 0
      vertex -37.7685 -32.603 20
      vertex -37.7685 -32.603 0
    endloop
  endfacet
  facet normal 0.93592 0.352212 0
    outer loop
      vertex -37.3631 -34.1159 20
      vertex -37.5014 -33.7484 0
      vertex -37.5014 -33.7484 20
    endloop
  endfacet
  facet normal 0.93592 0.352212 0
    outer loop
      vertex -37.5014 -33.7484 0
      vertex -37.3631 -34.1159 20
      vertex -37.3631 -34.1159 0
    endloop
  endfacet
  facet normal -0.99946 0.0328569 0
    outer loop
      vertex -25.8327 -32.2122 0
      vertex -25.8198 -31.8198 20
      vertex -25.8198 -31.8198 0
    endloop
  endfacet
  facet normal -0.99946 0.0328569 0
    outer loop
      vertex -25.8198 -31.8198 20
      vertex -25.8327 -32.2122 0
      vertex -25.8327 -32.2122 20
    endloop
  endfacet
  facet normal -0.956988 -0.290128 0
    outer loop
      vertex -26.0243 -30.2669 0
      vertex -26.1382 -29.8912 20
      vertex -26.1382 -29.8912 0
    endloop
  endfacet
  facet normal -0.956988 -0.290128 0
    outer loop
      vertex -26.1382 -29.8912 20
      vertex -26.0243 -30.2669 0
      vertex -26.0243 -30.2669 20
    endloop
  endfacet
  facet normal -0.77298 0.63443 0
    outer loop
      vertex -27.3088 -35.7759 0
      vertex -27.0597 -35.4724 20
      vertex -27.0597 -35.4724 0
    endloop
  endfacet
  facet normal -0.77298 0.63443 0
    outer loop
      vertex -27.0597 -35.4724 20
      vertex -27.3088 -35.7759 0
      vertex -27.3088 -35.7759 20
    endloop
  endfacet
  facet normal 0.528212 0.849112 -0
    outer loop
      vertex -34.8198 -37.016 0
      vertex -35.1532 -36.8086 20
      vertex -34.8198 -37.016 20
    endloop
  endfacet
  facet normal 0.528212 0.849112 0
    outer loop
      vertex -35.1532 -36.8086 20
      vertex -34.8198 -37.016 0
      vertex -35.1532 -36.8086 0
    endloop
  endfacet
  facet normal -0.097789 -0.995207 0
    outer loop
      vertex -31.4274 -25.8327 0
      vertex -31.0366 -25.8711 20
      vertex -31.4274 -25.8327 20
    endloop
  endfacet
  facet normal -0.097789 -0.995207 -0
    outer loop
      vertex -31.0366 -25.8711 20
      vertex -31.4274 -25.8327 0
      vertex -31.0366 -25.8711 0
    endloop
  endfacet
  facet normal 0.956917 -0.290361 0
    outer loop
      vertex -37.6154 -30.2669 20
      vertex -37.5014 -29.8912 0
      vertex -37.5014 -29.8912 20
    endloop
  endfacet
  facet normal 0.956917 -0.290361 0
    outer loop
      vertex -37.5014 -29.8912 0
      vertex -37.6154 -30.2669 20
      vertex -37.6154 -30.2669 0
    endloop
  endfacet
  facet normal 0.528028 -0.849227 0
    outer loop
      vertex -35.1532 -26.831 0
      vertex -34.8198 -26.6237 20
      vertex -35.1532 -26.831 20
    endloop
  endfacet
  facet normal 0.528028 -0.849227 0
    outer loop
      vertex -34.8198 -26.6237 20
      vertex -35.1532 -26.831 0
      vertex -34.8198 -26.6237 0
    endloop
  endfacet
  facet normal 0.995182 -0.0980413 0
    outer loop
      vertex -37.807 -31.4274 20
      vertex -37.7685 -31.0366 0
      vertex -37.7685 -31.0366 20
    endloop
  endfacet
  facet normal 0.995182 -0.0980413 0
    outer loop
      vertex -37.7685 -31.0366 0
      vertex -37.807 -31.4274 20
      vertex -37.807 -31.4274 0
    endloop
  endfacet
  facet normal -0.956988 0.290128 0
    outer loop
      vertex -26.1382 -33.7484 0
      vertex -26.0243 -33.3727 20
      vertex -26.0243 -33.3727 0
    endloop
  endfacet
  facet normal -0.956988 0.290128 0
    outer loop
      vertex -26.0243 -33.3727 20
      vertex -26.1382 -33.7484 0
      vertex -26.1382 -33.7484 20
    endloop
  endfacet
  facet normal 0.812889 0.582418 0
    outer loop
      vertex -36.5799 -35.4724 20
      vertex -36.8086 -35.1532 0
      vertex -36.8086 -35.1532 20
    endloop
  endfacet
  facet normal 0.812889 0.582418 0
    outer loop
      vertex -36.8086 -35.1532 0
      vertex -36.5799 -35.4724 20
      vertex -36.5799 -35.4724 0
    endloop
  endfacet
  facet normal -0.973856 -0.227165 0
    outer loop
      vertex -25.9351 -30.6493 0
      vertex -26.0243 -30.2669 20
      vertex -26.0243 -30.2669 0
    endloop
  endfacet
  facet normal -0.973856 -0.227165 0
    outer loop
      vertex -26.0243 -30.2669 20
      vertex -25.9351 -30.6493 0
      vertex -25.9351 -30.6493 20
    endloop
  endfacet
  facet normal -0.683678 0.729783 0
    outer loop
      vertex -27.5772 -36.0624 0
      vertex -27.8637 -36.3308 20
      vertex -27.5772 -36.0624 20
    endloop
  endfacet
  facet normal -0.683678 0.729783 0
    outer loop
      vertex -27.8637 -36.3308 20
      vertex -27.5772 -36.0624 0
      vertex -27.8637 -36.3308 0
    endloop
  endfacet
  facet normal 0.77298 -0.63443 0
    outer loop
      vertex -36.5799 -28.1672 20
      vertex -36.3308 -27.8637 0
      vertex -36.3308 -27.8637 20
    endloop
  endfacet
  facet normal 0.77298 -0.63443 0
    outer loop
      vertex -36.3308 -27.8637 0
      vertex -36.5799 -28.1672 20
      vertex -36.5799 -28.1672 0
    endloop
  endfacet
  facet normal -0.812889 0.582418 0
    outer loop
      vertex -27.0597 -35.4724 0
      vertex -26.831 -35.1532 20
      vertex -26.831 -35.1532 0
    endloop
  endfacet
  facet normal -0.812889 0.582418 0
    outer loop
      vertex -26.831 -35.1532 20
      vertex -27.0597 -35.4724 0
      vertex -27.0597 -35.4724 20
    endloop
  endfacet
  facet normal -0.226924 0.973913 0
    outer loop
      vertex -30.2669 -37.6154 0
      vertex -30.6493 -37.7045 20
      vertex -30.2669 -37.6154 20
    endloop
  endfacet
  facet normal -0.226924 0.973913 0
    outer loop
      vertex -30.6493 -37.7045 20
      vertex -30.2669 -37.6154 0
      vertex -30.6493 -37.7045 0
    endloop
  endfacet
  facet normal -0.528028 -0.849227 0
    outer loop
      vertex -28.8198 -26.6237 0
      vertex -28.4864 -26.831 20
      vertex -28.8198 -26.6237 20
    endloop
  endfacet
  facet normal -0.528028 -0.849227 -0
    outer loop
      vertex -28.4864 -26.831 20
      vertex -28.8198 -26.6237 0
      vertex -28.4864 -26.831 0
    endloop
  endfacet
  facet normal -0.582418 0.812889 0
    outer loop
      vertex -28.1672 -36.5799 0
      vertex -28.4864 -36.8086 20
      vertex -28.1672 -36.5799 20
    endloop
  endfacet
  facet normal -0.582418 0.812889 0
    outer loop
      vertex -28.4864 -36.8086 20
      vertex -28.1672 -36.5799 0
      vertex -28.4864 -36.8086 0
    endloop
  endfacet
  facet normal 0.882028 0.471196 0
    outer loop
      vertex -37.016 -34.8198 20
      vertex -37.201 -34.4735 0
      vertex -37.201 -34.4735 20
    endloop
  endfacet
  facet normal 0.882028 0.471196 0
    outer loop
      vertex -37.201 -34.4735 0
      vertex -37.016 -34.8198 20
      vertex -37.016 -34.8198 0
    endloop
  endfacet
  facet normal 0.290128 -0.956988 0
    outer loop
      vertex -33.7484 -26.1382 0
      vertex -33.3727 -26.0243 20
      vertex -33.7484 -26.1382 20
    endloop
  endfacet
  facet normal 0.290128 -0.956988 0
    outer loop
      vertex -33.3727 -26.0243 20
      vertex -33.7484 -26.1382 0
      vertex -33.3727 -26.0243 0
    endloop
  endfacet
  facet normal -0.729783 -0.683678 0
    outer loop
      vertex -27.3088 -27.8637 0
      vertex -27.5772 -27.5772 20
      vertex -27.5772 -27.5772 0
    endloop
  endfacet
  facet normal -0.729783 -0.683678 0
    outer loop
      vertex -27.5772 -27.5772 20
      vertex -27.3088 -27.8637 0
      vertex -27.3088 -27.8637 20
    endloop
  endfacet
  facet normal -0.973856 0.227165 0
    outer loop
      vertex -26.0243 -33.3727 0
      vertex -25.9351 -32.9903 20
      vertex -25.9351 -32.9903 0
    endloop
  endfacet
  facet normal -0.973856 0.227165 0
    outer loop
      vertex -25.9351 -32.9903 20
      vertex -26.0243 -33.3727 0
      vertex -26.0243 -33.3727 20
    endloop
  endfacet
  facet normal -0.471394 -0.881923 0
    outer loop
      vertex -29.1661 -26.4386 0
      vertex -28.8198 -26.6237 20
      vertex -29.1661 -26.4386 20
    endloop
  endfacet
  facet normal -0.471394 -0.881923 -0
    outer loop
      vertex -28.8198 -26.6237 20
      vertex -29.1661 -26.4386 0
      vertex -28.8198 -26.6237 0
    endloop
  endfacet
  facet normal 0.582418 -0.812889 0
    outer loop
      vertex -35.4724 -27.0597 0
      vertex -35.1532 -26.831 20
      vertex -35.4724 -27.0597 20
    endloop
  endfacet
  facet normal 0.582418 -0.812889 0
    outer loop
      vertex -35.1532 -26.831 20
      vertex -35.4724 -27.0597 0
      vertex -35.1532 -26.831 0
    endloop
  endfacet
  facet normal -0.0326024 0.999468 0
    outer loop
      vertex -31.4274 -37.807 0
      vertex -31.8198 -37.8198 20
      vertex -31.4274 -37.807 20
    endloop
  endfacet
  facet normal -0.0326024 0.999468 0
    outer loop
      vertex -31.8198 -37.8198 20
      vertex -31.4274 -37.807 0
      vertex -31.8198 -37.8198 0
    endloop
  endfacet
  facet normal -0.849227 0.528028 0
    outer loop
      vertex -26.831 -35.1532 0
      vertex -26.6237 -34.8198 20
      vertex -26.6237 -34.8198 0
    endloop
  endfacet
  facet normal -0.849227 0.528028 0
    outer loop
      vertex -26.6237 -34.8198 20
      vertex -26.831 -35.1532 0
      vertex -26.831 -35.1532 20
    endloop
  endfacet
  facet normal -0.0328569 -0.99946 0
    outer loop
      vertex -31.8198 -25.8198 0
      vertex -31.4274 -25.8327 20
      vertex -31.8198 -25.8198 20
    endloop
  endfacet
  facet normal -0.0328569 -0.99946 -0
    outer loop
      vertex -31.4274 -25.8327 20
      vertex -31.8198 -25.8198 0
      vertex -31.4274 -25.8327 0
    endloop
  endfacet
  facet normal -0.849227 -0.528028 0
    outer loop
      vertex -26.6237 -28.8198 0
      vertex -26.831 -28.4864 20
      vertex -26.831 -28.4864 0
    endloop
  endfacet
  facet normal -0.849227 -0.528028 0
    outer loop
      vertex -26.831 -28.4864 20
      vertex -26.6237 -28.8198 0
      vertex -26.6237 -28.8198 20
    endloop
  endfacet
  facet normal -0.995207 0.097789 0
    outer loop
      vertex -25.8711 -32.603 0
      vertex -25.8327 -32.2122 20
      vertex -25.8327 -32.2122 0
    endloop
  endfacet
  facet normal -0.995207 0.097789 0
    outer loop
      vertex -25.8327 -32.2122 20
      vertex -25.8711 -32.603 0
      vertex -25.8711 -32.603 20
    endloop
  endfacet
  facet normal 0.097789 -0.995207 0
    outer loop
      vertex -32.603 -25.8711 0
      vertex -32.2122 -25.8327 20
      vertex -32.603 -25.8711 20
    endloop
  endfacet
  facet normal 0.097789 -0.995207 0
    outer loop
      vertex -32.2122 -25.8327 20
      vertex -32.603 -25.8711 0
      vertex -32.2122 -25.8327 0
    endloop
  endfacet
  facet normal 0.999468 -0.0326024 0
    outer loop
      vertex -37.8198 -31.8198 20
      vertex -37.807 -31.4274 0
      vertex -37.807 -31.4274 20
    endloop
  endfacet
  facet normal 0.999468 -0.0326024 0
    outer loop
      vertex -37.807 -31.4274 0
      vertex -37.8198 -31.8198 20
      vertex -37.8198 -31.8198 0
    endloop
  endfacet
  facet normal 0.812889 -0.582418 0
    outer loop
      vertex -36.8086 -28.4864 20
      vertex -36.5799 -28.1672 0
      vertex -36.5799 -28.1672 20
    endloop
  endfacet
  facet normal 0.812889 -0.582418 0
    outer loop
      vertex -36.5799 -28.1672 0
      vertex -36.8086 -28.4864 20
      vertex -36.8086 -28.4864 0
    endloop
  endfacet
  facet normal 0.729783 0.683678 0
    outer loop
      vertex -36.0624 -36.0624 20
      vertex -36.3308 -35.7759 0
      vertex -36.3308 -35.7759 20
    endloop
  endfacet
  facet normal 0.729783 0.683678 0
    outer loop
      vertex -36.3308 -35.7759 0
      vertex -36.0624 -36.0624 20
      vertex -36.0624 -36.0624 0
    endloop
  endfacet
  facet normal 0.163036 0.98662 -0
    outer loop
      vertex -32.603 -37.7685 0
      vertex -32.9903 -37.7045 20
      vertex -32.603 -37.7685 20
    endloop
  endfacet
  facet normal 0.163036 0.98662 0
    outer loop
      vertex -32.9903 -37.7045 20
      vertex -32.603 -37.7685 0
      vertex -32.9903 -37.7045 0
    endloop
  endfacet
  facet normal -0.0980413 0.995182 0
    outer loop
      vertex -31.0366 -37.7685 0
      vertex -31.4274 -37.807 20
      vertex -31.0366 -37.7685 20
    endloop
  endfacet
  facet normal -0.0980413 0.995182 0
    outer loop
      vertex -31.4274 -37.807 20
      vertex -31.0366 -37.7685 0
      vertex -31.4274 -37.807 0
    endloop
  endfacet
  facet normal 0.227165 -0.973856 0
    outer loop
      vertex -33.3727 -26.0243 0
      vertex -32.9903 -25.9351 20
      vertex -33.3727 -26.0243 20
    endloop
  endfacet
  facet normal 0.227165 -0.973856 0
    outer loop
      vertex -32.9903 -25.9351 20
      vertex -33.3727 -26.0243 0
      vertex -32.9903 -25.9351 0
    endloop
  endfacet
  facet normal -0.582418 -0.812889 0
    outer loop
      vertex -28.4864 -26.831 0
      vertex -28.1672 -27.0597 20
      vertex -28.4864 -26.831 20
    endloop
  endfacet
  facet normal -0.582418 -0.812889 -0
    outer loop
      vertex -28.1672 -27.0597 20
      vertex -28.4864 -26.831 0
      vertex -28.1672 -27.0597 0
    endloop
  endfacet
  facet normal 0.999468 0.0326024 0
    outer loop
      vertex -37.807 -32.2122 20
      vertex -37.8198 -31.8198 0
      vertex -37.8198 -31.8198 20
    endloop
  endfacet
  facet normal 0.999468 0.0326024 0
    outer loop
      vertex -37.8198 -31.8198 0
      vertex -37.807 -32.2122 20
      vertex -37.807 -32.2122 0
    endloop
  endfacet
  facet normal 0.98662 -0.163036 0
    outer loop
      vertex -37.7685 -31.0366 20
      vertex -37.7045 -30.6493 0
      vertex -37.7045 -30.6493 20
    endloop
  endfacet
  facet normal 0.98662 -0.163036 0
    outer loop
      vertex -37.7045 -30.6493 0
      vertex -37.7685 -31.0366 20
      vertex -37.7685 -31.0366 0
    endloop
  endfacet
  facet normal -0.352212 0.93592 0
    outer loop
      vertex -29.5237 -37.3631 0
      vertex -29.8912 -37.5014 20
      vertex -29.5237 -37.3631 20
    endloop
  endfacet
  facet normal -0.352212 0.93592 0
    outer loop
      vertex -29.8912 -37.5014 20
      vertex -29.5237 -37.3631 0
      vertex -29.8912 -37.5014 0
    endloop
  endfacet
  facet normal 0.163036 -0.98662 0
    outer loop
      vertex -32.9903 -25.9351 0
      vertex -32.603 -25.8711 20
      vertex -32.9903 -25.9351 20
    endloop
  endfacet
  facet normal 0.163036 -0.98662 0
    outer loop
      vertex -32.603 -25.8711 20
      vertex -32.9903 -25.9351 0
      vertex -32.603 -25.8711 0
    endloop
  endfacet
  facet normal 0.290361 0.956917 -0
    outer loop
      vertex -33.3727 -37.6154 0
      vertex -33.7484 -37.5014 20
      vertex -33.3727 -37.6154 20
    endloop
  endfacet
  facet normal 0.290361 0.956917 0
    outer loop
      vertex -33.7484 -37.5014 20
      vertex -33.3727 -37.6154 0
      vertex -33.7484 -37.5014 0
    endloop
  endfacet
  facet normal -0.683678 -0.729783 0
    outer loop
      vertex -27.8637 -27.3088 0
      vertex -27.5772 -27.5772 20
      vertex -27.8637 -27.3088 20
    endloop
  endfacet
  facet normal -0.683678 -0.729783 -0
    outer loop
      vertex -27.5772 -27.5772 20
      vertex -27.8637 -27.3088 0
      vertex -27.5772 -27.5772 0
    endloop
  endfacet
  facet normal -0.352212 -0.93592 0
    outer loop
      vertex -29.8912 -26.1382 0
      vertex -29.5237 -26.2765 20
      vertex -29.8912 -26.1382 20
    endloop
  endfacet
  facet normal -0.352212 -0.93592 -0
    outer loop
      vertex -29.5237 -26.2765 20
      vertex -29.8912 -26.1382 0
      vertex -29.5237 -26.2765 0
    endloop
  endfacet
  facet normal 0.352212 0.93592 -0
    outer loop
      vertex -33.7484 -37.5014 0
      vertex -34.1159 -37.3631 20
      vertex -33.7484 -37.5014 20
    endloop
  endfacet
  facet normal 0.352212 0.93592 0
    outer loop
      vertex -34.1159 -37.3631 20
      vertex -33.7484 -37.5014 0
      vertex -34.1159 -37.3631 0
    endloop
  endfacet
  facet normal 0.849112 -0.528212 0
    outer loop
      vertex -37.016 -28.8198 20
      vertex -36.8086 -28.4864 0
      vertex -36.8086 -28.4864 20
    endloop
  endfacet
  facet normal 0.849112 -0.528212 0
    outer loop
      vertex -36.8086 -28.4864 0
      vertex -37.016 -28.8198 20
      vertex -37.016 -28.8198 0
    endloop
  endfacet
  facet normal 0.910793 0.412862 0
    outer loop
      vertex -37.201 -34.4735 20
      vertex -37.3631 -34.1159 0
      vertex -37.3631 -34.1159 20
    endloop
  endfacet
  facet normal 0.910793 0.412862 0
    outer loop
      vertex -37.3631 -34.1159 0
      vertex -37.201 -34.4735 20
      vertex -37.201 -34.4735 0
    endloop
  endfacet
  facet normal -0.77298 -0.63443 0
    outer loop
      vertex -27.0597 -28.1672 0
      vertex -27.3088 -27.8637 20
      vertex -27.3088 -27.8637 0
    endloop
  endfacet
  facet normal -0.77298 -0.63443 0
    outer loop
      vertex -27.3088 -27.8637 20
      vertex -27.0597 -28.1672 0
      vertex -27.0597 -28.1672 20
    endloop
  endfacet
  facet normal 0.412862 -0.910793 0
    outer loop
      vertex -34.4735 -26.4386 0
      vertex -34.1159 -26.2765 20
      vertex -34.4735 -26.4386 20
    endloop
  endfacet
  facet normal 0.412862 -0.910793 0
    outer loop
      vertex -34.1159 -26.2765 20
      vertex -34.4735 -26.4386 0
      vertex -34.1159 -26.2765 0
    endloop
  endfacet
  facet normal -0.412862 -0.910793 0
    outer loop
      vertex -29.5237 -26.2765 0
      vertex -29.1661 -26.4386 20
      vertex -29.5237 -26.2765 20
    endloop
  endfacet
  facet normal -0.412862 -0.910793 -0
    outer loop
      vertex -29.1661 -26.4386 20
      vertex -29.5237 -26.2765 0
      vertex -29.1661 -26.4386 0
    endloop
  endfacet
  facet normal -0.881923 -0.471394 0
    outer loop
      vertex -26.4386 -29.1661 0
      vertex -26.6237 -28.8198 20
      vertex -26.6237 -28.8198 0
    endloop
  endfacet
  facet normal -0.881923 -0.471394 0
    outer loop
      vertex -26.6237 -28.8198 20
      vertex -26.4386 -29.1661 0
      vertex -26.4386 -29.1661 20
    endloop
  endfacet
  facet normal 0.683678 -0.729783 0
    outer loop
      vertex -36.0624 -27.5772 0
      vertex -35.7759 -27.3088 20
      vertex -36.0624 -27.5772 20
    endloop
  endfacet
  facet normal 0.683678 -0.729783 0
    outer loop
      vertex -35.7759 -27.3088 20
      vertex -36.0624 -27.5772 0
      vertex -35.7759 -27.3088 0
    endloop
  endfacet
  facet normal 0.0980413 0.995182 -0
    outer loop
      vertex -32.2122 -37.807 0
      vertex -32.603 -37.7685 20
      vertex -32.2122 -37.807 20
    endloop
  endfacet
  facet normal 0.0980413 0.995182 0
    outer loop
      vertex -32.603 -37.7685 20
      vertex -32.2122 -37.807 0
      vertex -32.603 -37.7685 0
    endloop
  endfacet
  facet normal 0.352212 -0.93592 0
    outer loop
      vertex -34.1159 -26.2765 0
      vertex -33.7484 -26.1382 20
      vertex -34.1159 -26.2765 20
    endloop
  endfacet
  facet normal 0.352212 -0.93592 0
    outer loop
      vertex -33.7484 -26.1382 20
      vertex -34.1159 -26.2765 0
      vertex -33.7484 -26.1382 0
    endloop
  endfacet
  facet normal 0.849112 0.528212 0
    outer loop
      vertex -36.8086 -35.1532 20
      vertex -37.016 -34.8198 0
      vertex -37.016 -34.8198 20
    endloop
  endfacet
  facet normal 0.849112 0.528212 0
    outer loop
      vertex -37.016 -34.8198 0
      vertex -36.8086 -35.1532 20
      vertex -36.8086 -35.1532 0
    endloop
  endfacet
  facet normal 0.582418 0.812889 -0
    outer loop
      vertex -35.1532 -36.8086 0
      vertex -35.4724 -36.5799 20
      vertex -35.1532 -36.8086 20
    endloop
  endfacet
  facet normal 0.582418 0.812889 0
    outer loop
      vertex -35.4724 -36.5799 20
      vertex -35.1532 -36.8086 0
      vertex -35.4724 -36.5799 0
    endloop
  endfacet
  facet normal 0.973913 -0.226924 0
    outer loop
      vertex -37.7045 -30.6493 20
      vertex -37.6154 -30.2669 0
      vertex -37.6154 -30.2669 20
    endloop
  endfacet
  facet normal 0.973913 -0.226924 0
    outer loop
      vertex -37.6154 -30.2669 0
      vertex -37.7045 -30.6493 20
      vertex -37.7045 -30.6493 0
    endloop
  endfacet
  facet normal -0.93592 -0.352212 0
    outer loop
      vertex -26.1382 -29.8912 0
      vertex -26.2765 -29.5237 20
      vertex -26.2765 -29.5237 0
    endloop
  endfacet
  facet normal -0.93592 -0.352212 0
    outer loop
      vertex -26.2765 -29.5237 20
      vertex -26.1382 -29.8912 0
      vertex -26.1382 -29.8912 20
    endloop
  endfacet
  facet normal -0.528212 0.849112 0
    outer loop
      vertex -28.4864 -36.8086 0
      vertex -28.8198 -37.016 20
      vertex -28.4864 -36.8086 20
    endloop
  endfacet
  facet normal -0.528212 0.849112 0
    outer loop
      vertex -28.8198 -37.016 20
      vertex -28.4864 -36.8086 0
      vertex -28.8198 -37.016 0
    endloop
  endfacet
  facet normal -0.910793 0.412862 0
    outer loop
      vertex -26.4386 -34.4735 0
      vertex -26.2765 -34.1159 20
      vertex -26.2765 -34.1159 0
    endloop
  endfacet
  facet normal -0.910793 0.412862 0
    outer loop
      vertex -26.2765 -34.1159 20
      vertex -26.4386 -34.4735 0
      vertex -26.4386 -34.4735 20
    endloop
  endfacet
  facet normal 0.63443 0.77298 -0
    outer loop
      vertex -35.4724 -36.5799 0
      vertex -35.7759 -36.3308 20
      vertex -35.4724 -36.5799 20
    endloop
  endfacet
  facet normal 0.63443 0.77298 0
    outer loop
      vertex -35.7759 -36.3308 20
      vertex -35.4724 -36.5799 0
      vertex -35.7759 -36.3308 0
    endloop
  endfacet
  facet normal -0.471196 0.882028 0
    outer loop
      vertex -28.8198 -37.016 0
      vertex -29.1661 -37.201 20
      vertex -28.8198 -37.016 20
    endloop
  endfacet
  facet normal -0.471196 0.882028 0
    outer loop
      vertex -29.1661 -37.201 20
      vertex -28.8198 -37.016 0
      vertex -29.1661 -37.201 0
    endloop
  endfacet
  facet normal 0.683678 0.729783 -0
    outer loop
      vertex -35.7759 -36.3308 0
      vertex -36.0624 -36.0624 20
      vertex -35.7759 -36.3308 20
    endloop
  endfacet
  facet normal 0.683678 0.729783 0
    outer loop
      vertex -36.0624 -36.0624 20
      vertex -35.7759 -36.3308 0
      vertex -36.0624 -36.0624 0
    endloop
  endfacet
  facet normal -0.163036 -0.98662 0
    outer loop
      vertex -31.0366 -25.8711 0
      vertex -30.6493 -25.9351 20
      vertex -31.0366 -25.8711 20
    endloop
  endfacet
  facet normal -0.163036 -0.98662 -0
    outer loop
      vertex -30.6493 -25.9351 20
      vertex -31.0366 -25.8711 0
      vertex -30.6493 -25.9351 0
    endloop
  endfacet
  facet normal -0.93592 0.352212 0
    outer loop
      vertex -26.2765 -34.1159 0
      vertex -26.1382 -33.7484 20
      vertex -26.1382 -33.7484 0
    endloop
  endfacet
  facet normal -0.93592 0.352212 0
    outer loop
      vertex -26.1382 -33.7484 20
      vertex -26.2765 -34.1159 0
      vertex -26.2765 -34.1159 20
    endloop
  endfacet
  facet normal 0.0328569 -0.99946 0
    outer loop
      vertex -32.2122 -25.8327 0
      vertex -31.8198 -25.8198 20
      vertex -32.2122 -25.8327 20
    endloop
  endfacet
  facet normal 0.0328569 -0.99946 0
    outer loop
      vertex -31.8198 -25.8198 20
      vertex -32.2122 -25.8327 0
      vertex -31.8198 -25.8198 0
    endloop
  endfacet
  facet normal -0.290128 -0.956988 0
    outer loop
      vertex -30.2669 -26.0243 0
      vertex -29.8912 -26.1382 20
      vertex -30.2669 -26.0243 20
    endloop
  endfacet
  facet normal -0.290128 -0.956988 -0
    outer loop
      vertex -29.8912 -26.1382 20
      vertex -30.2669 -26.0243 0
      vertex -29.8912 -26.1382 0
    endloop
  endfacet
  facet normal -0.163036 0.98662 0
    outer loop
      vertex -30.6493 -37.7045 0
      vertex -31.0366 -37.7685 20
      vertex -30.6493 -37.7045 20
    endloop
  endfacet
  facet normal -0.163036 0.98662 0
    outer loop
      vertex -31.0366 -37.7685 20
      vertex -30.6493 -37.7045 0
      vertex -31.0366 -37.7685 0
    endloop
  endfacet
  facet normal -0.63443 0.77298 0
    outer loop
      vertex -27.8637 -36.3308 0
      vertex -28.1672 -36.5799 20
      vertex -27.8637 -36.3308 20
    endloop
  endfacet
  facet normal -0.63443 0.77298 0
    outer loop
      vertex -28.1672 -36.5799 20
      vertex -27.8637 -36.3308 0
      vertex -28.1672 -36.5799 0
    endloop
  endfacet
  facet normal -0.412862 0.910793 0
    outer loop
      vertex -29.1661 -37.201 0
      vertex -29.5237 -37.3631 20
      vertex -29.1661 -37.201 20
    endloop
  endfacet
  facet normal -0.412862 0.910793 0
    outer loop
      vertex -29.5237 -37.3631 20
      vertex -29.1661 -37.201 0
      vertex -29.5237 -37.3631 0
    endloop
  endfacet
  facet normal 0.226924 0.973913 -0
    outer loop
      vertex -32.9903 -37.7045 0
      vertex -33.3727 -37.6154 20
      vertex -32.9903 -37.7045 20
    endloop
  endfacet
  facet normal 0.226924 0.973913 0
    outer loop
      vertex -33.3727 -37.6154 20
      vertex -32.9903 -37.7045 0
      vertex -33.3727 -37.6154 0
    endloop
  endfacet
  facet normal -0.910793 -0.412862 0
    outer loop
      vertex -26.2765 -29.5237 0
      vertex -26.4386 -29.1661 20
      vertex -26.4386 -29.1661 0
    endloop
  endfacet
  facet normal -0.910793 -0.412862 0
    outer loop
      vertex -26.4386 -29.1661 20
      vertex -26.2765 -29.5237 0
      vertex -26.2765 -29.5237 20
    endloop
  endfacet
  facet normal 0.471196 0.882028 -0
    outer loop
      vertex -34.4735 -37.201 0
      vertex -34.8198 -37.016 20
      vertex -34.4735 -37.201 20
    endloop
  endfacet
  facet normal 0.471196 0.882028 0
    outer loop
      vertex -34.8198 -37.016 20
      vertex -34.4735 -37.201 0
      vertex -34.8198 -37.016 0
    endloop
  endfacet
  facet normal 0.93592 -0.352212 0
    outer loop
      vertex -37.5014 -29.8912 20
      vertex -37.3631 -29.5237 0
      vertex -37.3631 -29.5237 20
    endloop
  endfacet
  facet normal 0.93592 -0.352212 0
    outer loop
      vertex -37.3631 -29.5237 0
      vertex -37.5014 -29.8912 20
      vertex -37.5014 -29.8912 0
    endloop
  endfacet
  facet normal 0.882028 -0.471196 0
    outer loop
      vertex -37.201 -29.1661 20
      vertex -37.016 -28.8198 0
      vertex -37.016 -28.8198 20
    endloop
  endfacet
  facet normal 0.882028 -0.471196 0
    outer loop
      vertex -37.016 -28.8198 0
      vertex -37.201 -29.1661 20
      vertex -37.201 -29.1661 0
    endloop
  endfacet
  facet normal 0.412862 0.910793 -0
    outer loop
      vertex -34.1159 -37.3631 0
      vertex -34.4735 -37.201 20
      vertex -34.1159 -37.3631 20
    endloop
  endfacet
  facet normal 0.412862 0.910793 0
    outer loop
      vertex -34.4735 -37.201 20
      vertex -34.1159 -37.3631 0
      vertex -34.4735 -37.201 0
    endloop
  endfacet
  facet normal 0.910793 -0.412862 0
    outer loop
      vertex -37.3631 -29.5237 20
      vertex -37.201 -29.1661 0
      vertex -37.201 -29.1661 20
    endloop
  endfacet
  facet normal 0.910793 -0.412862 0
    outer loop
      vertex -37.201 -29.1661 0
      vertex -37.3631 -29.5237 20
      vertex -37.3631 -29.5237 0
    endloop
  endfacet
  facet normal -0.995182 -0.0980413 0
    outer loop
      vertex 37.807 -31.4274 0
      vertex 37.7685 -31.0366 20
      vertex 37.7685 -31.0366 0
    endloop
  endfacet
  facet normal -0.995182 -0.0980413 0
    outer loop
      vertex 37.7685 -31.0366 20
      vertex 37.807 -31.4274 0
      vertex 37.807 -31.4274 20
    endloop
  endfacet
  facet normal -0.999468 -0.0326024 0
    outer loop
      vertex 37.8198 -31.8198 0
      vertex 37.807 -31.4274 20
      vertex 37.807 -31.4274 0
    endloop
  endfacet
  facet normal -0.999468 -0.0326024 0
    outer loop
      vertex 37.807 -31.4274 20
      vertex 37.8198 -31.8198 0
      vertex 37.8198 -31.8198 20
    endloop
  endfacet
  facet normal -0.98662 -0.163036 0
    outer loop
      vertex 37.7685 -31.0366 0
      vertex 37.7045 -30.6493 20
      vertex 37.7045 -30.6493 0
    endloop
  endfacet
  facet normal -0.98662 -0.163036 0
    outer loop
      vertex 37.7045 -30.6493 20
      vertex 37.7685 -31.0366 0
      vertex 37.7685 -31.0366 20
    endloop
  endfacet
  facet normal -0.973913 -0.226924 0
    outer loop
      vertex 37.7045 -30.6493 0
      vertex 37.6154 -30.2669 20
      vertex 37.6154 -30.2669 0
    endloop
  endfacet
  facet normal -0.973913 -0.226924 0
    outer loop
      vertex 37.6154 -30.2669 20
      vertex 37.7045 -30.6493 0
      vertex 37.7045 -30.6493 20
    endloop
  endfacet
  facet normal 0.63443 -0.77298 0
    outer loop
      vertex 27.8637 -27.3088 0
      vertex 28.1672 -27.0597 20
      vertex 27.8637 -27.3088 20
    endloop
  endfacet
  facet normal 0.63443 -0.77298 0
    outer loop
      vertex 28.1672 -27.0597 20
      vertex 27.8637 -27.3088 0
      vertex 28.1672 -27.0597 0
    endloop
  endfacet
  facet normal -0.93592 -0.352212 0
    outer loop
      vertex 37.5014 -29.8912 0
      vertex 37.3631 -29.5237 20
      vertex 37.3631 -29.5237 0
    endloop
  endfacet
  facet normal -0.93592 -0.352212 0
    outer loop
      vertex 37.3631 -29.5237 20
      vertex 37.5014 -29.8912 0
      vertex 37.5014 -29.8912 20
    endloop
  endfacet
  facet normal -0.93592 0.352212 0
    outer loop
      vertex 37.3631 -34.1159 0
      vertex 37.5014 -33.7484 20
      vertex 37.5014 -33.7484 0
    endloop
  endfacet
  facet normal -0.93592 0.352212 0
    outer loop
      vertex 37.5014 -33.7484 20
      vertex 37.3631 -34.1159 0
      vertex 37.3631 -34.1159 20
    endloop
  endfacet
  facet normal -0.812889 -0.582418 0
    outer loop
      vertex 36.8086 -28.4864 0
      vertex 36.5799 -28.1672 20
      vertex 36.5799 -28.1672 0
    endloop
  endfacet
  facet normal -0.812889 -0.582418 0
    outer loop
      vertex 36.5799 -28.1672 20
      vertex 36.8086 -28.4864 0
      vertex 36.8086 -28.4864 20
    endloop
  endfacet
  facet normal 0.290128 -0.956988 0
    outer loop
      vertex 29.8912 -26.1382 0
      vertex 30.2669 -26.0243 20
      vertex 29.8912 -26.1382 20
    endloop
  endfacet
  facet normal 0.290128 -0.956988 0
    outer loop
      vertex 30.2669 -26.0243 20
      vertex 29.8912 -26.1382 0
      vertex 30.2669 -26.0243 0
    endloop
  endfacet
  facet normal 0.290361 0.956917 -0
    outer loop
      vertex 30.2669 -37.6154 0
      vertex 29.8912 -37.5014 20
      vertex 30.2669 -37.6154 20
    endloop
  endfacet
  facet normal 0.290361 0.956917 0
    outer loop
      vertex 29.8912 -37.5014 20
      vertex 30.2669 -37.6154 0
      vertex 29.8912 -37.5014 0
    endloop
  endfacet
  facet normal -0.995182 0.0980413 0
    outer loop
      vertex 37.7685 -32.603 0
      vertex 37.807 -32.2122 20
      vertex 37.807 -32.2122 0
    endloop
  endfacet
  facet normal -0.995182 0.0980413 0
    outer loop
      vertex 37.807 -32.2122 20
      vertex 37.7685 -32.603 0
      vertex 37.7685 -32.603 20
    endloop
  endfacet
  facet normal 0.98662 0.163036 0
    outer loop
      vertex 25.9351 -32.9903 20
      vertex 25.8711 -32.603 0
      vertex 25.8711 -32.603 20
    endloop
  endfacet
  facet normal 0.98662 0.163036 0
    outer loop
      vertex 25.8711 -32.603 0
      vertex 25.9351 -32.9903 20
      vertex 25.9351 -32.9903 0
    endloop
  endfacet
  facet normal -0.0326024 0.999468 0
    outer loop
      vertex 32.2122 -37.807 0
      vertex 31.8198 -37.8198 20
      vertex 32.2122 -37.807 20
    endloop
  endfacet
  facet normal -0.0326024 0.999468 0
    outer loop
      vertex 31.8198 -37.8198 20
      vertex 32.2122 -37.807 0
      vertex 31.8198 -37.8198 0
    endloop
  endfacet
  facet normal -0.63443 0.77298 0
    outer loop
      vertex 35.7759 -36.3308 0
      vertex 35.4724 -36.5799 20
      vertex 35.7759 -36.3308 20
    endloop
  endfacet
  facet normal -0.63443 0.77298 0
    outer loop
      vertex 35.4724 -36.5799 20
      vertex 35.7759 -36.3308 0
      vertex 35.4724 -36.5799 0
    endloop
  endfacet
  facet normal -0.352212 0.93592 0
    outer loop
      vertex 34.1159 -37.3631 0
      vertex 33.7484 -37.5014 20
      vertex 34.1159 -37.3631 20
    endloop
  endfacet
  facet normal -0.352212 0.93592 0
    outer loop
      vertex 33.7484 -37.5014 20
      vertex 34.1159 -37.3631 0
      vertex 33.7484 -37.5014 0
    endloop
  endfacet
  facet normal -0.973913 0.226924 0
    outer loop
      vertex 37.6154 -33.3727 0
      vertex 37.7045 -32.9903 20
      vertex 37.7045 -32.9903 0
    endloop
  endfacet
  facet normal -0.973913 0.226924 0
    outer loop
      vertex 37.7045 -32.9903 20
      vertex 37.6154 -33.3727 0
      vertex 37.6154 -33.3727 20
    endloop
  endfacet
  facet normal -0.849112 -0.528212 0
    outer loop
      vertex 37.016 -28.8198 0
      vertex 36.8086 -28.4864 20
      vertex 36.8086 -28.4864 0
    endloop
  endfacet
  facet normal -0.849112 -0.528212 0
    outer loop
      vertex 36.8086 -28.4864 20
      vertex 37.016 -28.8198 0
      vertex 37.016 -28.8198 20
    endloop
  endfacet
  facet normal -0.0980413 0.995182 0
    outer loop
      vertex 32.603 -37.7685 0
      vertex 32.2122 -37.807 20
      vertex 32.603 -37.7685 20
    endloop
  endfacet
  facet normal -0.0980413 0.995182 0
    outer loop
      vertex 32.2122 -37.807 20
      vertex 32.603 -37.7685 0
      vertex 32.2122 -37.807 0
    endloop
  endfacet
  facet normal -0.956917 0.290361 0
    outer loop
      vertex 37.5014 -33.7484 0
      vertex 37.6154 -33.3727 20
      vertex 37.6154 -33.3727 0
    endloop
  endfacet
  facet normal -0.956917 0.290361 0
    outer loop
      vertex 37.6154 -33.3727 20
      vertex 37.5014 -33.7484 0
      vertex 37.5014 -33.7484 20
    endloop
  endfacet
  facet normal 0.528028 -0.849227 0
    outer loop
      vertex 28.4864 -26.831 0
      vertex 28.8198 -26.6237 20
      vertex 28.4864 -26.831 20
    endloop
  endfacet
  facet normal 0.528028 -0.849227 0
    outer loop
      vertex 28.8198 -26.6237 20
      vertex 28.4864 -26.831 0
      vertex 28.8198 -26.6237 0
    endloop
  endfacet
  facet normal 0.63443 0.77298 -0
    outer loop
      vertex 28.1672 -36.5799 0
      vertex 27.8637 -36.3308 20
      vertex 28.1672 -36.5799 20
    endloop
  endfacet
  facet normal 0.63443 0.77298 0
    outer loop
      vertex 27.8637 -36.3308 20
      vertex 28.1672 -36.5799 0
      vertex 27.8637 -36.3308 0
    endloop
  endfacet
  facet normal -0.812889 0.582418 0
    outer loop
      vertex 36.5799 -35.4724 0
      vertex 36.8086 -35.1532 20
      vertex 36.8086 -35.1532 0
    endloop
  endfacet
  facet normal -0.812889 0.582418 0
    outer loop
      vertex 36.8086 -35.1532 20
      vertex 36.5799 -35.4724 0
      vertex 36.5799 -35.4724 20
    endloop
  endfacet
  facet normal -0.528028 -0.849227 0
    outer loop
      vertex 34.8198 -26.6237 0
      vertex 35.1532 -26.831 20
      vertex 34.8198 -26.6237 20
    endloop
  endfacet
  facet normal -0.528028 -0.849227 -0
    outer loop
      vertex 35.1532 -26.831 20
      vertex 34.8198 -26.6237 0
      vertex 35.1532 -26.831 0
    endloop
  endfacet
  facet normal 0.910793 -0.412862 0
    outer loop
      vertex 26.2765 -29.5237 20
      vertex 26.4386 -29.1661 0
      vertex 26.4386 -29.1661 20
    endloop
  endfacet
  facet normal 0.910793 -0.412862 0
    outer loop
      vertex 26.4386 -29.1661 0
      vertex 26.2765 -29.5237 20
      vertex 26.2765 -29.5237 0
    endloop
  endfacet
  facet normal -0.77298 -0.63443 0
    outer loop
      vertex 36.5799 -28.1672 0
      vertex 36.3308 -27.8637 20
      vertex 36.3308 -27.8637 0
    endloop
  endfacet
  facet normal -0.77298 -0.63443 0
    outer loop
      vertex 36.3308 -27.8637 20
      vertex 36.5799 -28.1672 0
      vertex 36.5799 -28.1672 20
    endloop
  endfacet
  facet normal -0.227165 -0.973856 0
    outer loop
      vertex 32.9903 -25.9351 0
      vertex 33.3727 -26.0243 20
      vertex 32.9903 -25.9351 20
    endloop
  endfacet
  facet normal -0.227165 -0.973856 -0
    outer loop
      vertex 33.3727 -26.0243 20
      vertex 32.9903 -25.9351 0
      vertex 33.3727 -26.0243 0
    endloop
  endfacet
  facet normal 0.227165 -0.973856 0
    outer loop
      vertex 30.2669 -26.0243 0
      vertex 30.6493 -25.9351 20
      vertex 30.2669 -26.0243 20
    endloop
  endfacet
  facet normal 0.227165 -0.973856 0
    outer loop
      vertex 30.6493 -25.9351 20
      vertex 30.2669 -26.0243 0
      vertex 30.6493 -25.9351 0
    endloop
  endfacet
  facet normal 0.412862 -0.910793 0
    outer loop
      vertex 29.1661 -26.4386 0
      vertex 29.5237 -26.2765 20
      vertex 29.1661 -26.4386 20
    endloop
  endfacet
  facet normal 0.412862 -0.910793 0
    outer loop
      vertex 29.5237 -26.2765 20
      vertex 29.1661 -26.4386 0
      vertex 29.5237 -26.2765 0
    endloop
  endfacet
  facet normal -0.683678 -0.729783 0
    outer loop
      vertex 35.7759 -27.3088 0
      vertex 36.0624 -27.5772 20
      vertex 35.7759 -27.3088 20
    endloop
  endfacet
  facet normal -0.683678 -0.729783 -0
    outer loop
      vertex 36.0624 -27.5772 20
      vertex 35.7759 -27.3088 0
      vertex 36.0624 -27.5772 0
    endloop
  endfacet
  facet normal 0.956988 -0.290128 0
    outer loop
      vertex 26.0243 -30.2669 20
      vertex 26.1382 -29.8912 0
      vertex 26.1382 -29.8912 20
    endloop
  endfacet
  facet normal 0.956988 -0.290128 0
    outer loop
      vertex 26.1382 -29.8912 0
      vertex 26.0243 -30.2669 20
      vertex 26.0243 -30.2669 0
    endloop
  endfacet
  facet normal -0.582418 0.812889 0
    outer loop
      vertex 35.4724 -36.5799 0
      vertex 35.1532 -36.8086 20
      vertex 35.4724 -36.5799 20
    endloop
  endfacet
  facet normal -0.582418 0.812889 0
    outer loop
      vertex 35.1532 -36.8086 20
      vertex 35.4724 -36.5799 0
      vertex 35.1532 -36.8086 0
    endloop
  endfacet
  facet normal 0.910793 0.412862 0
    outer loop
      vertex 26.4386 -34.4735 20
      vertex 26.2765 -34.1159 0
      vertex 26.2765 -34.1159 20
    endloop
  endfacet
  facet normal 0.910793 0.412862 0
    outer loop
      vertex 26.2765 -34.1159 0
      vertex 26.4386 -34.4735 20
      vertex 26.4386 -34.4735 0
    endloop
  endfacet
  facet normal -0.882028 -0.471196 0
    outer loop
      vertex 37.201 -29.1661 0
      vertex 37.016 -28.8198 20
      vertex 37.016 -28.8198 0
    endloop
  endfacet
  facet normal -0.882028 -0.471196 0
    outer loop
      vertex 37.016 -28.8198 20
      vertex 37.201 -29.1661 0
      vertex 37.201 -29.1661 20
    endloop
  endfacet
  facet normal -0.163036 -0.98662 0
    outer loop
      vertex 32.603 -25.8711 0
      vertex 32.9903 -25.9351 20
      vertex 32.603 -25.8711 20
    endloop
  endfacet
  facet normal -0.163036 -0.98662 -0
    outer loop
      vertex 32.9903 -25.9351 20
      vertex 32.603 -25.8711 0
      vertex 32.9903 -25.9351 0
    endloop
  endfacet
  facet normal -0.849112 0.528212 0
    outer loop
      vertex 36.8086 -35.1532 0
      vertex 37.016 -34.8198 20
      vertex 37.016 -34.8198 0
    endloop
  endfacet
  facet normal -0.849112 0.528212 0
    outer loop
      vertex 37.016 -34.8198 20
      vertex 36.8086 -35.1532 0
      vertex 36.8086 -35.1532 20
    endloop
  endfacet
  facet normal -0.352212 -0.93592 0
    outer loop
      vertex 33.7484 -26.1382 0
      vertex 34.1159 -26.2765 20
      vertex 33.7484 -26.1382 20
    endloop
  endfacet
  facet normal -0.352212 -0.93592 -0
    outer loop
      vertex 34.1159 -26.2765 20
      vertex 33.7484 -26.1382 0
      vertex 34.1159 -26.2765 0
    endloop
  endfacet
  facet normal -0.582418 -0.812889 0
    outer loop
      vertex 35.1532 -26.831 0
      vertex 35.4724 -27.0597 20
      vertex 35.1532 -26.831 20
    endloop
  endfacet
  facet normal -0.582418 -0.812889 -0
    outer loop
      vertex 35.4724 -27.0597 20
      vertex 35.1532 -26.831 0
      vertex 35.4724 -27.0597 0
    endloop
  endfacet
  facet normal 0.0326024 0.999468 -0
    outer loop
      vertex 31.8198 -37.8198 0
      vertex 31.4274 -37.807 20
      vertex 31.8198 -37.8198 20
    endloop
  endfacet
  facet normal 0.0326024 0.999468 0
    outer loop
      vertex 31.4274 -37.807 20
      vertex 31.8198 -37.8198 0
      vertex 31.4274 -37.807 0
    endloop
  endfacet
  facet normal 0.995207 0.097789 0
    outer loop
      vertex 25.8711 -32.603 20
      vertex 25.8327 -32.2122 0
      vertex 25.8327 -32.2122 20
    endloop
  endfacet
  facet normal 0.995207 0.097789 0
    outer loop
      vertex 25.8327 -32.2122 0
      vertex 25.8711 -32.603 20
      vertex 25.8711 -32.603 0
    endloop
  endfacet
  facet normal 0.683678 -0.729783 0
    outer loop
      vertex 27.5772 -27.5772 0
      vertex 27.8637 -27.3088 20
      vertex 27.5772 -27.5772 20
    endloop
  endfacet
  facet normal 0.683678 -0.729783 0
    outer loop
      vertex 27.8637 -27.3088 20
      vertex 27.5772 -27.5772 0
      vertex 27.8637 -27.3088 0
    endloop
  endfacet
  facet normal -0.956917 -0.290361 0
    outer loop
      vertex 37.6154 -30.2669 0
      vertex 37.5014 -29.8912 20
      vertex 37.5014 -29.8912 0
    endloop
  endfacet
  facet normal -0.956917 -0.290361 0
    outer loop
      vertex 37.5014 -29.8912 20
      vertex 37.6154 -30.2669 0
      vertex 37.6154 -30.2669 20
    endloop
  endfacet
  facet normal 0.0980413 0.995182 -0
    outer loop
      vertex 31.4274 -37.807 0
      vertex 31.0366 -37.7685 20
      vertex 31.4274 -37.807 20
    endloop
  endfacet
  facet normal 0.0980413 0.995182 0
    outer loop
      vertex 31.0366 -37.7685 20
      vertex 31.4274 -37.807 0
      vertex 31.0366 -37.7685 0
    endloop
  endfacet
  facet normal -0.882028 0.471196 0
    outer loop
      vertex 37.016 -34.8198 0
      vertex 37.201 -34.4735 20
      vertex 37.201 -34.4735 0
    endloop
  endfacet
  facet normal -0.882028 0.471196 0
    outer loop
      vertex 37.201 -34.4735 20
      vertex 37.016 -34.8198 0
      vertex 37.016 -34.8198 20
    endloop
  endfacet
  facet normal -0.729783 -0.683678 0
    outer loop
      vertex 36.3308 -27.8637 0
      vertex 36.0624 -27.5772 20
      vertex 36.0624 -27.5772 0
    endloop
  endfacet
  facet normal -0.729783 -0.683678 0
    outer loop
      vertex 36.0624 -27.5772 20
      vertex 36.3308 -27.8637 0
      vertex 36.3308 -27.8637 20
    endloop
  endfacet
  facet normal 0.77298 0.63443 0
    outer loop
      vertex 27.3088 -35.7759 20
      vertex 27.0597 -35.4724 0
      vertex 27.0597 -35.4724 20
    endloop
  endfacet
  facet normal 0.77298 0.63443 0
    outer loop
      vertex 27.0597 -35.4724 0
      vertex 27.3088 -35.7759 20
      vertex 27.3088 -35.7759 0
    endloop
  endfacet
  facet normal -0.471394 -0.881923 0
    outer loop
      vertex 34.4735 -26.4386 0
      vertex 34.8198 -26.6237 20
      vertex 34.4735 -26.4386 20
    endloop
  endfacet
  facet normal -0.471394 -0.881923 -0
    outer loop
      vertex 34.8198 -26.6237 20
      vertex 34.4735 -26.4386 0
      vertex 34.8198 -26.6237 0
    endloop
  endfacet
  facet normal 0.849227 0.528028 0
    outer loop
      vertex 26.831 -35.1532 20
      vertex 26.6237 -34.8198 0
      vertex 26.6237 -34.8198 20
    endloop
  endfacet
  facet normal 0.849227 0.528028 0
    outer loop
      vertex 26.6237 -34.8198 0
      vertex 26.831 -35.1532 20
      vertex 26.831 -35.1532 0
    endloop
  endfacet
  facet normal 0.93592 0.352212 0
    outer loop
      vertex 26.2765 -34.1159 20
      vertex 26.1382 -33.7484 0
      vertex 26.1382 -33.7484 20
    endloop
  endfacet
  facet normal 0.93592 0.352212 0
    outer loop
      vertex 26.1382 -33.7484 0
      vertex 26.2765 -34.1159 20
      vertex 26.2765 -34.1159 0
    endloop
  endfacet
  facet normal 0.729783 -0.683678 0
    outer loop
      vertex 27.3088 -27.8637 20
      vertex 27.5772 -27.5772 0
      vertex 27.5772 -27.5772 20
    endloop
  endfacet
  facet normal 0.729783 -0.683678 0
    outer loop
      vertex 27.5772 -27.5772 0
      vertex 27.3088 -27.8637 20
      vertex 27.3088 -27.8637 0
    endloop
  endfacet
  facet normal 0.582418 -0.812889 0
    outer loop
      vertex 28.1672 -27.0597 0
      vertex 28.4864 -26.831 20
      vertex 28.1672 -27.0597 20
    endloop
  endfacet
  facet normal 0.582418 -0.812889 0
    outer loop
      vertex 28.4864 -26.831 20
      vertex 28.1672 -27.0597 0
      vertex 28.4864 -26.831 0
    endloop
  endfacet
  facet normal -0.0328569 -0.99946 0
    outer loop
      vertex 31.8198 -25.8198 0
      vertex 32.2122 -25.8327 20
      vertex 31.8198 -25.8198 20
    endloop
  endfacet
  facet normal -0.0328569 -0.99946 -0
    outer loop
      vertex 32.2122 -25.8327 20
      vertex 31.8198 -25.8198 0
      vertex 32.2122 -25.8327 0
    endloop
  endfacet
  facet normal -0.097789 -0.995207 0
    outer loop
      vertex 32.2122 -25.8327 0
      vertex 32.603 -25.8711 20
      vertex 32.2122 -25.8327 20
    endloop
  endfacet
  facet normal -0.097789 -0.995207 -0
    outer loop
      vertex 32.603 -25.8711 20
      vertex 32.2122 -25.8327 0
      vertex 32.603 -25.8711 0
    endloop
  endfacet
  facet normal -0.412862 -0.910793 0
    outer loop
      vertex 34.1159 -26.2765 0
      vertex 34.4735 -26.4386 20
      vertex 34.1159 -26.2765 20
    endloop
  endfacet
  facet normal -0.412862 -0.910793 -0
    outer loop
      vertex 34.4735 -26.4386 20
      vertex 34.1159 -26.2765 0
      vertex 34.4735 -26.4386 0
    endloop
  endfacet
  facet normal 0.77298 -0.63443 0
    outer loop
      vertex 27.0597 -28.1672 20
      vertex 27.3088 -27.8637 0
      vertex 27.3088 -27.8637 20
    endloop
  endfacet
  facet normal 0.77298 -0.63443 0
    outer loop
      vertex 27.3088 -27.8637 0
      vertex 27.0597 -28.1672 20
      vertex 27.0597 -28.1672 0
    endloop
  endfacet
  facet normal -0.226924 0.973913 0
    outer loop
      vertex 33.3727 -37.6154 0
      vertex 32.9903 -37.7045 20
      vertex 33.3727 -37.6154 20
    endloop
  endfacet
  facet normal -0.226924 0.973913 0
    outer loop
      vertex 32.9903 -37.7045 20
      vertex 33.3727 -37.6154 0
      vertex 32.9903 -37.7045 0
    endloop
  endfacet
  facet normal -0.999468 0.0326024 0
    outer loop
      vertex 37.807 -32.2122 0
      vertex 37.8198 -31.8198 20
      vertex 37.8198 -31.8198 0
    endloop
  endfacet
  facet normal -0.999468 0.0326024 0
    outer loop
      vertex 37.8198 -31.8198 20
      vertex 37.807 -32.2122 0
      vertex 37.807 -32.2122 20
    endloop
  endfacet
  facet normal -0.471196 0.882028 0
    outer loop
      vertex 34.8198 -37.016 0
      vertex 34.4735 -37.201 20
      vertex 34.8198 -37.016 20
    endloop
  endfacet
  facet normal -0.471196 0.882028 0
    outer loop
      vertex 34.4735 -37.201 20
      vertex 34.8198 -37.016 0
      vertex 34.4735 -37.201 0
    endloop
  endfacet
  facet normal -0.683678 0.729783 0
    outer loop
      vertex 36.0624 -36.0624 0
      vertex 35.7759 -36.3308 20
      vertex 36.0624 -36.0624 20
    endloop
  endfacet
  facet normal -0.683678 0.729783 0
    outer loop
      vertex 35.7759 -36.3308 20
      vertex 36.0624 -36.0624 0
      vertex 35.7759 -36.3308 0
    endloop
  endfacet
  facet normal 0.973856 0.227165 0
    outer loop
      vertex 26.0243 -33.3727 20
      vertex 25.9351 -32.9903 0
      vertex 25.9351 -32.9903 20
    endloop
  endfacet
  facet normal 0.973856 0.227165 0
    outer loop
      vertex 25.9351 -32.9903 0
      vertex 26.0243 -33.3727 20
      vertex 26.0243 -33.3727 0
    endloop
  endfacet
  facet normal 0.956988 0.290128 0
    outer loop
      vertex 26.1382 -33.7484 20
      vertex 26.0243 -33.3727 0
      vertex 26.0243 -33.3727 20
    endloop
  endfacet
  facet normal 0.956988 0.290128 0
    outer loop
      vertex 26.0243 -33.3727 0
      vertex 26.1382 -33.7484 20
      vertex 26.1382 -33.7484 0
    endloop
  endfacet
  facet normal 0.881923 0.471394 0
    outer loop
      vertex 26.6237 -34.8198 20
      vertex 26.4386 -34.4735 0
      vertex 26.4386 -34.4735 20
    endloop
  endfacet
  facet normal 0.881923 0.471394 0
    outer loop
      vertex 26.4386 -34.4735 0
      vertex 26.6237 -34.8198 20
      vertex 26.6237 -34.8198 0
    endloop
  endfacet
  facet normal -0.910793 -0.412862 0
    outer loop
      vertex 37.3631 -29.5237 0
      vertex 37.201 -29.1661 20
      vertex 37.201 -29.1661 0
    endloop
  endfacet
  facet normal -0.910793 -0.412862 0
    outer loop
      vertex 37.201 -29.1661 20
      vertex 37.3631 -29.5237 0
      vertex 37.3631 -29.5237 20
    endloop
  endfacet
  facet normal -0.412862 0.910793 0
    outer loop
      vertex 34.4735 -37.201 0
      vertex 34.1159 -37.3631 20
      vertex 34.4735 -37.201 20
    endloop
  endfacet
  facet normal -0.412862 0.910793 0
    outer loop
      vertex 34.1159 -37.3631 20
      vertex 34.4735 -37.201 0
      vertex 34.1159 -37.3631 0
    endloop
  endfacet
  facet normal 0.93592 -0.352212 0
    outer loop
      vertex 26.1382 -29.8912 20
      vertex 26.2765 -29.5237 0
      vertex 26.2765 -29.5237 20
    endloop
  endfacet
  facet normal 0.93592 -0.352212 0
    outer loop
      vertex 26.2765 -29.5237 0
      vertex 26.1382 -29.8912 20
      vertex 26.1382 -29.8912 0
    endloop
  endfacet
  facet normal 0.352212 0.93592 -0
    outer loop
      vertex 29.8912 -37.5014 0
      vertex 29.5237 -37.3631 20
      vertex 29.8912 -37.5014 20
    endloop
  endfacet
  facet normal 0.352212 0.93592 0
    outer loop
      vertex 29.5237 -37.3631 20
      vertex 29.8912 -37.5014 0
      vertex 29.5237 -37.3631 0
    endloop
  endfacet
  facet normal 0.352212 -0.93592 0
    outer loop
      vertex 29.5237 -26.2765 0
      vertex 29.8912 -26.1382 20
      vertex 29.5237 -26.2765 20
    endloop
  endfacet
  facet normal 0.352212 -0.93592 0
    outer loop
      vertex 29.8912 -26.1382 20
      vertex 29.5237 -26.2765 0
      vertex 29.8912 -26.1382 0
    endloop
  endfacet
  facet normal 0.163036 -0.98662 0
    outer loop
      vertex 30.6493 -25.9351 0
      vertex 31.0366 -25.8711 20
      vertex 30.6493 -25.9351 20
    endloop
  endfacet
  facet normal 0.163036 -0.98662 0
    outer loop
      vertex 31.0366 -25.8711 20
      vertex 30.6493 -25.9351 0
      vertex 31.0366 -25.8711 0
    endloop
  endfacet
  facet normal -0.729783 0.683678 0
    outer loop
      vertex 36.0624 -36.0624 0
      vertex 36.3308 -35.7759 20
      vertex 36.3308 -35.7759 0
    endloop
  endfacet
  facet normal -0.729783 0.683678 0
    outer loop
      vertex 36.3308 -35.7759 20
      vertex 36.0624 -36.0624 0
      vertex 36.0624 -36.0624 20
    endloop
  endfacet
  facet normal 0.98662 -0.163036 0
    outer loop
      vertex 25.8711 -31.0366 20
      vertex 25.9351 -30.6493 0
      vertex 25.9351 -30.6493 20
    endloop
  endfacet
  facet normal 0.98662 -0.163036 0
    outer loop
      vertex 25.9351 -30.6493 0
      vertex 25.8711 -31.0366 20
      vertex 25.8711 -31.0366 0
    endloop
  endfacet
  facet normal -0.63443 -0.77298 0
    outer loop
      vertex 35.4724 -27.0597 0
      vertex 35.7759 -27.3088 20
      vertex 35.4724 -27.0597 20
    endloop
  endfacet
  facet normal -0.63443 -0.77298 -0
    outer loop
      vertex 35.7759 -27.3088 20
      vertex 35.4724 -27.0597 0
      vertex 35.7759 -27.3088 0
    endloop
  endfacet
  facet normal -0.163036 0.98662 0
    outer loop
      vertex 32.9903 -37.7045 0
      vertex 32.603 -37.7685 20
      vertex 32.9903 -37.7045 20
    endloop
  endfacet
  facet normal -0.163036 0.98662 0
    outer loop
      vertex 32.603 -37.7685 20
      vertex 32.9903 -37.7045 0
      vertex 32.603 -37.7685 0
    endloop
  endfacet
  facet normal 0.097789 -0.995207 0
    outer loop
      vertex 31.0366 -25.8711 0
      vertex 31.4274 -25.8327 20
      vertex 31.0366 -25.8711 20
    endloop
  endfacet
  facet normal 0.097789 -0.995207 0
    outer loop
      vertex 31.4274 -25.8327 20
      vertex 31.0366 -25.8711 0
      vertex 31.4274 -25.8327 0
    endloop
  endfacet
  facet normal 0.0328569 -0.99946 0
    outer loop
      vertex 31.4274 -25.8327 0
      vertex 31.8198 -25.8198 20
      vertex 31.4274 -25.8327 20
    endloop
  endfacet
  facet normal 0.0328569 -0.99946 0
    outer loop
      vertex 31.8198 -25.8198 20
      vertex 31.4274 -25.8327 0
      vertex 31.8198 -25.8198 0
    endloop
  endfacet
  facet normal 0.471394 -0.881923 0
    outer loop
      vertex 28.8198 -26.6237 0
      vertex 29.1661 -26.4386 20
      vertex 28.8198 -26.6237 20
    endloop
  endfacet
  facet normal 0.471394 -0.881923 0
    outer loop
      vertex 29.1661 -26.4386 20
      vertex 28.8198 -26.6237 0
      vertex 29.1661 -26.4386 0
    endloop
  endfacet
  facet normal 0.973856 -0.227165 0
    outer loop
      vertex 25.9351 -30.6493 20
      vertex 26.0243 -30.2669 0
      vertex 26.0243 -30.2669 20
    endloop
  endfacet
  facet normal 0.973856 -0.227165 0
    outer loop
      vertex 26.0243 -30.2669 0
      vertex 25.9351 -30.6493 20
      vertex 25.9351 -30.6493 0
    endloop
  endfacet
  facet normal -0.98662 0.163036 0
    outer loop
      vertex 37.7045 -32.9903 0
      vertex 37.7685 -32.603 20
      vertex 37.7685 -32.603 0
    endloop
  endfacet
  facet normal -0.98662 0.163036 0
    outer loop
      vertex 37.7685 -32.603 20
      vertex 37.7045 -32.9903 0
      vertex 37.7045 -32.9903 20
    endloop
  endfacet
  facet normal -0.528212 0.849112 0
    outer loop
      vertex 35.1532 -36.8086 0
      vertex 34.8198 -37.016 20
      vertex 35.1532 -36.8086 20
    endloop
  endfacet
  facet normal -0.528212 0.849112 0
    outer loop
      vertex 34.8198 -37.016 20
      vertex 35.1532 -36.8086 0
      vertex 34.8198 -37.016 0
    endloop
  endfacet
  facet normal 0.995207 -0.097789 0
    outer loop
      vertex 25.8327 -31.4274 20
      vertex 25.8711 -31.0366 0
      vertex 25.8711 -31.0366 20
    endloop
  endfacet
  facet normal 0.995207 -0.097789 0
    outer loop
      vertex 25.8711 -31.0366 0
      vertex 25.8327 -31.4274 20
      vertex 25.8327 -31.4274 0
    endloop
  endfacet
  facet normal 0.729783 0.683678 0
    outer loop
      vertex 27.5772 -36.0624 20
      vertex 27.3088 -35.7759 0
      vertex 27.3088 -35.7759 20
    endloop
  endfacet
  facet normal 0.729783 0.683678 0
    outer loop
      vertex 27.3088 -35.7759 0
      vertex 27.5772 -36.0624 20
      vertex 27.5772 -36.0624 0
    endloop
  endfacet
  facet normal 0.683678 0.729783 -0
    outer loop
      vertex 27.8637 -36.3308 0
      vertex 27.5772 -36.0624 20
      vertex 27.8637 -36.3308 20
    endloop
  endfacet
  facet normal 0.683678 0.729783 0
    outer loop
      vertex 27.5772 -36.0624 20
      vertex 27.8637 -36.3308 0
      vertex 27.5772 -36.0624 0
    endloop
  endfacet
  facet normal -0.77298 0.63443 0
    outer loop
      vertex 36.3308 -35.7759 0
      vertex 36.5799 -35.4724 20
      vertex 36.5799 -35.4724 0
    endloop
  endfacet
  facet normal -0.77298 0.63443 0
    outer loop
      vertex 36.5799 -35.4724 20
      vertex 36.3308 -35.7759 0
      vertex 36.3308 -35.7759 20
    endloop
  endfacet
  facet normal 0.812889 -0.582418 0
    outer loop
      vertex 26.831 -28.4864 20
      vertex 27.0597 -28.1672 0
      vertex 27.0597 -28.1672 20
    endloop
  endfacet
  facet normal 0.812889 -0.582418 0
    outer loop
      vertex 27.0597 -28.1672 0
      vertex 26.831 -28.4864 20
      vertex 26.831 -28.4864 0
    endloop
  endfacet
  facet normal 0.528212 0.849112 -0
    outer loop
      vertex 28.8198 -37.016 0
      vertex 28.4864 -36.8086 20
      vertex 28.8198 -37.016 20
    endloop
  endfacet
  facet normal 0.528212 0.849112 0
    outer loop
      vertex 28.4864 -36.8086 20
      vertex 28.8198 -37.016 0
      vertex 28.4864 -36.8086 0
    endloop
  endfacet
  facet normal 0.849227 -0.528028 0
    outer loop
      vertex 26.6237 -28.8198 20
      vertex 26.831 -28.4864 0
      vertex 26.831 -28.4864 20
    endloop
  endfacet
  facet normal 0.849227 -0.528028 0
    outer loop
      vertex 26.831 -28.4864 0
      vertex 26.6237 -28.8198 20
      vertex 26.6237 -28.8198 0
    endloop
  endfacet
  facet normal -0.290361 0.956917 0
    outer loop
      vertex 33.7484 -37.5014 0
      vertex 33.3727 -37.6154 20
      vertex 33.7484 -37.5014 20
    endloop
  endfacet
  facet normal -0.290361 0.956917 0
    outer loop
      vertex 33.3727 -37.6154 20
      vertex 33.7484 -37.5014 0
      vertex 33.3727 -37.6154 0
    endloop
  endfacet
  facet normal 0.226924 0.973913 -0
    outer loop
      vertex 30.6493 -37.7045 0
      vertex 30.2669 -37.6154 20
      vertex 30.6493 -37.7045 20
    endloop
  endfacet
  facet normal 0.226924 0.973913 0
    outer loop
      vertex 30.2669 -37.6154 20
      vertex 30.6493 -37.7045 0
      vertex 30.2669 -37.6154 0
    endloop
  endfacet
  facet normal -0.290128 -0.956988 0
    outer loop
      vertex 33.3727 -26.0243 0
      vertex 33.7484 -26.1382 20
      vertex 33.3727 -26.0243 20
    endloop
  endfacet
  facet normal -0.290128 -0.956988 -0
    outer loop
      vertex 33.7484 -26.1382 20
      vertex 33.3727 -26.0243 0
      vertex 33.7484 -26.1382 0
    endloop
  endfacet
  facet normal 0.881923 -0.471394 0
    outer loop
      vertex 26.4386 -29.1661 20
      vertex 26.6237 -28.8198 0
      vertex 26.6237 -28.8198 20
    endloop
  endfacet
  facet normal 0.881923 -0.471394 0
    outer loop
      vertex 26.6237 -28.8198 0
      vertex 26.4386 -29.1661 20
      vertex 26.4386 -29.1661 0
    endloop
  endfacet
  facet normal 0.412862 0.910793 -0
    outer loop
      vertex 29.5237 -37.3631 0
      vertex 29.1661 -37.201 20
      vertex 29.5237 -37.3631 20
    endloop
  endfacet
  facet normal 0.412862 0.910793 0
    outer loop
      vertex 29.1661 -37.201 20
      vertex 29.5237 -37.3631 0
      vertex 29.1661 -37.201 0
    endloop
  endfacet
  facet normal 0.163036 0.98662 -0
    outer loop
      vertex 31.0366 -37.7685 0
      vertex 30.6493 -37.7045 20
      vertex 31.0366 -37.7685 20
    endloop
  endfacet
  facet normal 0.163036 0.98662 0
    outer loop
      vertex 30.6493 -37.7045 20
      vertex 31.0366 -37.7685 0
      vertex 30.6493 -37.7045 0
    endloop
  endfacet
  facet normal 0.812889 0.582418 0
    outer loop
      vertex 27.0597 -35.4724 20
      vertex 26.831 -35.1532 0
      vertex 26.831 -35.1532 20
    endloop
  endfacet
  facet normal 0.812889 0.582418 0
    outer loop
      vertex 26.831 -35.1532 0
      vertex 27.0597 -35.4724 20
      vertex 27.0597 -35.4724 0
    endloop
  endfacet
  facet normal 0.99946 -0.0328569 0
    outer loop
      vertex 25.8198 -31.8198 20
      vertex 25.8327 -31.4274 0
      vertex 25.8327 -31.4274 20
    endloop
  endfacet
  facet normal 0.99946 -0.0328569 0
    outer loop
      vertex 25.8327 -31.4274 0
      vertex 25.8198 -31.8198 20
      vertex 25.8198 -31.8198 0
    endloop
  endfacet
  facet normal 0.99946 0.0328569 0
    outer loop
      vertex 25.8327 -32.2122 20
      vertex 25.8198 -31.8198 0
      vertex 25.8198 -31.8198 20
    endloop
  endfacet
  facet normal 0.99946 0.0328569 0
    outer loop
      vertex 25.8198 -31.8198 0
      vertex 25.8327 -32.2122 20
      vertex 25.8327 -32.2122 0
    endloop
  endfacet
  facet normal 0.471196 0.882028 -0
    outer loop
      vertex 29.1661 -37.201 0
      vertex 28.8198 -37.016 20
      vertex 29.1661 -37.201 20
    endloop
  endfacet
  facet normal 0.471196 0.882028 0
    outer loop
      vertex 28.8198 -37.016 20
      vertex 29.1661 -37.201 0
      vertex 28.8198 -37.016 0
    endloop
  endfacet
  facet normal -0.910793 0.412862 0
    outer loop
      vertex 37.201 -34.4735 0
      vertex 37.3631 -34.1159 20
      vertex 37.3631 -34.1159 0
    endloop
  endfacet
  facet normal -0.910793 0.412862 0
    outer loop
      vertex 37.3631 -34.1159 20
      vertex 37.201 -34.4735 0
      vertex 37.201 -34.4735 20
    endloop
  endfacet
  facet normal 0.582418 0.812889 -0
    outer loop
      vertex 28.4864 -36.8086 0
      vertex 28.1672 -36.5799 20
      vertex 28.4864 -36.8086 20
    endloop
  endfacet
  facet normal 0.582418 0.812889 0
    outer loop
      vertex 28.1672 -36.5799 20
      vertex 28.4864 -36.8086 0
      vertex 28.1672 -36.5799 0
    endloop
  endfacet
  facet normal -0.910873 -0.412686 0
    outer loop
      vertex 18.4776 7.65367 0
      vertex 17.9375 8.84577 35
      vertex 17.9375 8.84577 0
    endloop
  endfacet
  facet normal -0.910873 -0.412686 0
    outer loop
      vertex 17.9375 8.84577 35
      vertex 18.4776 7.65367 0
      vertex 18.4776 7.65367 35
    endloop
  endfacet
  facet normal -0.995183 -0.0980314 0
    outer loop
      vertex 19.9572 1.30806 0
      vertex 19.8289 2.61052 35
      vertex 19.8289 2.61052 0
    endloop
  endfacet
  facet normal -0.995183 -0.0980314 0
    outer loop
      vertex 19.8289 2.61052 35
      vertex 19.9572 1.30806 0
      vertex 19.9572 1.30806 35
    endloop
  endfacet
  facet normal -0.999465 -0.0327027 0
    outer loop
      vertex 20 0 0
      vertex 19.9572 1.30806 35
      vertex 19.9572 1.30806 0
    endloop
  endfacet
  facet normal -0.999465 -0.0327027 0
    outer loop
      vertex 19.9572 1.30806 35
      vertex 20 0 0
      vertex 20 0 35
    endloop
  endfacet
  facet normal -0.986642 -0.162901 0
    outer loop
      vertex 19.8289 2.61052 0
      vertex 19.6157 3.90181 35
      vertex 19.6157 3.90181 0
    endloop
  endfacet
  facet normal -0.986642 -0.162901 0
    outer loop
      vertex 19.6157 3.90181 35
      vertex 19.8289 2.61052 0
      vertex 19.8289 2.61052 35
    endloop
  endfacet
  facet normal 0.582474 0.81285 -0
    outer loop
      vertex -11.1114 -16.6294 0
      vertex -12.1752 -15.8671 35
      vertex -11.1114 -16.6294 35
    endloop
  endfacet
  facet normal 0.582474 0.81285 0
    outer loop
      vertex -12.1752 -15.8671 35
      vertex -11.1114 -16.6294 0
      vertex -12.1752 -15.8671 0
    endloop
  endfacet
  facet normal 0.352242 -0.935909 0
    outer loop
      vertex -7.65367 18.4776 0
      vertex -6.42879 18.9386 35
      vertex -7.65367 18.4776 35
    endloop
  endfacet
  facet normal 0.352242 -0.935909 0
    outer loop
      vertex -6.42879 18.9386 35
      vertex -7.65367 18.4776 0
      vertex -6.42879 18.9386 0
    endloop
  endfacet
  facet normal 0.0980314 0.995183 -0
    outer loop
      vertex -1.30806 -19.9572 0
      vertex -2.61052 -19.8289 35
      vertex -1.30806 -19.9572 35
    endloop
  endfacet
  facet normal 0.0980314 0.995183 0
    outer loop
      vertex -2.61052 -19.8289 35
      vertex -1.30806 -19.9572 0
      vertex -2.61052 -19.8289 0
    endloop
  endfacet
  facet normal -0.0327027 0.999465 0
    outer loop
      vertex 1.30806 -19.9572 0
      vertex 0 -20 35
      vertex 1.30806 -19.9572 35
    endloop
  endfacet
  facet normal -0.0327027 0.999465 0
    outer loop
      vertex 0 -20 35
      vertex 1.30806 -19.9572 0
      vertex 0 -20 0
    endloop
  endfacet
  facet normal -0.773003 0.634402 0
    outer loop
      vertex 15.0368 -13.1869 0
      vertex 15.8671 -12.1752 35
      vertex 15.8671 -12.1752 0
    endloop
  endfacet
  facet normal -0.773003 0.634402 0
    outer loop
      vertex 15.8671 -12.1752 35
      vertex 15.0368 -13.1869 0
      vertex 15.0368 -13.1869 35
    endloop
  endfacet
  facet normal -0.471427 0.881905 0
    outer loop
      vertex 10 -17.3205 0
      vertex 8.84577 -17.9375 35
      vertex 10 -17.3205 35
    endloop
  endfacet
  facet normal -0.471427 0.881905 0
    outer loop
      vertex 8.84577 -17.9375 35
      vertex 10 -17.3205 0
      vertex 8.84577 -17.9375 0
    endloop
  endfacet
  facet normal -0.81285 -0.582474 0
    outer loop
      vertex 16.6294 11.1114 0
      vertex 15.8671 12.1752 35
      vertex 15.8671 12.1752 0
    endloop
  endfacet
  facet normal -0.81285 -0.582474 0
    outer loop
      vertex 15.8671 12.1752 35
      vertex 16.6294 11.1114 0
      vertex 16.6294 11.1114 35
    endloop
  endfacet
  facet normal -0.582474 -0.81285 0
    outer loop
      vertex 11.1114 16.6294 0
      vertex 12.1752 15.8671 35
      vertex 11.1114 16.6294 35
    endloop
  endfacet
  facet normal -0.582474 -0.81285 -0
    outer loop
      vertex 12.1752 15.8671 35
      vertex 11.1114 16.6294 0
      vertex 12.1752 15.8671 0
    endloop
  endfacet
  facet normal -0.849207 0.528061 0
    outer loop
      vertex 16.6294 -11.1114 0
      vertex 17.3205 -10 35
      vertex 17.3205 -10 0
    endloop
  endfacet
  facet normal -0.849207 0.528061 0
    outer loop
      vertex 17.3205 -10 35
      vertex 16.6294 -11.1114 0
      vertex 16.6294 -11.1114 35
    endloop
  endfacet
  facet normal -0.162901 -0.986642 0
    outer loop
      vertex 2.61052 19.8289 0
      vertex 3.90181 19.6157 35
      vertex 2.61052 19.8289 35
    endloop
  endfacet
  facet normal -0.162901 -0.986642 -0
    outer loop
      vertex 3.90181 19.6157 35
      vertex 2.61052 19.8289 0
      vertex 3.90181 19.6157 0
    endloop
  endfacet
  facet normal -0.290275 0.956943 0
    outer loop
      vertex 6.42879 -18.9386 0
      vertex 5.17638 -19.3185 35
      vertex 6.42879 -18.9386 35
    endloop
  endfacet
  facet normal -0.290275 0.956943 0
    outer loop
      vertex 5.17638 -19.3185 35
      vertex 6.42879 -18.9386 0
      vertex 5.17638 -19.3185 0
    endloop
  endfacet
  facet normal -0.729842 -0.683616 0
    outer loop
      vertex 15.0368 13.1869 0
      vertex 14.1421 14.1421 35
      vertex 14.1421 14.1421 0
    endloop
  endfacet
  facet normal -0.729842 -0.683616 0
    outer loop
      vertex 14.1421 14.1421 35
      vertex 15.0368 13.1869 0
      vertex 15.0368 13.1869 35
    endloop
  endfacet
  facet normal 0.729842 0.683616 0
    outer loop
      vertex -14.1421 -14.1421 35
      vertex -15.0368 -13.1869 0
      vertex -15.0368 -13.1869 35
    endloop
  endfacet
  facet normal 0.729842 0.683616 0
    outer loop
      vertex -15.0368 -13.1869 0
      vertex -14.1421 -14.1421 35
      vertex -14.1421 -14.1421 0
    endloop
  endfacet
  facet normal 0.582474 -0.81285 0
    outer loop
      vertex -12.1752 15.8671 0
      vertex -11.1114 16.6294 35
      vertex -12.1752 15.8671 35
    endloop
  endfacet
  facet normal 0.582474 -0.81285 0
    outer loop
      vertex -11.1114 16.6294 35
      vertex -12.1752 15.8671 0
      vertex -11.1114 16.6294 0
    endloop
  endfacet
  facet normal -0.528061 0.849207 0
    outer loop
      vertex 11.1114 -16.6294 0
      vertex 10 -17.3205 35
      vertex 11.1114 -16.6294 35
    endloop
  endfacet
  facet normal -0.528061 0.849207 0
    outer loop
      vertex 10 -17.3205 35
      vertex 11.1114 -16.6294 0
      vertex 10 -17.3205 0
    endloop
  endfacet
  facet normal -0.683616 -0.729842 0
    outer loop
      vertex 13.1869 15.0368 0
      vertex 14.1421 14.1421 35
      vertex 13.1869 15.0368 35
    endloop
  endfacet
  facet normal -0.683616 -0.729842 -0
    outer loop
      vertex 14.1421 14.1421 35
      vertex 13.1869 15.0368 0
      vertex 14.1421 14.1421 0
    endloop
  endfacet
  facet normal 0.227085 0.973875 -0
    outer loop
      vertex -3.90181 -19.6157 0
      vertex -5.17638 -19.3185 35
      vertex -3.90181 -19.6157 35
    endloop
  endfacet
  facet normal 0.227085 0.973875 0
    outer loop
      vertex -5.17638 -19.3185 35
      vertex -3.90181 -19.6157 0
      vertex -5.17638 -19.3185 0
    endloop
  endfacet
  facet normal 0.956943 0.290275 0
    outer loop
      vertex -18.9386 -6.42879 35
      vertex -19.3185 -5.17638 0
      vertex -19.3185 -5.17638 35
    endloop
  endfacet
  facet normal 0.956943 0.290275 0
    outer loop
      vertex -19.3185 -5.17638 0
      vertex -18.9386 -6.42879 35
      vertex -18.9386 -6.42879 0
    endloop
  endfacet
  facet normal -0.528061 -0.849207 0
    outer loop
      vertex 10 17.3205 0
      vertex 11.1114 16.6294 35
      vertex 10 17.3205 35
    endloop
  endfacet
  facet normal -0.528061 -0.849207 -0
    outer loop
      vertex 11.1114 16.6294 35
      vertex 10 17.3205 0
      vertex 11.1114 16.6294 0
    endloop
  endfacet
  facet normal 0.683616 -0.729842 0
    outer loop
      vertex -14.1421 14.1421 0
      vertex -13.1869 15.0368 35
      vertex -14.1421 14.1421 35
    endloop
  endfacet
  facet normal 0.683616 -0.729842 0
    outer loop
      vertex -13.1869 15.0368 35
      vertex -14.1421 14.1421 0
      vertex -13.1869 15.0368 0
    endloop
  endfacet
  facet normal 0.227085 -0.973875 0
    outer loop
      vertex -5.17638 19.3185 0
      vertex -3.90181 19.6157 35
      vertex -5.17638 19.3185 35
    endloop
  endfacet
  facet normal 0.227085 -0.973875 0
    outer loop
      vertex -3.90181 19.6157 35
      vertex -5.17638 19.3185 0
      vertex -3.90181 19.6157 0
    endloop
  endfacet
  facet normal 0.729842 -0.683616 0
    outer loop
      vertex -15.0368 13.1869 35
      vertex -14.1421 14.1421 0
      vertex -14.1421 14.1421 35
    endloop
  endfacet
  facet normal 0.729842 -0.683616 0
    outer loop
      vertex -14.1421 14.1421 0
      vertex -15.0368 13.1869 35
      vertex -15.0368 13.1869 0
    endloop
  endfacet
  facet normal 0.881905 -0.471427 0
    outer loop
      vertex -17.9375 8.84577 35
      vertex -17.3205 10 0
      vertex -17.3205 10 35
    endloop
  endfacet
  facet normal 0.881905 -0.471427 0
    outer loop
      vertex -17.3205 10 0
      vertex -17.9375 8.84577 35
      vertex -17.9375 8.84577 0
    endloop
  endfacet
  facet normal 0.935909 0.352242 0
    outer loop
      vertex -18.4776 -7.65367 35
      vertex -18.9386 -6.42879 0
      vertex -18.9386 -6.42879 35
    endloop
  endfacet
  facet normal 0.935909 0.352242 0
    outer loop
      vertex -18.9386 -6.42879 0
      vertex -18.4776 -7.65367 35
      vertex -18.4776 -7.65367 0
    endloop
  endfacet
  facet normal -0.0980314 0.995183 0
    outer loop
      vertex 2.61052 -19.8289 0
      vertex 1.30806 -19.9572 35
      vertex 2.61052 -19.8289 35
    endloop
  endfacet
  facet normal -0.0980314 0.995183 0
    outer loop
      vertex 1.30806 -19.9572 35
      vertex 2.61052 -19.8289 0
      vertex 1.30806 -19.9572 0
    endloop
  endfacet
  facet normal -0.986642 0.162901 0
    outer loop
      vertex 19.6157 -3.90181 0
      vertex 19.8289 -2.61052 35
      vertex 19.8289 -2.61052 0
    endloop
  endfacet
  facet normal -0.986642 0.162901 0
    outer loop
      vertex 19.8289 -2.61052 35
      vertex 19.6157 -3.90181 0
      vertex 19.6157 -3.90181 35
    endloop
  endfacet
  facet normal -0.995183 0.0980314 0
    outer loop
      vertex 19.8289 -2.61052 0
      vertex 19.9572 -1.30806 35
      vertex 19.9572 -1.30806 0
    endloop
  endfacet
  facet normal -0.995183 0.0980314 0
    outer loop
      vertex 19.9572 -1.30806 35
      vertex 19.8289 -2.61052 0
      vertex 19.8289 -2.61052 35
    endloop
  endfacet
  facet normal 0.634402 -0.773003 0
    outer loop
      vertex -13.1869 15.0368 0
      vertex -12.1752 15.8671 35
      vertex -13.1869 15.0368 35
    endloop
  endfacet
  facet normal 0.634402 -0.773003 0
    outer loop
      vertex -12.1752 15.8671 35
      vertex -13.1869 15.0368 0
      vertex -12.1752 15.8671 0
    endloop
  endfacet
  facet normal -0.881905 -0.471427 0
    outer loop
      vertex 17.9375 8.84577 0
      vertex 17.3205 10 35
      vertex 17.3205 10 0
    endloop
  endfacet
  facet normal -0.881905 -0.471427 0
    outer loop
      vertex 17.3205 10 35
      vertex 17.9375 8.84577 0
      vertex 17.9375 8.84577 35
    endloop
  endfacet
  facet normal 0.81285 -0.582474 0
    outer loop
      vertex -16.6294 11.1114 35
      vertex -15.8671 12.1752 0
      vertex -15.8671 12.1752 35
    endloop
  endfacet
  facet normal 0.81285 -0.582474 0
    outer loop
      vertex -15.8671 12.1752 0
      vertex -16.6294 11.1114 35
      vertex -16.6294 11.1114 0
    endloop
  endfacet
  facet normal -0.973875 -0.227085 0
    outer loop
      vertex 19.6157 3.90181 0
      vertex 19.3185 5.17638 35
      vertex 19.3185 5.17638 0
    endloop
  endfacet
  facet normal -0.973875 -0.227085 0
    outer loop
      vertex 19.3185 5.17638 35
      vertex 19.6157 3.90181 0
      vertex 19.6157 3.90181 35
    endloop
  endfacet
  facet normal -0.956943 0.290275 0
    outer loop
      vertex 18.9386 -6.42879 0
      vertex 19.3185 -5.17638 35
      vertex 19.3185 -5.17638 0
    endloop
  endfacet
  facet normal -0.956943 0.290275 0
    outer loop
      vertex 19.3185 -5.17638 35
      vertex 18.9386 -6.42879 0
      vertex 18.9386 -6.42879 35
    endloop
  endfacet
  facet normal -0.849207 -0.528061 0
    outer loop
      vertex 17.3205 10 0
      vertex 16.6294 11.1114 35
      vertex 16.6294 11.1114 0
    endloop
  endfacet
  facet normal -0.849207 -0.528061 0
    outer loop
      vertex 16.6294 11.1114 35
      vertex 17.3205 10 0
      vertex 17.3205 10 35
    endloop
  endfacet
  facet normal -0.935909 -0.352242 0
    outer loop
      vertex 18.9386 6.42879 0
      vertex 18.4776 7.65367 35
      vertex 18.4776 7.65367 0
    endloop
  endfacet
  facet normal -0.935909 -0.352242 0
    outer loop
      vertex 18.4776 7.65367 35
      vertex 18.9386 6.42879 0
      vertex 18.9386 6.42879 35
    endloop
  endfacet
  facet normal -0.956943 -0.290275 0
    outer loop
      vertex 19.3185 5.17638 0
      vertex 18.9386 6.42879 35
      vertex 18.9386 6.42879 0
    endloop
  endfacet
  facet normal -0.956943 -0.290275 0
    outer loop
      vertex 18.9386 6.42879 35
      vertex 19.3185 5.17638 0
      vertex 19.3185 5.17638 35
    endloop
  endfacet
  facet normal -0.683616 0.729842 0
    outer loop
      vertex 14.1421 -14.1421 0
      vertex 13.1869 -15.0368 35
      vertex 14.1421 -14.1421 35
    endloop
  endfacet
  facet normal -0.683616 0.729842 0
    outer loop
      vertex 13.1869 -15.0368 35
      vertex 14.1421 -14.1421 0
      vertex 13.1869 -15.0368 0
    endloop
  endfacet
  facet normal -0.81285 0.582474 0
    outer loop
      vertex 15.8671 -12.1752 0
      vertex 16.6294 -11.1114 35
      vertex 16.6294 -11.1114 0
    endloop
  endfacet
  facet normal -0.81285 0.582474 0
    outer loop
      vertex 16.6294 -11.1114 35
      vertex 15.8671 -12.1752 0
      vertex 15.8671 -12.1752 35
    endloop
  endfacet
  facet normal -0.881905 0.471427 0
    outer loop
      vertex 17.3205 -10 0
      vertex 17.9375 -8.84577 35
      vertex 17.9375 -8.84577 0
    endloop
  endfacet
  facet normal -0.881905 0.471427 0
    outer loop
      vertex 17.9375 -8.84577 35
      vertex 17.3205 -10 0
      vertex 17.3205 -10 35
    endloop
  endfacet
  facet normal -0.773003 -0.634402 0
    outer loop
      vertex 15.8671 12.1752 0
      vertex 15.0368 13.1869 35
      vertex 15.0368 13.1869 0
    endloop
  endfacet
  facet normal -0.773003 -0.634402 0
    outer loop
      vertex 15.0368 13.1869 35
      vertex 15.8671 12.1752 0
      vertex 15.8671 12.1752 35
    endloop
  endfacet
  facet normal -0.227085 0.973875 0
    outer loop
      vertex 5.17638 -19.3185 0
      vertex 3.90181 -19.6157 35
      vertex 5.17638 -19.3185 35
    endloop
  endfacet
  facet normal -0.227085 0.973875 0
    outer loop
      vertex 3.90181 -19.6157 35
      vertex 5.17638 -19.3185 0
      vertex 3.90181 -19.6157 0
    endloop
  endfacet
  facet normal 0.162901 0.986642 -0
    outer loop
      vertex -2.61052 -19.8289 0
      vertex -3.90181 -19.6157 35
      vertex -2.61052 -19.8289 35
    endloop
  endfacet
  facet normal 0.162901 0.986642 0
    outer loop
      vertex -3.90181 -19.6157 35
      vertex -2.61052 -19.8289 0
      vertex -3.90181 -19.6157 0
    endloop
  endfacet
  facet normal 0.995183 -0.0980314 0
    outer loop
      vertex -19.9572 1.30806 35
      vertex -19.8289 2.61052 0
      vertex -19.8289 2.61052 35
    endloop
  endfacet
  facet normal 0.995183 -0.0980314 0
    outer loop
      vertex -19.8289 2.61052 0
      vertex -19.9572 1.30806 35
      vertex -19.9572 1.30806 0
    endloop
  endfacet
  facet normal -0.412686 -0.910873 0
    outer loop
      vertex 7.65367 18.4776 0
      vertex 8.84577 17.9375 35
      vertex 7.65367 18.4776 35
    endloop
  endfacet
  facet normal -0.412686 -0.910873 -0
    outer loop
      vertex 8.84577 17.9375 35
      vertex 7.65367 18.4776 0
      vertex 8.84577 17.9375 0
    endloop
  endfacet
  facet normal 0.81285 0.582474 0
    outer loop
      vertex -15.8671 -12.1752 35
      vertex -16.6294 -11.1114 0
      vertex -16.6294 -11.1114 35
    endloop
  endfacet
  facet normal 0.81285 0.582474 0
    outer loop
      vertex -16.6294 -11.1114 0
      vertex -15.8671 -12.1752 35
      vertex -15.8671 -12.1752 0
    endloop
  endfacet
  facet normal 0.528061 -0.849207 0
    outer loop
      vertex -11.1114 16.6294 0
      vertex -10 17.3205 35
      vertex -11.1114 16.6294 35
    endloop
  endfacet
  facet normal 0.528061 -0.849207 0
    outer loop
      vertex -10 17.3205 35
      vertex -11.1114 16.6294 0
      vertex -10 17.3205 0
    endloop
  endfacet
  facet normal 0.935909 -0.352242 0
    outer loop
      vertex -18.9386 6.42879 35
      vertex -18.4776 7.65367 0
      vertex -18.4776 7.65367 35
    endloop
  endfacet
  facet normal 0.935909 -0.352242 0
    outer loop
      vertex -18.4776 7.65367 0
      vertex -18.9386 6.42879 35
      vertex -18.9386 6.42879 0
    endloop
  endfacet
  facet normal 0.0327027 -0.999465 0
    outer loop
      vertex -1.30806 19.9572 0
      vertex 0 20 35
      vertex -1.30806 19.9572 35
    endloop
  endfacet
  facet normal 0.0327027 -0.999465 0
    outer loop
      vertex 0 20 35
      vertex -1.30806 19.9572 0
      vertex 0 20 0
    endloop
  endfacet
  facet normal 0.849207 0.528061 0
    outer loop
      vertex -16.6294 -11.1114 35
      vertex -17.3205 -10 0
      vertex -17.3205 -10 35
    endloop
  endfacet
  facet normal 0.849207 0.528061 0
    outer loop
      vertex -17.3205 -10 0
      vertex -16.6294 -11.1114 35
      vertex -16.6294 -11.1114 0
    endloop
  endfacet
  facet normal 0.999465 0.0327027 0
    outer loop
      vertex -19.9572 -1.30806 35
      vertex -20 0 0
      vertex -20 0 35
    endloop
  endfacet
  facet normal 0.999465 0.0327027 0
    outer loop
      vertex -20 0 0
      vertex -19.9572 -1.30806 35
      vertex -19.9572 -1.30806 0
    endloop
  endfacet
  facet normal 0.290275 0.956943 -0
    outer loop
      vertex -5.17638 -19.3185 0
      vertex -6.42879 -18.9386 35
      vertex -5.17638 -19.3185 35
    endloop
  endfacet
  facet normal 0.290275 0.956943 0
    outer loop
      vertex -6.42879 -18.9386 35
      vertex -5.17638 -19.3185 0
      vertex -6.42879 -18.9386 0
    endloop
  endfacet
  facet normal -0.999465 0.0327027 0
    outer loop
      vertex 19.9572 -1.30806 0
      vertex 20 0 35
      vertex 20 0 0
    endloop
  endfacet
  facet normal -0.999465 0.0327027 0
    outer loop
      vertex 20 0 35
      vertex 19.9572 -1.30806 0
      vertex 19.9572 -1.30806 35
    endloop
  endfacet
  facet normal -0.910873 0.412686 0
    outer loop
      vertex 17.9375 -8.84577 0
      vertex 18.4776 -7.65367 35
      vertex 18.4776 -7.65367 0
    endloop
  endfacet
  facet normal -0.910873 0.412686 0
    outer loop
      vertex 18.4776 -7.65367 35
      vertex 17.9375 -8.84577 0
      vertex 17.9375 -8.84577 35
    endloop
  endfacet
  facet normal -0.973875 0.227085 0
    outer loop
      vertex 19.3185 -5.17638 0
      vertex 19.6157 -3.90181 35
      vertex 19.6157 -3.90181 0
    endloop
  endfacet
  facet normal -0.973875 0.227085 0
    outer loop
      vertex 19.6157 -3.90181 35
      vertex 19.3185 -5.17638 0
      vertex 19.3185 -5.17638 35
    endloop
  endfacet
  facet normal 0.995183 0.0980314 0
    outer loop
      vertex -19.8289 -2.61052 35
      vertex -19.9572 -1.30806 0
      vertex -19.9572 -1.30806 35
    endloop
  endfacet
  facet normal 0.995183 0.0980314 0
    outer loop
      vertex -19.9572 -1.30806 0
      vertex -19.8289 -2.61052 35
      vertex -19.8289 -2.61052 0
    endloop
  endfacet
  facet normal 0.986642 0.162901 0
    outer loop
      vertex -19.6157 -3.90181 35
      vertex -19.8289 -2.61052 0
      vertex -19.8289 -2.61052 35
    endloop
  endfacet
  facet normal 0.986642 0.162901 0
    outer loop
      vertex -19.8289 -2.61052 0
      vertex -19.6157 -3.90181 35
      vertex -19.6157 -3.90181 0
    endloop
  endfacet
  facet normal -0.352242 0.935909 0
    outer loop
      vertex 7.65367 -18.4776 0
      vertex 6.42879 -18.9386 35
      vertex 7.65367 -18.4776 35
    endloop
  endfacet
  facet normal -0.352242 0.935909 0
    outer loop
      vertex 6.42879 -18.9386 35
      vertex 7.65367 -18.4776 0
      vertex 6.42879 -18.9386 0
    endloop
  endfacet
  facet normal 0.0980314 -0.995183 0
    outer loop
      vertex -2.61052 19.8289 0
      vertex -1.30806 19.9572 35
      vertex -2.61052 19.8289 35
    endloop
  endfacet
  facet normal 0.0980314 -0.995183 0
    outer loop
      vertex -1.30806 19.9572 35
      vertex -2.61052 19.8289 0
      vertex -1.30806 19.9572 0
    endloop
  endfacet
  facet normal -0.352242 -0.935909 0
    outer loop
      vertex 6.42879 18.9386 0
      vertex 7.65367 18.4776 35
      vertex 6.42879 18.9386 35
    endloop
  endfacet
  facet normal -0.352242 -0.935909 -0
    outer loop
      vertex 7.65367 18.4776 35
      vertex 6.42879 18.9386 0
      vertex 7.65367 18.4776 0
    endloop
  endfacet
  facet normal -0.0327027 -0.999465 0
    outer loop
      vertex 0 20 0
      vertex 1.30806 19.9572 35
      vertex 0 20 35
    endloop
  endfacet
  facet normal -0.0327027 -0.999465 -0
    outer loop
      vertex 1.30806 19.9572 35
      vertex 0 20 0
      vertex 1.30806 19.9572 0
    endloop
  endfacet
  facet normal -0.634402 0.773003 0
    outer loop
      vertex 13.1869 -15.0368 0
      vertex 12.1752 -15.8671 35
      vertex 13.1869 -15.0368 35
    endloop
  endfacet
  facet normal -0.634402 0.773003 0
    outer loop
      vertex 12.1752 -15.8671 35
      vertex 13.1869 -15.0368 0
      vertex 12.1752 -15.8671 0
    endloop
  endfacet
  facet normal -0.729842 0.683616 0
    outer loop
      vertex 14.1421 -14.1421 0
      vertex 15.0368 -13.1869 35
      vertex 15.0368 -13.1869 0
    endloop
  endfacet
  facet normal -0.729842 0.683616 0
    outer loop
      vertex 15.0368 -13.1869 35
      vertex 14.1421 -14.1421 0
      vertex 14.1421 -14.1421 35
    endloop
  endfacet
  facet normal 0.412686 -0.910873 0
    outer loop
      vertex -8.84577 17.9375 0
      vertex -7.65367 18.4776 35
      vertex -8.84577 17.9375 35
    endloop
  endfacet
  facet normal 0.412686 -0.910873 0
    outer loop
      vertex -7.65367 18.4776 35
      vertex -8.84577 17.9375 0
      vertex -7.65367 18.4776 0
    endloop
  endfacet
  facet normal -0.935909 0.352242 0
    outer loop
      vertex 18.4776 -7.65367 0
      vertex 18.9386 -6.42879 35
      vertex 18.9386 -6.42879 0
    endloop
  endfacet
  facet normal -0.935909 0.352242 0
    outer loop
      vertex 18.9386 -6.42879 35
      vertex 18.4776 -7.65367 0
      vertex 18.4776 -7.65367 35
    endloop
  endfacet
  facet normal 0.881905 0.471427 0
    outer loop
      vertex -17.3205 -10 35
      vertex -17.9375 -8.84577 0
      vertex -17.9375 -8.84577 35
    endloop
  endfacet
  facet normal 0.881905 0.471427 0
    outer loop
      vertex -17.9375 -8.84577 0
      vertex -17.3205 -10 35
      vertex -17.3205 -10 0
    endloop
  endfacet
  facet normal -0.634402 -0.773003 0
    outer loop
      vertex 12.1752 15.8671 0
      vertex 13.1869 15.0368 35
      vertex 12.1752 15.8671 35
    endloop
  endfacet
  facet normal -0.634402 -0.773003 -0
    outer loop
      vertex 13.1869 15.0368 35
      vertex 12.1752 15.8671 0
      vertex 13.1869 15.0368 0
    endloop
  endfacet
  facet normal 0.528061 0.849207 -0
    outer loop
      vertex -10 -17.3205 0
      vertex -11.1114 -16.6294 35
      vertex -10 -17.3205 35
    endloop
  endfacet
  facet normal 0.528061 0.849207 0
    outer loop
      vertex -11.1114 -16.6294 35
      vertex -10 -17.3205 0
      vertex -11.1114 -16.6294 0
    endloop
  endfacet
  facet normal -0.471427 -0.881905 0
    outer loop
      vertex 8.84577 17.9375 0
      vertex 10 17.3205 35
      vertex 8.84577 17.9375 35
    endloop
  endfacet
  facet normal -0.471427 -0.881905 -0
    outer loop
      vertex 10 17.3205 35
      vertex 8.84577 17.9375 0
      vertex 10 17.3205 0
    endloop
  endfacet
  facet normal 0.973875 0.227085 0
    outer loop
      vertex -19.3185 -5.17638 35
      vertex -19.6157 -3.90181 0
      vertex -19.6157 -3.90181 35
    endloop
  endfacet
  facet normal 0.973875 0.227085 0
    outer loop
      vertex -19.6157 -3.90181 0
      vertex -19.3185 -5.17638 35
      vertex -19.3185 -5.17638 0
    endloop
  endfacet
  facet normal 0.162901 -0.986642 0
    outer loop
      vertex -3.90181 19.6157 0
      vertex -2.61052 19.8289 35
      vertex -3.90181 19.6157 35
    endloop
  endfacet
  facet normal 0.162901 -0.986642 0
    outer loop
      vertex -2.61052 19.8289 35
      vertex -3.90181 19.6157 0
      vertex -2.61052 19.8289 0
    endloop
  endfacet
  facet normal 0.290275 -0.956943 0
    outer loop
      vertex -6.42879 18.9386 0
      vertex -5.17638 19.3185 35
      vertex -6.42879 18.9386 35
    endloop
  endfacet
  facet normal 0.290275 -0.956943 0
    outer loop
      vertex -5.17638 19.3185 35
      vertex -6.42879 18.9386 0
      vertex -5.17638 19.3185 0
    endloop
  endfacet
  facet normal 0.773003 -0.634402 0
    outer loop
      vertex -15.8671 12.1752 35
      vertex -15.0368 13.1869 0
      vertex -15.0368 13.1869 35
    endloop
  endfacet
  facet normal 0.773003 -0.634402 0
    outer loop
      vertex -15.0368 13.1869 0
      vertex -15.8671 12.1752 35
      vertex -15.8671 12.1752 0
    endloop
  endfacet
  facet normal 0.986642 -0.162901 0
    outer loop
      vertex -19.8289 2.61052 35
      vertex -19.6157 3.90181 0
      vertex -19.6157 3.90181 35
    endloop
  endfacet
  facet normal 0.986642 -0.162901 0
    outer loop
      vertex -19.6157 3.90181 0
      vertex -19.8289 2.61052 35
      vertex -19.8289 2.61052 0
    endloop
  endfacet
  facet normal -0.0980314 -0.995183 0
    outer loop
      vertex 1.30806 19.9572 0
      vertex 2.61052 19.8289 35
      vertex 1.30806 19.9572 35
    endloop
  endfacet
  facet normal -0.0980314 -0.995183 -0
    outer loop
      vertex 2.61052 19.8289 35
      vertex 1.30806 19.9572 0
      vertex 2.61052 19.8289 0
    endloop
  endfacet
  facet normal -0.162901 0.986642 0
    outer loop
      vertex 3.90181 -19.6157 0
      vertex 2.61052 -19.8289 35
      vertex 3.90181 -19.6157 35
    endloop
  endfacet
  facet normal -0.162901 0.986642 0
    outer loop
      vertex 2.61052 -19.8289 35
      vertex 3.90181 -19.6157 0
      vertex 2.61052 -19.8289 0
    endloop
  endfacet
  facet normal 0.412686 0.910873 -0
    outer loop
      vertex -7.65367 -18.4776 0
      vertex -8.84577 -17.9375 35
      vertex -7.65367 -18.4776 35
    endloop
  endfacet
  facet normal 0.412686 0.910873 0
    outer loop
      vertex -8.84577 -17.9375 35
      vertex -7.65367 -18.4776 0
      vertex -8.84577 -17.9375 0
    endloop
  endfacet
  facet normal 0.999465 -0.0327027 0
    outer loop
      vertex -20 0 35
      vertex -19.9572 1.30806 0
      vertex -19.9572 1.30806 35
    endloop
  endfacet
  facet normal 0.999465 -0.0327027 0
    outer loop
      vertex -19.9572 1.30806 0
      vertex -20 0 35
      vertex -20 0 0
    endloop
  endfacet
  facet normal 0.352242 0.935909 -0
    outer loop
      vertex -6.42879 -18.9386 0
      vertex -7.65367 -18.4776 35
      vertex -6.42879 -18.9386 35
    endloop
  endfacet
  facet normal 0.352242 0.935909 0
    outer loop
      vertex -7.65367 -18.4776 35
      vertex -6.42879 -18.9386 0
      vertex -7.65367 -18.4776 0
    endloop
  endfacet
  facet normal 0.683616 0.729842 -0
    outer loop
      vertex -13.1869 -15.0368 0
      vertex -14.1421 -14.1421 35
      vertex -13.1869 -15.0368 35
    endloop
  endfacet
  facet normal 0.683616 0.729842 0
    outer loop
      vertex -14.1421 -14.1421 35
      vertex -13.1869 -15.0368 0
      vertex -14.1421 -14.1421 0
    endloop
  endfacet
  facet normal -0.412686 0.910873 0
    outer loop
      vertex 8.84577 -17.9375 0
      vertex 7.65367 -18.4776 35
      vertex 8.84577 -17.9375 35
    endloop
  endfacet
  facet normal -0.412686 0.910873 0
    outer loop
      vertex 7.65367 -18.4776 35
      vertex 8.84577 -17.9375 0
      vertex 7.65367 -18.4776 0
    endloop
  endfacet
  facet normal 0.773003 0.634402 0
    outer loop
      vertex -15.0368 -13.1869 35
      vertex -15.8671 -12.1752 0
      vertex -15.8671 -12.1752 35
    endloop
  endfacet
  facet normal 0.773003 0.634402 0
    outer loop
      vertex -15.8671 -12.1752 0
      vertex -15.0368 -13.1869 35
      vertex -15.0368 -13.1869 0
    endloop
  endfacet
  facet normal 0.0327027 0.999465 -0
    outer loop
      vertex 0 -20 0
      vertex -1.30806 -19.9572 35
      vertex 0 -20 35
    endloop
  endfacet
  facet normal 0.0327027 0.999465 0
    outer loop
      vertex -1.30806 -19.9572 35
      vertex 0 -20 0
      vertex -1.30806 -19.9572 0
    endloop
  endfacet
  facet normal -0.582474 0.81285 0
    outer loop
      vertex 12.1752 -15.8671 0
      vertex 11.1114 -16.6294 35
      vertex 12.1752 -15.8671 35
    endloop
  endfacet
  facet normal -0.582474 0.81285 0
    outer loop
      vertex 11.1114 -16.6294 35
      vertex 12.1752 -15.8671 0
      vertex 11.1114 -16.6294 0
    endloop
  endfacet
  facet normal -0.290275 -0.956943 0
    outer loop
      vertex 5.17638 19.3185 0
      vertex 6.42879 18.9386 35
      vertex 5.17638 19.3185 35
    endloop
  endfacet
  facet normal -0.290275 -0.956943 -0
    outer loop
      vertex 6.42879 18.9386 35
      vertex 5.17638 19.3185 0
      vertex 6.42879 18.9386 0
    endloop
  endfacet
  facet normal 0.910873 0.412686 0
    outer loop
      vertex -17.9375 -8.84577 35
      vertex -18.4776 -7.65367 0
      vertex -18.4776 -7.65367 35
    endloop
  endfacet
  facet normal 0.910873 0.412686 0
    outer loop
      vertex -18.4776 -7.65367 0
      vertex -17.9375 -8.84577 35
      vertex -17.9375 -8.84577 0
    endloop
  endfacet
  facet normal 0.973875 -0.227085 0
    outer loop
      vertex -19.6157 3.90181 35
      vertex -19.3185 5.17638 0
      vertex -19.3185 5.17638 35
    endloop
  endfacet
  facet normal 0.973875 -0.227085 0
    outer loop
      vertex -19.3185 5.17638 0
      vertex -19.6157 3.90181 35
      vertex -19.6157 3.90181 0
    endloop
  endfacet
  facet normal 0.956943 -0.290275 0
    outer loop
      vertex -19.3185 5.17638 35
      vertex -18.9386 6.42879 0
      vertex -18.9386 6.42879 35
    endloop
  endfacet
  facet normal 0.956943 -0.290275 0
    outer loop
      vertex -18.9386 6.42879 0
      vertex -19.3185 5.17638 35
      vertex -19.3185 5.17638 0
    endloop
  endfacet
  facet normal -0.227085 -0.973875 0
    outer loop
      vertex 3.90181 19.6157 0
      vertex 5.17638 19.3185 35
      vertex 3.90181 19.6157 35
    endloop
  endfacet
  facet normal -0.227085 -0.973875 -0
    outer loop
      vertex 5.17638 19.3185 35
      vertex 3.90181 19.6157 0
      vertex 5.17638 19.3185 0
    endloop
  endfacet
  facet normal 0.910873 -0.412686 0
    outer loop
      vertex -18.4776 7.65367 35
      vertex -17.9375 8.84577 0
      vertex -17.9375 8.84577 35
    endloop
  endfacet
  facet normal 0.910873 -0.412686 0
    outer loop
      vertex -17.9375 8.84577 0
      vertex -18.4776 7.65367 35
      vertex -18.4776 7.65367 0
    endloop
  endfacet
  facet normal 0.849207 -0.528061 0
    outer loop
      vertex -17.3205 10 35
      vertex -16.6294 11.1114 0
      vertex -16.6294 11.1114 35
    endloop
  endfacet
  facet normal 0.849207 -0.528061 0
    outer loop
      vertex -16.6294 11.1114 0
      vertex -17.3205 10 35
      vertex -17.3205 10 0
    endloop
  endfacet
  facet normal 0.471427 -0.881905 0
    outer loop
      vertex -10 17.3205 0
      vertex -8.84577 17.9375 35
      vertex -10 17.3205 35
    endloop
  endfacet
  facet normal 0.471427 -0.881905 0
    outer loop
      vertex -8.84577 17.9375 35
      vertex -10 17.3205 0
      vertex -8.84577 17.9375 0
    endloop
  endfacet
  facet normal 0.634402 0.773003 -0
    outer loop
      vertex -12.1752 -15.8671 0
      vertex -13.1869 -15.0368 35
      vertex -12.1752 -15.8671 35
    endloop
  endfacet
  facet normal 0.634402 0.773003 0
    outer loop
      vertex -13.1869 -15.0368 35
      vertex -12.1752 -15.8671 0
      vertex -13.1869 -15.0368 0
    endloop
  endfacet
  facet normal 0.471427 0.881905 -0
    outer loop
      vertex -8.84577 -17.9375 0
      vertex -10 -17.3205 35
      vertex -8.84577 -17.9375 35
    endloop
  endfacet
  facet normal 0.471427 0.881905 0
    outer loop
      vertex -10 -17.3205 35
      vertex -8.84577 -17.9375 0
      vertex -10 -17.3205 0
    endloop
  endfacet
  facet normal 0.980786 0.195087 0
    outer loop
      vertex 37.7685 32.603 26
      vertex 37.6154 33.3727 20
      vertex 37.6154 33.3727 26
    endloop
  endfacet
  facet normal 0.980786 0.195087 0
    outer loop
      vertex 37.6154 33.3727 20
      vertex 37.7685 32.603 26
      vertex 37.7685 32.603 20
    endloop
  endfacet
  facet normal 0.997862 0.0653605 0
    outer loop
      vertex 37.8198 31.8198 26
      vertex 37.7685 32.603 20
      vertex 37.7685 32.603 26
    endloop
  endfacet
  facet normal 0.997862 0.0653605 0
    outer loop
      vertex 37.7685 32.603 20
      vertex 37.8198 31.8198 26
      vertex 37.8198 31.8198 20
    endloop
  endfacet
  facet normal 0.946923 0.32146 0
    outer loop
      vertex 37.6154 33.3727 26
      vertex 37.3631 34.1159 20
      vertex 37.3631 34.1159 26
    endloop
  endfacet
  facet normal 0.946923 0.32146 0
    outer loop
      vertex 37.3631 34.1159 20
      vertex 37.6154 33.3727 26
      vertex 37.6154 33.3727 20
    endloop
  endfacet
  facet normal -0.555611 0.831442 0
    outer loop
      vertex 28.8198 37.016 20
      vertex 28.1672 36.5799 26
      vertex 28.8198 37.016 26
    endloop
  endfacet
  facet normal -0.555611 0.831442 0
    outer loop
      vertex 28.1672 36.5799 26
      vertex 28.8198 37.016 20
      vertex 28.1672 36.5799 20
    endloop
  endfacet
  facet normal -0.32146 0.946923 0
    outer loop
      vertex 30.2669 37.6154 20
      vertex 29.5237 37.3631 26
      vertex 30.2669 37.6154 26
    endloop
  endfacet
  facet normal -0.32146 0.946923 0
    outer loop
      vertex 29.5237 37.3631 26
      vertex 30.2669 37.6154 20
      vertex 29.5237 37.3631 20
    endloop
  endfacet
  facet normal 0.659406 -0.751787 0
    outer loop
      vertex 35.4724 27.0597 20
      vertex 36.0624 27.5772 26
      vertex 35.4724 27.0597 26
    endloop
  endfacet
  facet normal 0.659406 -0.751787 0
    outer loop
      vertex 36.0624 27.5772 26
      vertex 35.4724 27.0597 20
      vertex 36.0624 27.5772 20
    endloop
  endfacet
  facet normal -0.321345 -0.946962 0
    outer loop
      vertex 29.5237 26.2765 20
      vertex 30.2669 26.0243 26
      vertex 29.5237 26.2765 26
    endloop
  endfacet
  facet normal -0.321345 -0.946962 -0
    outer loop
      vertex 30.2669 26.0243 26
      vertex 29.5237 26.2765 20
      vertex 30.2669 26.0243 20
    endloop
  endfacet
  facet normal 0.896885 0.442263 0
    outer loop
      vertex 37.3631 34.1159 26
      vertex 37.016 34.8198 20
      vertex 37.016 34.8198 26
    endloop
  endfacet
  facet normal 0.896885 0.442263 0
    outer loop
      vertex 37.016 34.8198 20
      vertex 37.3631 34.1159 26
      vertex 37.3631 34.1159 20
    endloop
  endfacet
  facet normal 0.442263 0.896885 -0
    outer loop
      vertex 34.8198 37.016 20
      vertex 34.1159 37.3631 26
      vertex 34.8198 37.016 26
    endloop
  endfacet
  facet normal 0.442263 0.896885 0
    outer loop
      vertex 34.1159 37.3631 26
      vertex 34.8198 37.016 20
      vertex 34.1159 37.3631 20
    endloop
  endfacet
  facet normal -0.980762 -0.195209 0
    outer loop
      vertex 26.0243 30.2669 20
      vertex 25.8711 31.0366 26
      vertex 25.8711 31.0366 20
    endloop
  endfacet
  facet normal -0.980762 -0.195209 0
    outer loop
      vertex 25.8711 31.0366 26
      vertex 26.0243 30.2669 20
      vertex 26.0243 30.2669 26
    endloop
  endfacet
  facet normal -0.751787 0.659406 0
    outer loop
      vertex 27.0597 35.4724 20
      vertex 27.5772 36.0624 26
      vertex 27.5772 36.0624 20
    endloop
  endfacet
  facet normal -0.751787 0.659406 0
    outer loop
      vertex 27.5772 36.0624 26
      vertex 27.0597 35.4724 20
      vertex 27.0597 35.4724 26
    endloop
  endfacet
  facet normal -0.442365 -0.896835 0
    outer loop
      vertex 28.8198 26.6237 20
      vertex 29.5237 26.2765 26
      vertex 28.8198 26.6237 26
    endloop
  endfacet
  facet normal -0.442365 -0.896835 -0
    outer loop
      vertex 29.5237 26.2765 26
      vertex 28.8198 26.6237 20
      vertex 29.5237 26.2765 20
    endloop
  endfacet
  facet normal -0.751787 -0.659406 0
    outer loop
      vertex 27.5772 27.5772 20
      vertex 27.0597 28.1672 26
      vertex 27.0597 28.1672 20
    endloop
  endfacet
  facet normal -0.751787 -0.659406 0
    outer loop
      vertex 27.0597 28.1672 26
      vertex 27.5772 27.5772 20
      vertex 27.5772 27.5772 26
    endloop
  endfacet
  facet normal 0.321345 -0.946962 0
    outer loop
      vertex 33.3727 26.0243 20
      vertex 34.1159 26.2765 26
      vertex 33.3727 26.0243 26
    endloop
  endfacet
  facet normal 0.321345 -0.946962 0
    outer loop
      vertex 34.1159 26.2765 26
      vertex 33.3727 26.0243 20
      vertex 34.1159 26.2765 20
    endloop
  endfacet
  facet normal 0 0 -1
    outer loop
      vertex 37.7685 31.0366 20
      vertex 37.7685 32.603 20
      vertex 37.8198 31.8198 20
    endloop
  endfacet
  facet normal 0 0 -1
    outer loop
      vertex 37.6154 30.2669 20
      vertex 37.7685 32.603 20
      vertex 37.7685 31.0366 20
    endloop
  endfacet
  facet normal 0 0 -1
    outer loop
      vertex 37.6154 30.2669 20
      vertex 37.6154 33.3727 20
      vertex 37.7685 32.603 20
    endloop
  endfacet
  facet normal 0 0 -1
    outer loop
      vertex 37.3631 29.5237 20
      vertex 37.6154 33.3727 20
      vertex 37.6154 30.2669 20
    endloop
  endfacet
  facet normal 0 0 -1
    outer loop
      vertex 37.3631 29.5237 20
      vertex 37.3631 34.1159 20
      vertex 37.6154 33.3727 20
    endloop
  endfacet
  facet normal 0 0 -1
    outer loop
      vertex 37.016 28.8198 20
      vertex 37.3631 34.1159 20
      vertex 37.3631 29.5237 20
    endloop
  endfacet
  facet normal 0 0 -1
    outer loop
      vertex 37.016 28.8198 20
      vertex 37.016 34.8198 20
      vertex 37.3631 34.1159 20
    endloop
  endfacet
  facet normal 0 0 -1
    outer loop
      vertex 36.5799 28.1672 20
      vertex 37.016 34.8198 20
      vertex 37.016 28.8198 20
    endloop
  endfacet
  facet normal 0 0 -1
    outer loop
      vertex 36.5799 28.1672 20
      vertex 36.5799 35.4724 20
      vertex 37.016 34.8198 20
    endloop
  endfacet
  facet normal 0 0 -1
    outer loop
      vertex 36.0624 27.5772 20
      vertex 36.5799 35.4724 20
      vertex 36.5799 28.1672 20
    endloop
  endfacet
  facet normal 0 0 -1
    outer loop
      vertex 36.0624 27.5772 20
      vertex 36.0624 36.0624 20
      vertex 36.5799 35.4724 20
    endloop
  endfacet
  facet normal 0 0 -1
    outer loop
      vertex 35.4724 27.0597 20
      vertex 36.0624 36.0624 20
      vertex 36.0624 27.5772 20
    endloop
  endfacet
  facet normal 0 0 -1
    outer loop
      vertex 35.4724 27.0597 20
      vertex 35.4724 36.5799 20
      vertex 36.0624 36.0624 20
    endloop
  endfacet
  facet normal 0 0 -1
    outer loop
      vertex 34.8198 26.6237 20
      vertex 35.4724 36.5799 20
      vertex 35.4724 27.0597 20
    endloop
  endfacet
  facet normal 0 0 -1
    outer loop
      vertex 34.8198 26.6237 20
      vertex 34.8198 37.016 20
      vertex 35.4724 36.5799 20
    endloop
  endfacet
  facet normal 0 0 -1
    outer loop
      vertex 34.1159 26.2765 20
      vertex 34.8198 37.016 20
      vertex 34.8198 26.6237 20
    endloop
  endfacet
  facet normal 0 0 -1
    outer loop
      vertex 34.1159 26.2765 20
      vertex 34.1159 37.3631 20
      vertex 34.8198 37.016 20
    endloop
  endfacet
  facet normal 0 0 -1
    outer loop
      vertex 33.3727 26.0243 20
      vertex 34.1159 37.3631 20
      vertex 34.1159 26.2765 20
    endloop
  endfacet
  facet normal 0 0 -1
    outer loop
      vertex 33.3727 26.0243 20
      vertex 33.3727 37.6154 20
      vertex 34.1159 37.3631 20
    endloop
  endfacet
  facet normal 0 0 -1
    outer loop
      vertex 32.603 25.8711 20
      vertex 33.3727 37.6154 20
      vertex 33.3727 26.0243 20
    endloop
  endfacet
  facet normal 0 0 -1
    outer loop
      vertex 32.603 25.8711 20
      vertex 32.603 37.7685 20
      vertex 33.3727 37.6154 20
    endloop
  endfacet
  facet normal 0 0 -1
    outer loop
      vertex 31.8198 25.8198 20
      vertex 32.603 37.7685 20
      vertex 32.603 25.8711 20
    endloop
  endfacet
  facet normal 0 0 -1
    outer loop
      vertex 31.8198 25.8198 20
      vertex 31.8198 37.8198 20
      vertex 32.603 37.7685 20
    endloop
  endfacet
  facet normal 0 0 -1
    outer loop
      vertex 31.0366 25.8711 20
      vertex 31.8198 37.8198 20
      vertex 31.8198 25.8198 20
    endloop
  endfacet
  facet normal 0 0 -1
    outer loop
      vertex 31.0366 25.8711 20
      vertex 31.0366 37.7685 20
      vertex 31.8198 37.8198 20
    endloop
  endfacet
  facet normal 0 0 -1
    outer loop
      vertex 30.2669 26.0243 20
      vertex 31.0366 37.7685 20
      vertex 31.0366 25.8711 20
    endloop
  endfacet
  facet normal 0 0 -1
    outer loop
      vertex 30.2669 26.0243 20
      vertex 30.2669 37.6154 20
      vertex 31.0366 37.7685 20
    endloop
  endfacet
  facet normal 0 0 -1
    outer loop
      vertex 29.5237 26.2765 20
      vertex 30.2669 37.6154 20
      vertex 30.2669 26.0243 20
    endloop
  endfacet
  facet normal 0 0 -1
    outer loop
      vertex 29.5237 26.2765 20
      vertex 29.5237 37.3631 20
      vertex 30.2669 37.6154 20
    endloop
  endfacet
  facet normal 0 0 -1
    outer loop
      vertex 28.8198 26.6237 20
      vertex 29.5237 37.3631 20
      vertex 29.5237 26.2765 20
    endloop
  endfacet
  facet normal 0 0 -1
    outer loop
      vertex 28.8198 26.6237 20
      vertex 28.8198 37.016 20
      vertex 29.5237 37.3631 20
    endloop
  endfacet
  facet normal 0 0 -1
    outer loop
      vertex 28.1672 27.0597 20
      vertex 28.8198 37.016 20
      vertex 28.8198 26.6237 20
    endloop
  endfacet
  facet normal 0 0 -1
    outer loop
      vertex 28.1672 27.0597 20
      vertex 28.1672 36.5799 20
      vertex 28.8198 37.016 20
    endloop
  endfacet
  facet normal 0 0 -1
    outer loop
      vertex 27.5772 27.5772 20
      vertex 28.1672 36.5799 20
      vertex 28.1672 27.0597 20
    endloop
  endfacet
  facet normal 0 0 -1
    outer loop
      vertex 27.5772 27.5772 20
      vertex 27.5772 36.0624 20
      vertex 28.1672 36.5799 20
    endloop
  endfacet
  facet normal 0 0 -1
    outer loop
      vertex 27.0597 28.1672 20
      vertex 27.5772 36.0624 20
      vertex 27.5772 27.5772 20
    endloop
  endfacet
  facet normal 0 0 -1
    outer loop
      vertex 27.0597 28.1672 20
      vertex 27.0597 35.4724 20
      vertex 27.5772 36.0624 20
    endloop
  endfacet
  facet normal 0 0 -1
    outer loop
      vertex 26.6237 28.8198 20
      vertex 27.0597 35.4724 20
      vertex 27.0597 28.1672 20
    endloop
  endfacet
  facet normal 0 0 -1
    outer loop
      vertex 26.6237 28.8198 20
      vertex 26.6237 34.8198 20
      vertex 27.0597 35.4724 20
    endloop
  endfacet
  facet normal 0 0 -1
    outer loop
      vertex 26.2765 29.5237 20
      vertex 26.6237 34.8198 20
      vertex 26.6237 28.8198 20
    endloop
  endfacet
  facet normal 0 0 -1
    outer loop
      vertex 26.2765 29.5237 20
      vertex 26.2765 34.1159 20
      vertex 26.6237 34.8198 20
    endloop
  endfacet
  facet normal 0 0 -1
    outer loop
      vertex 26.0243 30.2669 20
      vertex 26.2765 34.1159 20
      vertex 26.2765 29.5237 20
    endloop
  endfacet
  facet normal 0 0 -1
    outer loop
      vertex 26.0243 30.2669 20
      vertex 26.0243 33.3727 20
      vertex 26.2765 34.1159 20
    endloop
  endfacet
  facet normal 0 0 -1
    outer loop
      vertex 25.8711 31.0366 20
      vertex 26.0243 33.3727 20
      vertex 26.0243 30.2669 20
    endloop
  endfacet
  facet normal 0 0 -1
    outer loop
      vertex 25.8711 31.0366 20
      vertex 25.8711 32.603 20
      vertex 26.0243 33.3727 20
    endloop
  endfacet
  facet normal 0 -0 -1
    outer loop
      vertex 25.8711 32.603 20
      vertex 25.8711 31.0366 20
      vertex 25.8198 31.8198 20
    endloop
  endfacet
  facet normal 0.980786 -0.195087 0
    outer loop
      vertex 37.6154 30.2669 26
      vertex 37.7685 31.0366 20
      vertex 37.7685 31.0366 26
    endloop
  endfacet
  facet normal 0.980786 -0.195087 0
    outer loop
      vertex 37.7685 31.0366 20
      vertex 37.6154 30.2669 26
      vertex 37.6154 30.2669 20
    endloop
  endfacet
  facet normal -0.0653605 0.997862 0
    outer loop
      vertex 31.8198 37.8198 20
      vertex 31.0366 37.7685 26
      vertex 31.8198 37.8198 26
    endloop
  endfacet
  facet normal -0.0653605 0.997862 0
    outer loop
      vertex 31.0366 37.7685 26
      vertex 31.8198 37.8198 20
      vertex 31.0366 37.7685 20
    endloop
  endfacet
  facet normal -0.946962 -0.321345 0
    outer loop
      vertex 26.2765 29.5237 20
      vertex 26.0243 30.2669 26
      vertex 26.0243 30.2669 20
    endloop
  endfacet
  facet normal -0.946962 -0.321345 0
    outer loop
      vertex 26.0243 30.2669 26
      vertex 26.2765 29.5237 20
      vertex 26.2765 29.5237 26
    endloop
  endfacet
  facet normal -0.659406 -0.751787 0
    outer loop
      vertex 27.5772 27.5772 20
      vertex 28.1672 27.0597 26
      vertex 27.5772 27.5772 26
    endloop
  endfacet
  facet normal -0.659406 -0.751787 -0
    outer loop
      vertex 28.1672 27.0597 26
      vertex 27.5772 27.5772 20
      vertex 28.1672 27.0597 20
    endloop
  endfacet
  facet normal 0.555611 0.831442 -0
    outer loop
      vertex 35.4724 36.5799 20
      vertex 34.8198 37.016 26
      vertex 35.4724 36.5799 26
    endloop
  endfacet
  facet normal 0.555611 0.831442 0
    outer loop
      vertex 34.8198 37.016 26
      vertex 35.4724 36.5799 20
      vertex 34.8198 37.016 20
    endloop
  endfacet
  facet normal 0.946923 -0.32146 0
    outer loop
      vertex 37.3631 29.5237 26
      vertex 37.6154 30.2669 20
      vertex 37.6154 30.2669 26
    endloop
  endfacet
  facet normal 0.946923 -0.32146 0
    outer loop
      vertex 37.6154 30.2669 20
      vertex 37.3631 29.5237 26
      vertex 37.3631 29.5237 20
    endloop
  endfacet
  facet normal 0.442365 -0.896835 0
    outer loop
      vertex 34.1159 26.2765 20
      vertex 34.8198 26.6237 26
      vertex 34.1159 26.2765 26
    endloop
  endfacet
  facet normal 0.442365 -0.896835 0
    outer loop
      vertex 34.8198 26.6237 26
      vertex 34.1159 26.2765 20
      vertex 34.8198 26.6237 20
    endloop
  endfacet
  facet normal -0.980762 0.195209 0
    outer loop
      vertex 25.8711 32.603 20
      vertex 26.0243 33.3727 26
      vertex 26.0243 33.3727 20
    endloop
  endfacet
  facet normal -0.980762 0.195209 0
    outer loop
      vertex 26.0243 33.3727 26
      vertex 25.8711 32.603 20
      vertex 25.8711 32.603 26
    endloop
  endfacet
  facet normal 0.195209 -0.980762 0
    outer loop
      vertex 32.603 25.8711 20
      vertex 33.3727 26.0243 26
      vertex 32.603 25.8711 26
    endloop
  endfacet
  facet normal 0.195209 -0.980762 0
    outer loop
      vertex 33.3727 26.0243 26
      vertex 32.603 25.8711 20
      vertex 33.3727 26.0243 20
    endloop
  endfacet
  facet normal -0.831501 -0.555523 0
    outer loop
      vertex 27.0597 28.1672 20
      vertex 26.6237 28.8198 26
      vertex 26.6237 28.8198 20
    endloop
  endfacet
  facet normal -0.831501 -0.555523 0
    outer loop
      vertex 26.6237 28.8198 26
      vertex 27.0597 28.1672 20
      vertex 27.0597 28.1672 26
    endloop
  endfacet
  facet normal -0.946962 0.321345 0
    outer loop
      vertex 26.0243 33.3727 20
      vertex 26.2765 34.1159 26
      vertex 26.2765 34.1159 20
    endloop
  endfacet
  facet normal -0.946962 0.321345 0
    outer loop
      vertex 26.2765 34.1159 26
      vertex 26.0243 33.3727 20
      vertex 26.0243 33.3727 26
    endloop
  endfacet
  facet normal -0.0653605 -0.997862 0
    outer loop
      vertex 31.0366 25.8711 20
      vertex 31.8198 25.8198 26
      vertex 31.0366 25.8711 26
    endloop
  endfacet
  facet normal -0.0653605 -0.997862 -0
    outer loop
      vertex 31.8198 25.8198 26
      vertex 31.0366 25.8711 20
      vertex 31.8198 25.8198 20
    endloop
  endfacet
  facet normal 0 0 1
    outer loop
      vertex 36.8198 31.8198 26
      vertex 37.8198 31.8198 26
      vertex 37.7685 32.603 26
    endloop
  endfacet
  facet normal 0 0 1
    outer loop
      vertex 36.777 32.4724 26
      vertex 37.7685 32.603 26
      vertex 37.6154 33.3727 26
    endloop
  endfacet
  facet normal 0 0 1
    outer loop
      vertex 37.8198 31.8198 26
      vertex 36.8198 31.8198 26
      vertex 37.7685 31.0366 26
    endloop
  endfacet
  facet normal 0 0 1
    outer loop
      vertex 36.6494 33.1139 26
      vertex 37.6154 33.3727 26
      vertex 37.3631 34.1159 26
    endloop
  endfacet
  facet normal -0 0 1
    outer loop
      vertex 36.777 31.1672 26
      vertex 37.7685 31.0366 26
      vertex 36.8198 31.8198 26
    endloop
  endfacet
  facet normal 0 0 1
    outer loop
      vertex 36.4392 33.7332 26
      vertex 37.3631 34.1159 26
      vertex 37.016 34.8198 26
    endloop
  endfacet
  facet normal 0 0 1
    outer loop
      vertex 37.7685 31.0366 26
      vertex 36.777 31.1672 26
      vertex 37.6154 30.2669 26
    endloop
  endfacet
  facet normal -0 0 1
    outer loop
      vertex 36.6494 30.5257 26
      vertex 37.6154 30.2669 26
      vertex 36.777 31.1672 26
    endloop
  endfacet
  facet normal 0 0 1
    outer loop
      vertex 37.7685 32.603 26
      vertex 36.777 32.4724 26
      vertex 36.8198 31.8198 26
    endloop
  endfacet
  facet normal 0 0 1
    outer loop
      vertex 37.6154 33.3727 26
      vertex 36.6494 33.1139 26
      vertex 36.777 32.4724 26
    endloop
  endfacet
  facet normal 0 0 1
    outer loop
      vertex 36.1499 34.3198 26
      vertex 37.016 34.8198 26
      vertex 36.5799 35.4724 26
    endloop
  endfacet
  facet normal 0 0 1
    outer loop
      vertex 37.3631 34.1159 26
      vertex 36.4392 33.7332 26
      vertex 36.6494 33.1139 26
    endloop
  endfacet
  facet normal 0 0 1
    outer loop
      vertex 37.016 34.8198 26
      vertex 36.1499 34.3198 26
      vertex 36.4392 33.7332 26
    endloop
  endfacet
  facet normal 0 0 1
    outer loop
      vertex 35.7866 34.8636 26
      vertex 36.5799 35.4724 26
      vertex 36.0624 36.0624 26
    endloop
  endfacet
  facet normal 0 0 1
    outer loop
      vertex 36.5799 35.4724 26
      vertex 35.7866 34.8636 26
      vertex 36.1499 34.3198 26
    endloop
  endfacet
  facet normal 0 0 1
    outer loop
      vertex 35.3553 35.3553 26
      vertex 36.0624 36.0624 26
      vertex 35.4724 36.5799 26
    endloop
  endfacet
  facet normal 0 0 1
    outer loop
      vertex 36.0624 36.0624 26
      vertex 35.3553 35.3553 26
      vertex 35.7866 34.8636 26
    endloop
  endfacet
  facet normal 0 0 1
    outer loop
      vertex 35.4724 36.5799 26
      vertex 34.8636 35.7866 26
      vertex 35.3553 35.3553 26
    endloop
  endfacet
  facet normal 0 0 1
    outer loop
      vertex 34.8198 37.016 26
      vertex 34.8636 35.7866 26
      vertex 35.4724 36.5799 26
    endloop
  endfacet
  facet normal 0 0 1
    outer loop
      vertex 34.8198 37.016 26
      vertex 34.3198 36.1499 26
      vertex 34.8636 35.7866 26
    endloop
  endfacet
  facet normal 0 0 1
    outer loop
      vertex 34.1159 37.3631 26
      vertex 34.3198 36.1499 26
      vertex 34.8198 37.016 26
    endloop
  endfacet
  facet normal 0 0 1
    outer loop
      vertex 34.1159 37.3631 26
      vertex 33.7332 36.4392 26
      vertex 34.3198 36.1499 26
    endloop
  endfacet
  facet normal 0 0 1
    outer loop
      vertex 33.3727 37.6154 26
      vertex 33.7332 36.4392 26
      vertex 34.1159 37.3631 26
    endloop
  endfacet
  facet normal 0 0 1
    outer loop
      vertex 33.3727 37.6154 26
      vertex 33.1139 36.6494 26
      vertex 33.7332 36.4392 26
    endloop
  endfacet
  facet normal 0 0 1
    outer loop
      vertex 32.603 37.7685 26
      vertex 33.1139 36.6494 26
      vertex 33.3727 37.6154 26
    endloop
  endfacet
  facet normal 0 0 1
    outer loop
      vertex 32.603 37.7685 26
      vertex 32.4724 36.777 26
      vertex 33.1139 36.6494 26
    endloop
  endfacet
  facet normal 0 0 1
    outer loop
      vertex 31.8198 37.8198 26
      vertex 32.4724 36.777 26
      vertex 32.603 37.7685 26
    endloop
  endfacet
  facet normal 0 0 1
    outer loop
      vertex 31.8198 37.8198 26
      vertex 31.8198 36.8198 26
      vertex 32.4724 36.777 26
    endloop
  endfacet
  facet normal 0 0 1
    outer loop
      vertex 31.8198 37.8198 26
      vertex 31.1672 36.777 26
      vertex 31.8198 36.8198 26
    endloop
  endfacet
  facet normal -0 0 1
    outer loop
      vertex 31.0366 37.7685 26
      vertex 31.1672 36.777 26
      vertex 31.8198 37.8198 26
    endloop
  endfacet
  facet normal 0 0 1
    outer loop
      vertex 31.0366 37.7685 26
      vertex 30.5257 36.6494 26
      vertex 31.1672 36.777 26
    endloop
  endfacet
  facet normal -0 0 1
    outer loop
      vertex 30.2669 37.6154 26
      vertex 30.5257 36.6494 26
      vertex 31.0366 37.7685 26
    endloop
  endfacet
  facet normal 0 0 1
    outer loop
      vertex 30.2669 37.6154 26
      vertex 29.9064 36.4392 26
      vertex 30.5257 36.6494 26
    endloop
  endfacet
  facet normal -0 0 1
    outer loop
      vertex 29.5237 37.3631 26
      vertex 29.9064 36.4392 26
      vertex 30.2669 37.6154 26
    endloop
  endfacet
  facet normal 0 0 1
    outer loop
      vertex 29.5237 37.3631 26
      vertex 29.3198 36.1499 26
      vertex 29.9064 36.4392 26
    endloop
  endfacet
  facet normal -0 0 1
    outer loop
      vertex 28.8198 37.016 26
      vertex 29.3198 36.1499 26
      vertex 29.5237 37.3631 26
    endloop
  endfacet
  facet normal 0 0 1
    outer loop
      vertex 28.8198 37.016 26
      vertex 28.776 35.7866 26
      vertex 29.3198 36.1499 26
    endloop
  endfacet
  facet normal -0 0 1
    outer loop
      vertex 28.1672 36.5799 26
      vertex 28.776 35.7866 26
      vertex 28.8198 37.016 26
    endloop
  endfacet
  facet normal 0 0 1
    outer loop
      vertex 28.776 35.7866 26
      vertex 28.1672 36.5799 26
      vertex 28.2843 35.3553 26
    endloop
  endfacet
  facet normal -0 0 1
    outer loop
      vertex 27.5772 36.0624 26
      vertex 28.2843 35.3553 26
      vertex 28.1672 36.5799 26
    endloop
  endfacet
  facet normal 0 0 1
    outer loop
      vertex 28.2843 35.3553 26
      vertex 27.5772 36.0624 26
      vertex 27.853 34.8636 26
    endloop
  endfacet
  facet normal -0 0 1
    outer loop
      vertex 27.0597 35.4724 26
      vertex 27.853 34.8636 26
      vertex 27.5772 36.0624 26
    endloop
  endfacet
  facet normal 0 0 1
    outer loop
      vertex 27.853 34.8636 26
      vertex 27.0597 35.4724 26
      vertex 27.4897 34.3198 26
    endloop
  endfacet
  facet normal -0 0 1
    outer loop
      vertex 26.6237 34.8198 26
      vertex 27.4897 34.3198 26
      vertex 27.0597 35.4724 26
    endloop
  endfacet
  facet normal 0 0 1
    outer loop
      vertex 27.4897 34.3198 26
      vertex 26.6237 34.8198 26
      vertex 27.2004 33.7332 26
    endloop
  endfacet
  facet normal -0 0 1
    outer loop
      vertex 26.2765 34.1159 26
      vertex 27.2004 33.7332 26
      vertex 26.6237 34.8198 26
    endloop
  endfacet
  facet normal -0 0 1
    outer loop
      vertex 26.0243 33.3727 26
      vertex 26.9902 33.1139 26
      vertex 26.2765 34.1159 26
    endloop
  endfacet
  facet normal 0 0 1
    outer loop
      vertex 27.2004 33.7332 26
      vertex 26.2765 34.1159 26
      vertex 26.9902 33.1139 26
    endloop
  endfacet
  facet normal 0 0 1
    outer loop
      vertex 37.6154 30.2669 26
      vertex 36.6494 30.5257 26
      vertex 37.3631 29.5237 26
    endloop
  endfacet
  facet normal -0 0 1
    outer loop
      vertex 36.4392 29.9064 26
      vertex 37.3631 29.5237 26
      vertex 36.6494 30.5257 26
    endloop
  endfacet
  facet normal 0 0 1
    outer loop
      vertex 37.3631 29.5237 26
      vertex 36.4392 29.9064 26
      vertex 37.016 28.8198 26
    endloop
  endfacet
  facet normal -0 0 1
    outer loop
      vertex 36.1499 29.3198 26
      vertex 37.016 28.8198 26
      vertex 36.4392 29.9064 26
    endloop
  endfacet
  facet normal 0 0 1
    outer loop
      vertex 37.016 28.8198 26
      vertex 36.1499 29.3198 26
      vertex 36.5799 28.1672 26
    endloop
  endfacet
  facet normal -0 0 1
    outer loop
      vertex 35.7866 28.776 26
      vertex 36.5799 28.1672 26
      vertex 36.1499 29.3198 26
    endloop
  endfacet
  facet normal 0 0 1
    outer loop
      vertex 36.5799 28.1672 26
      vertex 35.7866 28.776 26
      vertex 36.0624 27.5772 26
    endloop
  endfacet
  facet normal -0 0 1
    outer loop
      vertex 35.3553 28.2843 26
      vertex 36.0624 27.5772 26
      vertex 35.7866 28.776 26
    endloop
  endfacet
  facet normal 0 0 1
    outer loop
      vertex 36.0624 27.5772 26
      vertex 35.3553 28.2843 26
      vertex 35.4724 27.0597 26
    endloop
  endfacet
  facet normal -0 0 1
    outer loop
      vertex 34.8636 27.853 26
      vertex 35.4724 27.0597 26
      vertex 35.3553 28.2843 26
    endloop
  endfacet
  facet normal 0 0 1
    outer loop
      vertex 34.8636 27.853 26
      vertex 34.8198 26.6237 26
      vertex 35.4724 27.0597 26
    endloop
  endfacet
  facet normal -0 0 1
    outer loop
      vertex 34.3198 27.4897 26
      vertex 34.8198 26.6237 26
      vertex 34.8636 27.853 26
    endloop
  endfacet
  facet normal 0 0 1
    outer loop
      vertex 34.3198 27.4897 26
      vertex 34.1159 26.2765 26
      vertex 34.8198 26.6237 26
    endloop
  endfacet
  facet normal -0 0 1
    outer loop
      vertex 33.7332 27.2004 26
      vertex 34.1159 26.2765 26
      vertex 34.3198 27.4897 26
    endloop
  endfacet
  facet normal 0 0 1
    outer loop
      vertex 33.7332 27.2004 26
      vertex 33.3727 26.0243 26
      vertex 34.1159 26.2765 26
    endloop
  endfacet
  facet normal -0 0 1
    outer loop
      vertex 33.1139 26.9902 26
      vertex 33.3727 26.0243 26
      vertex 33.7332 27.2004 26
    endloop
  endfacet
  facet normal 0 0 1
    outer loop
      vertex 33.1139 26.9902 26
      vertex 32.603 25.8711 26
      vertex 33.3727 26.0243 26
    endloop
  endfacet
  facet normal -0 0 1
    outer loop
      vertex 32.4724 26.8626 26
      vertex 32.603 25.8711 26
      vertex 33.1139 26.9902 26
    endloop
  endfacet
  facet normal -0 0 1
    outer loop
      vertex 31.8198 26.8198 26
      vertex 32.603 25.8711 26
      vertex 32.4724 26.8626 26
    endloop
  endfacet
  facet normal 0 0 1
    outer loop
      vertex 31.8198 26.8198 26
      vertex 31.8198 25.8198 26
      vertex 32.603 25.8711 26
    endloop
  endfacet
  facet normal 0 0 1
    outer loop
      vertex 31.1672 26.8626 26
      vertex 31.8198 25.8198 26
      vertex 31.8198 26.8198 26
    endloop
  endfacet
  facet normal 0 0 1
    outer loop
      vertex 31.1672 26.8626 26
      vertex 31.0366 25.8711 26
      vertex 31.8198 25.8198 26
    endloop
  endfacet
  facet normal 0 0 1
    outer loop
      vertex 30.5257 26.9902 26
      vertex 31.0366 25.8711 26
      vertex 31.1672 26.8626 26
    endloop
  endfacet
  facet normal 0 0 1
    outer loop
      vertex 30.5257 26.9902 26
      vertex 30.2669 26.0243 26
      vertex 31.0366 25.8711 26
    endloop
  endfacet
  facet normal 0 0 1
    outer loop
      vertex 29.9064 27.2004 26
      vertex 30.2669 26.0243 26
      vertex 30.5257 26.9902 26
    endloop
  endfacet
  facet normal 0 0 1
    outer loop
      vertex 29.9064 27.2004 26
      vertex 29.5237 26.2765 26
      vertex 30.2669 26.0243 26
    endloop
  endfacet
  facet normal 0 0 1
    outer loop
      vertex 29.3198 27.4897 26
      vertex 29.5237 26.2765 26
      vertex 29.9064 27.2004 26
    endloop
  endfacet
  facet normal 0 0 1
    outer loop
      vertex 29.3198 27.4897 26
      vertex 28.8198 26.6237 26
      vertex 29.5237 26.2765 26
    endloop
  endfacet
  facet normal 0 0 1
    outer loop
      vertex 28.776 27.853 26
      vertex 28.8198 26.6237 26
      vertex 29.3198 27.4897 26
    endloop
  endfacet
  facet normal 0 0 1
    outer loop
      vertex 28.1672 27.0597 26
      vertex 28.776 27.853 26
      vertex 28.2843 28.2843 26
    endloop
  endfacet
  facet normal 0 0 1
    outer loop
      vertex 28.776 27.853 26
      vertex 28.1672 27.0597 26
      vertex 28.8198 26.6237 26
    endloop
  endfacet
  facet normal 0 0 1
    outer loop
      vertex 27.5772 27.5772 26
      vertex 28.2843 28.2843 26
      vertex 27.853 28.776 26
    endloop
  endfacet
  facet normal 0 0 1
    outer loop
      vertex 28.2843 28.2843 26
      vertex 27.5772 27.5772 26
      vertex 28.1672 27.0597 26
    endloop
  endfacet
  facet normal 0 0 1
    outer loop
      vertex 27.0597 28.1672 26
      vertex 27.853 28.776 26
      vertex 27.4897 29.3198 26
    endloop
  endfacet
  facet normal 0 0 1
    outer loop
      vertex 26.6237 28.8198 26
      vertex 27.4897 29.3198 26
      vertex 27.2004 29.9064 26
    endloop
  endfacet
  facet normal 0 0 1
    outer loop
      vertex 27.853 28.776 26
      vertex 27.0597 28.1672 26
      vertex 27.5772 27.5772 26
    endloop
  endfacet
  facet normal 0 0 1
    outer loop
      vertex 26.2765 29.5237 26
      vertex 27.2004 29.9064 26
      vertex 26.9902 30.5257 26
    endloop
  endfacet
  facet normal 0 0 1
    outer loop
      vertex 26.0243 30.2669 26
      vertex 26.9902 30.5257 26
      vertex 26.8626 31.1672 26
    endloop
  endfacet
  facet normal 0 0 1
    outer loop
      vertex 27.4897 29.3198 26
      vertex 26.6237 28.8198 26
      vertex 27.0597 28.1672 26
    endloop
  endfacet
  facet normal 0 0 1
    outer loop
      vertex 25.8711 31.0366 26
      vertex 26.8626 31.1672 26
      vertex 26.8198 31.8198 26
    endloop
  endfacet
  facet normal 0 0 1
    outer loop
      vertex 26.9902 33.1139 26
      vertex 26.0243 33.3727 26
      vertex 26.8626 32.4724 26
    endloop
  endfacet
  facet normal -0 0 1
    outer loop
      vertex 25.8711 32.603 26
      vertex 26.8626 32.4724 26
      vertex 26.0243 33.3727 26
    endloop
  endfacet
  facet normal 0 0 1
    outer loop
      vertex 27.2004 29.9064 26
      vertex 26.2765 29.5237 26
      vertex 26.6237 28.8198 26
    endloop
  endfacet
  facet normal 0 0 1
    outer loop
      vertex 26.8626 32.4724 26
      vertex 25.8711 32.603 26
      vertex 26.8198 31.8198 26
    endloop
  endfacet
  facet normal 0 0 1
    outer loop
      vertex 26.9902 30.5257 26
      vertex 26.0243 30.2669 26
      vertex 26.2765 29.5237 26
    endloop
  endfacet
  facet normal 0 0 1
    outer loop
      vertex 25.8198 31.8198 26
      vertex 26.8198 31.8198 26
      vertex 25.8711 32.603 26
    endloop
  endfacet
  facet normal 0 0 1
    outer loop
      vertex 26.8626 31.1672 26
      vertex 25.8711 31.0366 26
      vertex 26.0243 30.2669 26
    endloop
  endfacet
  facet normal 0 0 1
    outer loop
      vertex 26.8198 31.8198 26
      vertex 25.8198 31.8198 26
      vertex 25.8711 31.0366 26
    endloop
  endfacet
  facet normal 0.831442 0.555611 0
    outer loop
      vertex 37.016 34.8198 26
      vertex 36.5799 35.4724 20
      vertex 36.5799 35.4724 26
    endloop
  endfacet
  facet normal 0.831442 0.555611 0
    outer loop
      vertex 36.5799 35.4724 20
      vertex 37.016 34.8198 26
      vertex 37.016 34.8198 20
    endloop
  endfacet
  facet normal 0.32146 0.946923 -0
    outer loop
      vertex 34.1159 37.3631 20
      vertex 33.3727 37.6154 26
      vertex 34.1159 37.3631 26
    endloop
  endfacet
  facet normal 0.32146 0.946923 0
    outer loop
      vertex 33.3727 37.6154 26
      vertex 34.1159 37.3631 20
      vertex 33.3727 37.6154 20
    endloop
  endfacet
  facet normal -0.195087 0.980786 0
    outer loop
      vertex 31.0366 37.7685 20
      vertex 30.2669 37.6154 26
      vertex 31.0366 37.7685 26
    endloop
  endfacet
  facet normal -0.195087 0.980786 0
    outer loop
      vertex 30.2669 37.6154 26
      vertex 31.0366 37.7685 20
      vertex 30.2669 37.6154 20
    endloop
  endfacet
  facet normal 0.751787 0.659406 0
    outer loop
      vertex 36.5799 35.4724 26
      vertex 36.0624 36.0624 20
      vertex 36.0624 36.0624 26
    endloop
  endfacet
  facet normal 0.751787 0.659406 0
    outer loop
      vertex 36.0624 36.0624 20
      vertex 36.5799 35.4724 26
      vertex 36.5799 35.4724 20
    endloop
  endfacet
  facet normal 0.997862 -0.0653605 0
    outer loop
      vertex 37.7685 31.0366 26
      vertex 37.8198 31.8198 20
      vertex 37.8198 31.8198 26
    endloop
  endfacet
  facet normal 0.997862 -0.0653605 0
    outer loop
      vertex 37.8198 31.8198 20
      vertex 37.7685 31.0366 26
      vertex 37.7685 31.0366 20
    endloop
  endfacet
  facet normal 0.659406 0.751787 -0
    outer loop
      vertex 36.0624 36.0624 20
      vertex 35.4724 36.5799 26
      vertex 36.0624 36.0624 26
    endloop
  endfacet
  facet normal 0.659406 0.751787 0
    outer loop
      vertex 35.4724 36.5799 26
      vertex 36.0624 36.0624 20
      vertex 35.4724 36.5799 20
    endloop
  endfacet
  facet normal 0.896885 -0.442263 0
    outer loop
      vertex 37.016 28.8198 26
      vertex 37.3631 29.5237 20
      vertex 37.3631 29.5237 26
    endloop
  endfacet
  facet normal 0.896885 -0.442263 0
    outer loop
      vertex 37.3631 29.5237 20
      vertex 37.016 28.8198 26
      vertex 37.016 28.8198 20
    endloop
  endfacet
  facet normal 0.555523 -0.831501 0
    outer loop
      vertex 34.8198 26.6237 20
      vertex 35.4724 27.0597 26
      vertex 34.8198 26.6237 26
    endloop
  endfacet
  facet normal 0.555523 -0.831501 0
    outer loop
      vertex 35.4724 27.0597 26
      vertex 34.8198 26.6237 20
      vertex 35.4724 27.0597 20
    endloop
  endfacet
  facet normal -0.555523 -0.831501 0
    outer loop
      vertex 28.1672 27.0597 20
      vertex 28.8198 26.6237 26
      vertex 28.1672 27.0597 26
    endloop
  endfacet
  facet normal -0.555523 -0.831501 -0
    outer loop
      vertex 28.8198 26.6237 26
      vertex 28.1672 27.0597 20
      vertex 28.8198 26.6237 20
    endloop
  endfacet
  facet normal -0.442263 0.896885 0
    outer loop
      vertex 29.5237 37.3631 20
      vertex 28.8198 37.016 26
      vertex 29.5237 37.3631 26
    endloop
  endfacet
  facet normal -0.442263 0.896885 0
    outer loop
      vertex 28.8198 37.016 26
      vertex 29.5237 37.3631 20
      vertex 28.8198 37.016 20
    endloop
  endfacet
  facet normal -0.831501 0.555523 0
    outer loop
      vertex 26.6237 34.8198 20
      vertex 27.0597 35.4724 26
      vertex 27.0597 35.4724 20
    endloop
  endfacet
  facet normal -0.831501 0.555523 0
    outer loop
      vertex 27.0597 35.4724 26
      vertex 26.6237 34.8198 20
      vertex 26.6237 34.8198 26
    endloop
  endfacet
  facet normal -0.896835 0.442365 0
    outer loop
      vertex 26.2765 34.1159 20
      vertex 26.6237 34.8198 26
      vertex 26.6237 34.8198 20
    endloop
  endfacet
  facet normal -0.896835 0.442365 0
    outer loop
      vertex 26.6237 34.8198 26
      vertex 26.2765 34.1159 20
      vertex 26.2765 34.1159 26
    endloop
  endfacet
  facet normal -0.896835 -0.442365 0
    outer loop
      vertex 26.6237 28.8198 20
      vertex 26.2765 29.5237 26
      vertex 26.2765 29.5237 20
    endloop
  endfacet
  facet normal -0.896835 -0.442365 0
    outer loop
      vertex 26.2765 29.5237 26
      vertex 26.6237 28.8198 20
      vertex 26.6237 28.8198 26
    endloop
  endfacet
  facet normal 0.751787 -0.659406 0
    outer loop
      vertex 36.0624 27.5772 26
      vertex 36.5799 28.1672 20
      vertex 36.5799 28.1672 26
    endloop
  endfacet
  facet normal 0.751787 -0.659406 0
    outer loop
      vertex 36.5799 28.1672 20
      vertex 36.0624 27.5772 26
      vertex 36.0624 27.5772 20
    endloop
  endfacet
  facet normal 0.0653605 -0.997862 0
    outer loop
      vertex 31.8198 25.8198 20
      vertex 32.603 25.8711 26
      vertex 31.8198 25.8198 26
    endloop
  endfacet
  facet normal 0.0653605 -0.997862 0
    outer loop
      vertex 32.603 25.8711 26
      vertex 31.8198 25.8198 20
      vertex 32.603 25.8711 20
    endloop
  endfacet
  facet normal -0.195209 -0.980762 0
    outer loop
      vertex 30.2669 26.0243 20
      vertex 31.0366 25.8711 26
      vertex 30.2669 26.0243 26
    endloop
  endfacet
  facet normal -0.195209 -0.980762 -0
    outer loop
      vertex 31.0366 25.8711 26
      vertex 30.2669 26.0243 20
      vertex 31.0366 25.8711 20
    endloop
  endfacet
  facet normal 0.831442 -0.555611 0
    outer loop
      vertex 36.5799 28.1672 26
      vertex 37.016 28.8198 20
      vertex 37.016 28.8198 26
    endloop
  endfacet
  facet normal 0.831442 -0.555611 0
    outer loop
      vertex 37.016 28.8198 20
      vertex 36.5799 28.1672 26
      vertex 36.5799 28.1672 20
    endloop
  endfacet
  facet normal 0.0653605 0.997862 -0
    outer loop
      vertex 32.603 37.7685 20
      vertex 31.8198 37.8198 26
      vertex 32.603 37.7685 26
    endloop
  endfacet
  facet normal 0.0653605 0.997862 0
    outer loop
      vertex 31.8198 37.8198 26
      vertex 32.603 37.7685 20
      vertex 31.8198 37.8198 20
    endloop
  endfacet
  facet normal -0.997862 -0.0653605 0
    outer loop
      vertex 25.8711 31.0366 20
      vertex 25.8198 31.8198 26
      vertex 25.8198 31.8198 20
    endloop
  endfacet
  facet normal -0.997862 -0.0653605 0
    outer loop
      vertex 25.8198 31.8198 26
      vertex 25.8711 31.0366 20
      vertex 25.8711 31.0366 26
    endloop
  endfacet
  facet normal -0.997862 0.0653605 0
    outer loop
      vertex 25.8198 31.8198 20
      vertex 25.8711 32.603 26
      vertex 25.8711 32.603 20
    endloop
  endfacet
  facet normal -0.997862 0.0653605 0
    outer loop
      vertex 25.8711 32.603 26
      vertex 25.8198 31.8198 20
      vertex 25.8198 31.8198 26
    endloop
  endfacet
  facet normal 0.195087 0.980786 -0
    outer loop
      vertex 33.3727 37.6154 20
      vertex 32.603 37.7685 26
      vertex 33.3727 37.6154 26
    endloop
  endfacet
  facet normal 0.195087 0.980786 0
    outer loop
      vertex 32.603 37.7685 26
      vertex 33.3727 37.6154 20
      vertex 32.603 37.7685 20
    endloop
  endfacet
  facet normal -0.659406 0.751787 0
    outer loop
      vertex 28.1672 36.5799 20
      vertex 27.5772 36.0624 26
      vertex 28.1672 36.5799 26
    endloop
  endfacet
  facet normal -0.659406 0.751787 0
    outer loop
      vertex 27.5772 36.0624 26
      vertex 28.1672 36.5799 20
      vertex 27.5772 36.0624 20
    endloop
  endfacet
  facet normal 0.980786 -0.195087 0
    outer loop
      vertex 36.6494 30.5257 29
      vertex 36.777 31.1672 26
      vertex 36.777 31.1672 29
    endloop
  endfacet
  facet normal 0.980786 -0.195087 0
    outer loop
      vertex 36.777 31.1672 26
      vertex 36.6494 30.5257 29
      vertex 36.6494 30.5257 26
    endloop
  endfacet
  facet normal 0.195087 -0.980786 0
    outer loop
      vertex 32.4724 26.8626 26
      vertex 33.1139 26.9902 29
      vertex 32.4724 26.8626 29
    endloop
  endfacet
  facet normal 0.195087 -0.980786 0
    outer loop
      vertex 33.1139 26.9902 29
      vertex 32.4724 26.8626 26
      vertex 33.1139 26.9902 26
    endloop
  endfacet
  facet normal 0.980786 0.195087 0
    outer loop
      vertex 36.777 32.4724 29
      vertex 36.6494 33.1139 26
      vertex 36.6494 33.1139 29
    endloop
  endfacet
  facet normal 0.980786 0.195087 0
    outer loop
      vertex 36.6494 33.1139 26
      vertex 36.777 32.4724 29
      vertex 36.777 32.4724 26
    endloop
  endfacet
  facet normal 0.997856 0.0654432 0
    outer loop
      vertex 36.8198 31.8198 29
      vertex 36.777 32.4724 26
      vertex 36.777 32.4724 29
    endloop
  endfacet
  facet normal 0.997856 0.0654432 0
    outer loop
      vertex 36.777 32.4724 26
      vertex 36.8198 31.8198 29
      vertex 36.8198 31.8198 26
    endloop
  endfacet
  facet normal -0.751771 -0.659424 0
    outer loop
      vertex 28.2843 28.2843 26
      vertex 27.853 28.776 29
      vertex 27.853 28.776 26
    endloop
  endfacet
  facet normal -0.751771 -0.659424 0
    outer loop
      vertex 27.853 28.776 29
      vertex 28.2843 28.2843 26
      vertex 28.2843 28.2843 29
    endloop
  endfacet
  facet normal -0.321407 -0.946941 0
    outer loop
      vertex 29.9064 27.2004 26
      vertex 30.5257 26.9902 29
      vertex 29.9064 27.2004 29
    endloop
  endfacet
  facet normal -0.321407 -0.946941 -0
    outer loop
      vertex 30.5257 26.9902 29
      vertex 29.9064 27.2004 26
      vertex 30.5257 26.9902 26
    endloop
  endfacet
  facet normal -0.89686 0.442314 0
    outer loop
      vertex 27.2004 33.7332 26
      vertex 27.4897 34.3198 29
      vertex 27.4897 34.3198 26
    endloop
  endfacet
  facet normal -0.89686 0.442314 0
    outer loop
      vertex 27.4897 34.3198 29
      vertex 27.2004 33.7332 26
      vertex 27.2004 33.7332 29
    endloop
  endfacet
  facet normal -0.751771 0.659424 0
    outer loop
      vertex 27.853 34.8636 26
      vertex 28.2843 35.3553 29
      vertex 28.2843 35.3553 26
    endloop
  endfacet
  facet normal -0.751771 0.659424 0
    outer loop
      vertex 28.2843 35.3553 29
      vertex 27.853 34.8636 26
      vertex 27.853 34.8636 29
    endloop
  endfacet
  facet normal -0.555512 0.831509 0
    outer loop
      vertex 29.3198 36.1499 26
      vertex 28.776 35.7866 29
      vertex 29.3198 36.1499 29
    endloop
  endfacet
  facet normal -0.555512 0.831509 0
    outer loop
      vertex 28.776 35.7866 29
      vertex 29.3198 36.1499 26
      vertex 28.776 35.7866 26
    endloop
  endfacet
  facet normal -0.89686 -0.442314 0
    outer loop
      vertex 27.4897 29.3198 26
      vertex 27.2004 29.9064 29
      vertex 27.2004 29.9064 26
    endloop
  endfacet
  facet normal -0.89686 -0.442314 0
    outer loop
      vertex 27.2004 29.9064 29
      vertex 27.4897 29.3198 26
      vertex 27.4897 29.3198 29
    endloop
  endfacet
  facet normal -0.659424 0.751771 0
    outer loop
      vertex 28.776 35.7866 26
      vertex 28.2843 35.3553 29
      vertex 28.776 35.7866 29
    endloop
  endfacet
  facet normal -0.659424 0.751771 0
    outer loop
      vertex 28.2843 35.3553 29
      vertex 28.776 35.7866 26
      vertex 28.2843 35.3553 26
    endloop
  endfacet
  facet normal 0.946941 -0.321407 0
    outer loop
      vertex 36.4392 29.9064 29
      vertex 36.6494 30.5257 26
      vertex 36.6494 30.5257 29
    endloop
  endfacet
  facet normal 0.946941 -0.321407 0
    outer loop
      vertex 36.6494 30.5257 26
      vertex 36.4392 29.9064 29
      vertex 36.4392 29.9064 26
    endloop
  endfacet
  facet normal 0.0654432 -0.997856 0
    outer loop
      vertex 31.8198 26.8198 26
      vertex 32.4724 26.8626 29
      vertex 31.8198 26.8198 29
    endloop
  endfacet
  facet normal 0.0654432 -0.997856 0
    outer loop
      vertex 32.4724 26.8626 29
      vertex 31.8198 26.8198 26
      vertex 32.4724 26.8626 26
    endloop
  endfacet
  facet normal -0.0654432 0.997856 0
    outer loop
      vertex 31.8198 36.8198 26
      vertex 31.1672 36.777 29
      vertex 31.8198 36.8198 29
    endloop
  endfacet
  facet normal -0.0654432 0.997856 0
    outer loop
      vertex 31.1672 36.777 29
      vertex 31.8198 36.8198 26
      vertex 31.1672 36.777 26
    endloop
  endfacet
  facet normal -0.555512 -0.831509 0
    outer loop
      vertex 28.776 27.853 26
      vertex 29.3198 27.4897 29
      vertex 28.776 27.853 29
    endloop
  endfacet
  facet normal -0.555512 -0.831509 -0
    outer loop
      vertex 29.3198 27.4897 29
      vertex 28.776 27.853 26
      vertex 29.3198 27.4897 26
    endloop
  endfacet
  facet normal -0.980786 -0.195087 0
    outer loop
      vertex 26.9902 30.5257 26
      vertex 26.8626 31.1672 29
      vertex 26.8626 31.1672 26
    endloop
  endfacet
  facet normal -0.980786 -0.195087 0
    outer loop
      vertex 26.8626 31.1672 29
      vertex 26.9902 30.5257 26
      vertex 26.9902 30.5257 29
    endloop
  endfacet
  facet normal -0.195087 0.980786 0
    outer loop
      vertex 31.1672 36.777 26
      vertex 30.5257 36.6494 29
      vertex 31.1672 36.777 29
    endloop
  endfacet
  facet normal -0.195087 0.980786 0
    outer loop
      vertex 30.5257 36.6494 29
      vertex 31.1672 36.777 26
      vertex 30.5257 36.6494 26
    endloop
  endfacet
  facet normal 0.0654432 0.997856 -0
    outer loop
      vertex 32.4724 36.777 26
      vertex 31.8198 36.8198 29
      vertex 32.4724 36.777 29
    endloop
  endfacet
  facet normal 0.0654432 0.997856 0
    outer loop
      vertex 31.8198 36.8198 29
      vertex 32.4724 36.777 26
      vertex 31.8198 36.8198 26
    endloop
  endfacet
  facet normal 0.831509 0.555512 0
    outer loop
      vertex 36.1499 34.3198 29
      vertex 35.7866 34.8636 26
      vertex 35.7866 34.8636 29
    endloop
  endfacet
  facet normal 0.831509 0.555512 0
    outer loop
      vertex 35.7866 34.8636 26
      vertex 36.1499 34.3198 29
      vertex 36.1499 34.3198 26
    endloop
  endfacet
  facet normal -0.946941 -0.321407 0
    outer loop
      vertex 27.2004 29.9064 26
      vertex 26.9902 30.5257 29
      vertex 26.9902 30.5257 26
    endloop
  endfacet
  facet normal -0.946941 -0.321407 0
    outer loop
      vertex 26.9902 30.5257 29
      vertex 27.2004 29.9064 26
      vertex 27.2004 29.9064 29
    endloop
  endfacet
  facet normal -0.321407 0.946941 0
    outer loop
      vertex 30.5257 36.6494 26
      vertex 29.9064 36.4392 29
      vertex 30.5257 36.6494 29
    endloop
  endfacet
  facet normal -0.321407 0.946941 0
    outer loop
      vertex 29.9064 36.4392 29
      vertex 30.5257 36.6494 26
      vertex 29.9064 36.4392 26
    endloop
  endfacet
  facet normal -0.980786 0.195087 0
    outer loop
      vertex 26.8626 32.4724 26
      vertex 26.9902 33.1139 29
      vertex 26.9902 33.1139 26
    endloop
  endfacet
  facet normal -0.980786 0.195087 0
    outer loop
      vertex 26.9902 33.1139 29
      vertex 26.8626 32.4724 26
      vertex 26.8626 32.4724 29
    endloop
  endfacet
  facet normal 0.659424 0.751771 -0
    outer loop
      vertex 35.3553 35.3553 26
      vertex 34.8636 35.7866 29
      vertex 35.3553 35.3553 29
    endloop
  endfacet
  facet normal 0.659424 0.751771 0
    outer loop
      vertex 34.8636 35.7866 29
      vertex 35.3553 35.3553 26
      vertex 34.8636 35.7866 26
    endloop
  endfacet
  facet normal 0.442314 0.89686 -0
    outer loop
      vertex 34.3198 36.1499 26
      vertex 33.7332 36.4392 29
      vertex 34.3198 36.1499 29
    endloop
  endfacet
  facet normal 0.442314 0.89686 0
    outer loop
      vertex 33.7332 36.4392 29
      vertex 34.3198 36.1499 26
      vertex 33.7332 36.4392 26
    endloop
  endfacet
  facet normal 0.831509 -0.555512 0
    outer loop
      vertex 35.7866 28.776 29
      vertex 36.1499 29.3198 26
      vertex 36.1499 29.3198 29
    endloop
  endfacet
  facet normal 0.831509 -0.555512 0
    outer loop
      vertex 36.1499 29.3198 26
      vertex 35.7866 28.776 29
      vertex 35.7866 28.776 26
    endloop
  endfacet
  facet normal 0.997856 -0.0654432 0
    outer loop
      vertex 36.777 31.1672 29
      vertex 36.8198 31.8198 26
      vertex 36.8198 31.8198 29
    endloop
  endfacet
  facet normal 0.997856 -0.0654432 0
    outer loop
      vertex 36.8198 31.8198 26
      vertex 36.777 31.1672 29
      vertex 36.777 31.1672 26
    endloop
  endfacet
  facet normal 0.751771 -0.659424 0
    outer loop
      vertex 35.3553 28.2843 29
      vertex 35.7866 28.776 26
      vertex 35.7866 28.776 29
    endloop
  endfacet
  facet normal 0.751771 -0.659424 0
    outer loop
      vertex 35.7866 28.776 26
      vertex 35.3553 28.2843 29
      vertex 35.3553 28.2843 26
    endloop
  endfacet
  facet normal 0.89686 -0.442314 0
    outer loop
      vertex 36.1499 29.3198 29
      vertex 36.4392 29.9064 26
      vertex 36.4392 29.9064 29
    endloop
  endfacet
  facet normal 0.89686 -0.442314 0
    outer loop
      vertex 36.4392 29.9064 26
      vertex 36.1499 29.3198 29
      vertex 36.1499 29.3198 26
    endloop
  endfacet
  facet normal 0.555512 0.831509 -0
    outer loop
      vertex 34.8636 35.7866 26
      vertex 34.3198 36.1499 29
      vertex 34.8636 35.7866 29
    endloop
  endfacet
  facet normal 0.555512 0.831509 0
    outer loop
      vertex 34.3198 36.1499 29
      vertex 34.8636 35.7866 26
      vertex 34.3198 36.1499 26
    endloop
  endfacet
  facet normal -0.997856 0.0654432 0
    outer loop
      vertex 26.8198 31.8198 26
      vertex 26.8626 32.4724 29
      vertex 26.8626 32.4724 26
    endloop
  endfacet
  facet normal -0.997856 0.0654432 0
    outer loop
      vertex 26.8626 32.4724 29
      vertex 26.8198 31.8198 26
      vertex 26.8198 31.8198 29
    endloop
  endfacet
  facet normal 0.442314 -0.89686 0
    outer loop
      vertex 33.7332 27.2004 26
      vertex 34.3198 27.4897 29
      vertex 33.7332 27.2004 29
    endloop
  endfacet
  facet normal 0.442314 -0.89686 0
    outer loop
      vertex 34.3198 27.4897 29
      vertex 33.7332 27.2004 26
      vertex 34.3198 27.4897 26
    endloop
  endfacet
  facet normal -0.442314 0.89686 0
    outer loop
      vertex 29.9064 36.4392 26
      vertex 29.3198 36.1499 29
      vertex 29.9064 36.4392 29
    endloop
  endfacet
  facet normal -0.442314 0.89686 0
    outer loop
      vertex 29.3198 36.1499 29
      vertex 29.9064 36.4392 26
      vertex 29.3198 36.1499 26
    endloop
  endfacet
  facet normal -0.831509 -0.555512 0
    outer loop
      vertex 27.853 28.776 26
      vertex 27.4897 29.3198 29
      vertex 27.4897 29.3198 26
    endloop
  endfacet
  facet normal -0.831509 -0.555512 0
    outer loop
      vertex 27.4897 29.3198 29
      vertex 27.853 28.776 26
      vertex 27.853 28.776 29
    endloop
  endfacet
  facet normal 0.659424 -0.751771 0
    outer loop
      vertex 34.8636 27.853 26
      vertex 35.3553 28.2843 29
      vertex 34.8636 27.853 29
    endloop
  endfacet
  facet normal 0.659424 -0.751771 0
    outer loop
      vertex 35.3553 28.2843 29
      vertex 34.8636 27.853 26
      vertex 35.3553 28.2843 26
    endloop
  endfacet
  facet normal 0.195087 0.980786 -0
    outer loop
      vertex 33.1139 36.6494 26
      vertex 32.4724 36.777 29
      vertex 33.1139 36.6494 29
    endloop
  endfacet
  facet normal 0.195087 0.980786 0
    outer loop
      vertex 32.4724 36.777 29
      vertex 33.1139 36.6494 26
      vertex 32.4724 36.777 26
    endloop
  endfacet
  facet normal 0.555512 -0.831509 0
    outer loop
      vertex 34.3198 27.4897 26
      vertex 34.8636 27.853 29
      vertex 34.3198 27.4897 29
    endloop
  endfacet
  facet normal 0.555512 -0.831509 0
    outer loop
      vertex 34.8636 27.853 29
      vertex 34.3198 27.4897 26
      vertex 34.8636 27.853 26
    endloop
  endfacet
  facet normal 0.321407 0.946941 -0
    outer loop
      vertex 33.7332 36.4392 26
      vertex 33.1139 36.6494 29
      vertex 33.7332 36.4392 29
    endloop
  endfacet
  facet normal 0.321407 0.946941 0
    outer loop
      vertex 33.1139 36.6494 29
      vertex 33.7332 36.4392 26
      vertex 33.1139 36.6494 26
    endloop
  endfacet
  facet normal -0.0654432 -0.997856 0
    outer loop
      vertex 31.1672 26.8626 26
      vertex 31.8198 26.8198 29
      vertex 31.1672 26.8626 29
    endloop
  endfacet
  facet normal -0.0654432 -0.997856 -0
    outer loop
      vertex 31.8198 26.8198 29
      vertex 31.1672 26.8626 26
      vertex 31.8198 26.8198 26
    endloop
  endfacet
  facet normal 0.89686 0.442314 0
    outer loop
      vertex 36.4392 33.7332 29
      vertex 36.1499 34.3198 26
      vertex 36.1499 34.3198 29
    endloop
  endfacet
  facet normal 0.89686 0.442314 0
    outer loop
      vertex 36.1499 34.3198 26
      vertex 36.4392 33.7332 29
      vertex 36.4392 33.7332 26
    endloop
  endfacet
  facet normal -0.195087 -0.980786 0
    outer loop
      vertex 30.5257 26.9902 26
      vertex 31.1672 26.8626 29
      vertex 30.5257 26.9902 29
    endloop
  endfacet
  facet normal -0.195087 -0.980786 -0
    outer loop
      vertex 31.1672 26.8626 29
      vertex 30.5257 26.9902 26
      vertex 31.1672 26.8626 26
    endloop
  endfacet
  facet normal 0.751771 0.659424 0
    outer loop
      vertex 35.7866 34.8636 29
      vertex 35.3553 35.3553 26
      vertex 35.3553 35.3553 29
    endloop
  endfacet
  facet normal 0.751771 0.659424 0
    outer loop
      vertex 35.3553 35.3553 26
      vertex 35.7866 34.8636 29
      vertex 35.7866 34.8636 26
    endloop
  endfacet
  facet normal 0.946941 0.321407 0
    outer loop
      vertex 36.6494 33.1139 29
      vertex 36.4392 33.7332 26
      vertex 36.4392 33.7332 29
    endloop
  endfacet
  facet normal 0.946941 0.321407 0
    outer loop
      vertex 36.4392 33.7332 26
      vertex 36.6494 33.1139 29
      vertex 36.6494 33.1139 26
    endloop
  endfacet
  facet normal -0.997856 -0.0654432 0
    outer loop
      vertex 26.8626 31.1672 26
      vertex 26.8198 31.8198 29
      vertex 26.8198 31.8198 26
    endloop
  endfacet
  facet normal -0.997856 -0.0654432 0
    outer loop
      vertex 26.8198 31.8198 29
      vertex 26.8626 31.1672 26
      vertex 26.8626 31.1672 29
    endloop
  endfacet
  facet normal 0.321407 -0.946941 0
    outer loop
      vertex 33.1139 26.9902 26
      vertex 33.7332 27.2004 29
      vertex 33.1139 26.9902 29
    endloop
  endfacet
  facet normal 0.321407 -0.946941 0
    outer loop
      vertex 33.7332 27.2004 29
      vertex 33.1139 26.9902 26
      vertex 33.7332 27.2004 26
    endloop
  endfacet
  facet normal -0.659424 -0.751771 0
    outer loop
      vertex 28.2843 28.2843 26
      vertex 28.776 27.853 29
      vertex 28.2843 28.2843 29
    endloop
  endfacet
  facet normal -0.659424 -0.751771 -0
    outer loop
      vertex 28.776 27.853 29
      vertex 28.2843 28.2843 26
      vertex 28.776 27.853 26
    endloop
  endfacet
  facet normal -0.831509 0.555512 0
    outer loop
      vertex 27.4897 34.3198 26
      vertex 27.853 34.8636 29
      vertex 27.853 34.8636 26
    endloop
  endfacet
  facet normal -0.831509 0.555512 0
    outer loop
      vertex 27.853 34.8636 29
      vertex 27.4897 34.3198 26
      vertex 27.4897 34.3198 29
    endloop
  endfacet
  facet normal -0.946941 0.321407 0
    outer loop
      vertex 26.9902 33.1139 26
      vertex 27.2004 33.7332 29
      vertex 27.2004 33.7332 26
    endloop
  endfacet
  facet normal -0.946941 0.321407 0
    outer loop
      vertex 27.2004 33.7332 29
      vertex 26.9902 33.1139 26
      vertex 26.9902 33.1139 29
    endloop
  endfacet
  facet normal -0.442314 -0.89686 0
    outer loop
      vertex 29.3198 27.4897 26
      vertex 29.9064 27.2004 29
      vertex 29.3198 27.4897 29
    endloop
  endfacet
  facet normal -0.442314 -0.89686 -0
    outer loop
      vertex 29.9064 27.2004 29
      vertex 29.3198 27.4897 26
      vertex 29.9064 27.2004 26
    endloop
  endfacet
  facet normal 0 0 1
    outer loop
      vertex 36.777 32.4724 29
      vertex 36.777 31.1672 29
      vertex 36.8198 31.8198 29
    endloop
  endfacet
  facet normal 0 0 1
    outer loop
      vertex 36.6494 33.1139 29
      vertex 36.777 31.1672 29
      vertex 36.777 32.4724 29
    endloop
  endfacet
  facet normal 0 0 1
    outer loop
      vertex 36.6494 33.1139 29
      vertex 36.6494 30.5257 29
      vertex 36.777 31.1672 29
    endloop
  endfacet
  facet normal 0 0 1
    outer loop
      vertex 36.4392 33.7332 29
      vertex 36.6494 30.5257 29
      vertex 36.6494 33.1139 29
    endloop
  endfacet
  facet normal 0 0 1
    outer loop
      vertex 36.4392 33.7332 29
      vertex 36.4392 29.9064 29
      vertex 36.6494 30.5257 29
    endloop
  endfacet
  facet normal 0 0 1
    outer loop
      vertex 36.1499 34.3198 29
      vertex 36.4392 29.9064 29
      vertex 36.4392 33.7332 29
    endloop
  endfacet
  facet normal 0 0 1
    outer loop
      vertex 36.1499 34.3198 29
      vertex 36.1499 29.3198 29
      vertex 36.4392 29.9064 29
    endloop
  endfacet
  facet normal 0 0 1
    outer loop
      vertex 35.7866 34.8636 29
      vertex 36.1499 29.3198 29
      vertex 36.1499 34.3198 29
    endloop
  endfacet
  facet normal 0 0 1
    outer loop
      vertex 35.7866 34.8636 29
      vertex 35.7866 28.776 29
      vertex 36.1499 29.3198 29
    endloop
  endfacet
  facet normal 0 0 1
    outer loop
      vertex 35.3553 35.3553 29
      vertex 35.7866 28.776 29
      vertex 35.7866 34.8636 29
    endloop
  endfacet
  facet normal 0 0 1
    outer loop
      vertex 35.3553 35.3553 29
      vertex 35.3553 28.2843 29
      vertex 35.7866 28.776 29
    endloop
  endfacet
  facet normal 0 0 1
    outer loop
      vertex 34.8636 35.7866 29
      vertex 35.3553 28.2843 29
      vertex 35.3553 35.3553 29
    endloop
  endfacet
  facet normal 0 0 1
    outer loop
      vertex 34.8636 35.7866 29
      vertex 34.8636 27.853 29
      vertex 35.3553 28.2843 29
    endloop
  endfacet
  facet normal 0 0 1
    outer loop
      vertex 34.3198 36.1499 29
      vertex 34.8636 27.853 29
      vertex 34.8636 35.7866 29
    endloop
  endfacet
  facet normal 0 0 1
    outer loop
      vertex 34.3198 36.1499 29
      vertex 34.3198 27.4897 29
      vertex 34.8636 27.853 29
    endloop
  endfacet
  facet normal 0 0 1
    outer loop
      vertex 33.7332 36.4392 29
      vertex 34.3198 27.4897 29
      vertex 34.3198 36.1499 29
    endloop
  endfacet
  facet normal 0 0 1
    outer loop
      vertex 33.7332 36.4392 29
      vertex 33.7332 27.2004 29
      vertex 34.3198 27.4897 29
    endloop
  endfacet
  facet normal 0 0 1
    outer loop
      vertex 33.1139 36.6494 29
      vertex 33.7332 27.2004 29
      vertex 33.7332 36.4392 29
    endloop
  endfacet
  facet normal 0 0 1
    outer loop
      vertex 33.1139 36.6494 29
      vertex 33.1139 26.9902 29
      vertex 33.7332 27.2004 29
    endloop
  endfacet
  facet normal 0 0 1
    outer loop
      vertex 32.4724 36.777 29
      vertex 33.1139 26.9902 29
      vertex 33.1139 36.6494 29
    endloop
  endfacet
  facet normal 0 0 1
    outer loop
      vertex 32.4724 36.777 29
      vertex 32.4724 26.8626 29
      vertex 33.1139 26.9902 29
    endloop
  endfacet
  facet normal 0 0 1
    outer loop
      vertex 31.8198 36.8198 29
      vertex 32.4724 26.8626 29
      vertex 32.4724 36.777 29
    endloop
  endfacet
  facet normal 0 0 1
    outer loop
      vertex 31.8198 36.8198 29
      vertex 31.8198 26.8198 29
      vertex 32.4724 26.8626 29
    endloop
  endfacet
  facet normal -0 0 1
    outer loop
      vertex 31.1672 36.777 29
      vertex 31.8198 26.8198 29
      vertex 31.8198 36.8198 29
    endloop
  endfacet
  facet normal 0 0 1
    outer loop
      vertex 31.1672 36.777 29
      vertex 31.1672 26.8626 29
      vertex 31.8198 26.8198 29
    endloop
  endfacet
  facet normal -0 0 1
    outer loop
      vertex 30.5257 36.6494 29
      vertex 31.1672 26.8626 29
      vertex 31.1672 36.777 29
    endloop
  endfacet
  facet normal 0 0 1
    outer loop
      vertex 30.5257 36.6494 29
      vertex 30.5257 26.9902 29
      vertex 31.1672 26.8626 29
    endloop
  endfacet
  facet normal -0 0 1
    outer loop
      vertex 29.9064 36.4392 29
      vertex 30.5257 26.9902 29
      vertex 30.5257 36.6494 29
    endloop
  endfacet
  facet normal 0 0 1
    outer loop
      vertex 29.9064 36.4392 29
      vertex 29.9064 27.2004 29
      vertex 30.5257 26.9902 29
    endloop
  endfacet
  facet normal -0 0 1
    outer loop
      vertex 29.3198 36.1499 29
      vertex 29.9064 27.2004 29
      vertex 29.9064 36.4392 29
    endloop
  endfacet
  facet normal 0 0 1
    outer loop
      vertex 29.3198 36.1499 29
      vertex 29.3198 27.4897 29
      vertex 29.9064 27.2004 29
    endloop
  endfacet
  facet normal -0 0 1
    outer loop
      vertex 28.776 35.7866 29
      vertex 29.3198 27.4897 29
      vertex 29.3198 36.1499 29
    endloop
  endfacet
  facet normal 0 0 1
    outer loop
      vertex 28.776 35.7866 29
      vertex 28.776 27.853 29
      vertex 29.3198 27.4897 29
    endloop
  endfacet
  facet normal -0 0 1
    outer loop
      vertex 28.2843 35.3553 29
      vertex 28.776 27.853 29
      vertex 28.776 35.7866 29
    endloop
  endfacet
  facet normal 0 0 1
    outer loop
      vertex 28.2843 35.3553 29
      vertex 28.2843 28.2843 29
      vertex 28.776 27.853 29
    endloop
  endfacet
  facet normal -0 0 1
    outer loop
      vertex 27.853 34.8636 29
      vertex 28.2843 28.2843 29
      vertex 28.2843 35.3553 29
    endloop
  endfacet
  facet normal 0 0 1
    outer loop
      vertex 27.853 34.8636 29
      vertex 27.853 28.776 29
      vertex 28.2843 28.2843 29
    endloop
  endfacet
  facet normal -0 0 1
    outer loop
      vertex 27.4897 34.3198 29
      vertex 27.853 28.776 29
      vertex 27.853 34.8636 29
    endloop
  endfacet
  facet normal 0 0 1
    outer loop
      vertex 27.4897 34.3198 29
      vertex 27.4897 29.3198 29
      vertex 27.853 28.776 29
    endloop
  endfacet
  facet normal -0 0 1
    outer loop
      vertex 27.2004 33.7332 29
      vertex 27.4897 29.3198 29
      vertex 27.4897 34.3198 29
    endloop
  endfacet
  facet normal 0 0 1
    outer loop
      vertex 27.2004 33.7332 29
      vertex 27.2004 29.9064 29
      vertex 27.4897 29.3198 29
    endloop
  endfacet
  facet normal -0 0 1
    outer loop
      vertex 26.9902 33.1139 29
      vertex 27.2004 29.9064 29
      vertex 27.2004 33.7332 29
    endloop
  endfacet
  facet normal 0 0 1
    outer loop
      vertex 26.9902 33.1139 29
      vertex 26.9902 30.5257 29
      vertex 27.2004 29.9064 29
    endloop
  endfacet
  facet normal -0 0 1
    outer loop
      vertex 26.8626 32.4724 29
      vertex 26.9902 30.5257 29
      vertex 26.9902 33.1139 29
    endloop
  endfacet
  facet normal 0 0 1
    outer loop
      vertex 26.8626 32.4724 29
      vertex 26.8626 31.1672 29
      vertex 26.9902 30.5257 29
    endloop
  endfacet
  facet normal 0 -0 1
    outer loop
      vertex 26.8626 31.1672 29
      vertex 26.8626 32.4724 29
      vertex 26.8198 31.8198 29
    endloop
  endfacet
  facet normal 0.980762 0.195209 0
    outer loop
      vertex -25.8711 32.603 26
      vertex -26.0243 33.3727 20
      vertex -26.0243 33.3727 26
    endloop
  endfacet
  facet normal 0.980762 0.195209 0
    outer loop
      vertex -26.0243 33.3727 20
      vertex -25.8711 32.603 26
      vertex -25.8711 32.603 20
    endloop
  endfacet
  facet normal 0.997862 0.0653605 0
    outer loop
      vertex -25.8198 31.8198 26
      vertex -25.8711 32.603 20
      vertex -25.8711 32.603 26
    endloop
  endfacet
  facet normal 0.997862 0.0653605 0
    outer loop
      vertex -25.8711 32.603 20
      vertex -25.8198 31.8198 26
      vertex -25.8198 31.8198 20
    endloop
  endfacet
  facet normal 0.946962 0.321345 0
    outer loop
      vertex -26.0243 33.3727 26
      vertex -26.2765 34.1159 20
      vertex -26.2765 34.1159 26
    endloop
  endfacet
  facet normal 0.946962 0.321345 0
    outer loop
      vertex -26.2765 34.1159 20
      vertex -26.0243 33.3727 26
      vertex -26.0243 33.3727 20
    endloop
  endfacet
  facet normal 0.555523 -0.831501 0
    outer loop
      vertex -28.8198 26.6237 20
      vertex -28.1672 27.0597 26
      vertex -28.8198 26.6237 26
    endloop
  endfacet
  facet normal 0.555523 -0.831501 0
    outer loop
      vertex -28.1672 27.0597 26
      vertex -28.8198 26.6237 20
      vertex -28.1672 27.0597 20
    endloop
  endfacet
  facet normal -0.0653605 0.997862 0
    outer loop
      vertex -31.8198 37.8198 20
      vertex -32.603 37.7685 26
      vertex -31.8198 37.8198 26
    endloop
  endfacet
  facet normal -0.0653605 0.997862 0
    outer loop
      vertex -32.603 37.7685 26
      vertex -31.8198 37.8198 20
      vertex -32.603 37.7685 20
    endloop
  endfacet
  facet normal -0.555523 -0.831501 0
    outer loop
      vertex -35.4724 27.0597 20
      vertex -34.8198 26.6237 26
      vertex -35.4724 27.0597 26
    endloop
  endfacet
  facet normal -0.555523 -0.831501 -0
    outer loop
      vertex -34.8198 26.6237 26
      vertex -35.4724 27.0597 20
      vertex -34.8198 26.6237 20
    endloop
  endfacet
  facet normal 0.321345 -0.946962 0
    outer loop
      vertex -30.2669 26.0243 20
      vertex -29.5237 26.2765 26
      vertex -30.2669 26.0243 26
    endloop
  endfacet
  facet normal 0.321345 -0.946962 0
    outer loop
      vertex -29.5237 26.2765 26
      vertex -30.2669 26.0243 20
      vertex -29.5237 26.2765 20
    endloop
  endfacet
  facet normal 0.831501 0.555523 0
    outer loop
      vertex -26.6237 34.8198 26
      vertex -27.0597 35.4724 20
      vertex -27.0597 35.4724 26
    endloop
  endfacet
  facet normal 0.831501 0.555523 0
    outer loop
      vertex -27.0597 35.4724 20
      vertex -26.6237 34.8198 26
      vertex -26.6237 34.8198 20
    endloop
  endfacet
  facet normal 0.896835 0.442365 0
    outer loop
      vertex -26.2765 34.1159 26
      vertex -26.6237 34.8198 20
      vertex -26.6237 34.8198 26
    endloop
  endfacet
  facet normal 0.896835 0.442365 0
    outer loop
      vertex -26.6237 34.8198 20
      vertex -26.2765 34.1159 26
      vertex -26.2765 34.1159 20
    endloop
  endfacet
  facet normal 0.831501 -0.555523 0
    outer loop
      vertex -27.0597 28.1672 26
      vertex -26.6237 28.8198 20
      vertex -26.6237 28.8198 26
    endloop
  endfacet
  facet normal 0.831501 -0.555523 0
    outer loop
      vertex -26.6237 28.8198 20
      vertex -27.0597 28.1672 26
      vertex -27.0597 28.1672 20
    endloop
  endfacet
  facet normal 0.195087 0.980786 -0
    outer loop
      vertex -30.2669 37.6154 20
      vertex -31.0366 37.7685 26
      vertex -30.2669 37.6154 26
    endloop
  endfacet
  facet normal 0.195087 0.980786 0
    outer loop
      vertex -31.0366 37.7685 26
      vertex -30.2669 37.6154 20
      vertex -31.0366 37.7685 20
    endloop
  endfacet
  facet normal 0.946962 -0.321345 0
    outer loop
      vertex -26.2765 29.5237 26
      vertex -26.0243 30.2669 20
      vertex -26.0243 30.2669 26
    endloop
  endfacet
  facet normal 0.946962 -0.321345 0
    outer loop
      vertex -26.0243 30.2669 20
      vertex -26.2765 29.5237 26
      vertex -26.2765 29.5237 20
    endloop
  endfacet
  facet normal -0.555611 0.831442 0
    outer loop
      vertex -34.8198 37.016 20
      vertex -35.4724 36.5799 26
      vertex -34.8198 37.016 26
    endloop
  endfacet
  facet normal -0.555611 0.831442 0
    outer loop
      vertex -35.4724 36.5799 26
      vertex -34.8198 37.016 20
      vertex -35.4724 36.5799 20
    endloop
  endfacet
  facet normal -0.896885 -0.442263 0
    outer loop
      vertex -37.016 28.8198 20
      vertex -37.3631 29.5237 26
      vertex -37.3631 29.5237 20
    endloop
  endfacet
  facet normal -0.896885 -0.442263 0
    outer loop
      vertex -37.3631 29.5237 26
      vertex -37.016 28.8198 20
      vertex -37.016 28.8198 26
    endloop
  endfacet
  facet normal -0.195087 0.980786 0
    outer loop
      vertex -32.603 37.7685 20
      vertex -33.3727 37.6154 26
      vertex -32.603 37.7685 26
    endloop
  endfacet
  facet normal -0.195087 0.980786 0
    outer loop
      vertex -33.3727 37.6154 26
      vertex -32.603 37.7685 20
      vertex -33.3727 37.6154 20
    endloop
  endfacet
  facet normal 0.195209 -0.980762 0
    outer loop
      vertex -31.0366 25.8711 20
      vertex -30.2669 26.0243 26
      vertex -31.0366 25.8711 26
    endloop
  endfacet
  facet normal 0.195209 -0.980762 0
    outer loop
      vertex -30.2669 26.0243 26
      vertex -31.0366 25.8711 20
      vertex -30.2669 26.0243 20
    endloop
  endfacet
  facet normal 0.659406 0.751787 -0
    outer loop
      vertex -27.5772 36.0624 20
      vertex -28.1672 36.5799 26
      vertex -27.5772 36.0624 26
    endloop
  endfacet
  facet normal 0.659406 0.751787 0
    outer loop
      vertex -28.1672 36.5799 26
      vertex -27.5772 36.0624 20
      vertex -28.1672 36.5799 20
    endloop
  endfacet
  facet normal 0.32146 0.946923 -0
    outer loop
      vertex -29.5237 37.3631 20
      vertex -30.2669 37.6154 26
      vertex -29.5237 37.3631 26
    endloop
  endfacet
  facet normal 0.32146 0.946923 0
    outer loop
      vertex -30.2669 37.6154 26
      vertex -29.5237 37.3631 20
      vertex -30.2669 37.6154 20
    endloop
  endfacet
  facet normal -0.32146 0.946923 0
    outer loop
      vertex -33.3727 37.6154 20
      vertex -34.1159 37.3631 26
      vertex -33.3727 37.6154 26
    endloop
  endfacet
  facet normal -0.32146 0.946923 0
    outer loop
      vertex -34.1159 37.3631 26
      vertex -33.3727 37.6154 20
      vertex -34.1159 37.3631 20
    endloop
  endfacet
  facet normal -0.659406 0.751787 0
    outer loop
      vertex -35.4724 36.5799 20
      vertex -36.0624 36.0624 26
      vertex -35.4724 36.5799 26
    endloop
  endfacet
  facet normal -0.659406 0.751787 0
    outer loop
      vertex -36.0624 36.0624 26
      vertex -35.4724 36.5799 20
      vertex -36.0624 36.0624 20
    endloop
  endfacet
  facet normal 0.751787 0.659406 0
    outer loop
      vertex -27.0597 35.4724 26
      vertex -27.5772 36.0624 20
      vertex -27.5772 36.0624 26
    endloop
  endfacet
  facet normal 0.751787 0.659406 0
    outer loop
      vertex -27.5772 36.0624 20
      vertex -27.0597 35.4724 26
      vertex -27.0597 35.4724 20
    endloop
  endfacet
  facet normal -0.980786 0.195087 0
    outer loop
      vertex -37.7685 32.603 20
      vertex -37.6154 33.3727 26
      vertex -37.6154 33.3727 20
    endloop
  endfacet
  facet normal -0.980786 0.195087 0
    outer loop
      vertex -37.6154 33.3727 26
      vertex -37.7685 32.603 20
      vertex -37.7685 32.603 26
    endloop
  endfacet
  facet normal 0.751787 -0.659406 0
    outer loop
      vertex -27.5772 27.5772 26
      vertex -27.0597 28.1672 20
      vertex -27.0597 28.1672 26
    endloop
  endfacet
  facet normal 0.751787 -0.659406 0
    outer loop
      vertex -27.0597 28.1672 20
      vertex -27.5772 27.5772 26
      vertex -27.5772 27.5772 20
    endloop
  endfacet
  facet normal -0.442263 0.896885 0
    outer loop
      vertex -34.1159 37.3631 20
      vertex -34.8198 37.016 26
      vertex -34.1159 37.3631 26
    endloop
  endfacet
  facet normal -0.442263 0.896885 0
    outer loop
      vertex -34.8198 37.016 26
      vertex -34.1159 37.3631 20
      vertex -34.8198 37.016 20
    endloop
  endfacet
  facet normal 0.442365 -0.896835 0
    outer loop
      vertex -29.5237 26.2765 20
      vertex -28.8198 26.6237 26
      vertex -29.5237 26.2765 26
    endloop
  endfacet
  facet normal 0.442365 -0.896835 0
    outer loop
      vertex -28.8198 26.6237 26
      vertex -29.5237 26.2765 20
      vertex -28.8198 26.6237 20
    endloop
  endfacet
  facet normal -0.442365 -0.896835 0
    outer loop
      vertex -34.8198 26.6237 20
      vertex -34.1159 26.2765 26
      vertex -34.8198 26.6237 26
    endloop
  endfacet
  facet normal -0.442365 -0.896835 -0
    outer loop
      vertex -34.1159 26.2765 26
      vertex -34.8198 26.6237 20
      vertex -34.1159 26.2765 20
    endloop
  endfacet
  facet normal 0.980762 -0.195209 0
    outer loop
      vertex -26.0243 30.2669 26
      vertex -25.8711 31.0366 20
      vertex -25.8711 31.0366 26
    endloop
  endfacet
  facet normal 0.980762 -0.195209 0
    outer loop
      vertex -25.8711 31.0366 20
      vertex -26.0243 30.2669 26
      vertex -26.0243 30.2669 20
    endloop
  endfacet
  facet normal -0.946923 0.32146 0
    outer loop
      vertex -37.6154 33.3727 20
      vertex -37.3631 34.1159 26
      vertex -37.3631 34.1159 20
    endloop
  endfacet
  facet normal -0.946923 0.32146 0
    outer loop
      vertex -37.3631 34.1159 26
      vertex -37.6154 33.3727 20
      vertex -37.6154 33.3727 26
    endloop
  endfacet
  facet normal 0.997862 -0.0653605 0
    outer loop
      vertex -25.8711 31.0366 26
      vertex -25.8198 31.8198 20
      vertex -25.8198 31.8198 26
    endloop
  endfacet
  facet normal 0.997862 -0.0653605 0
    outer loop
      vertex -25.8198 31.8198 20
      vertex -25.8711 31.0366 26
      vertex -25.8711 31.0366 20
    endloop
  endfacet
  facet normal -0.946923 -0.32146 0
    outer loop
      vertex -37.3631 29.5237 20
      vertex -37.6154 30.2669 26
      vertex -37.6154 30.2669 20
    endloop
  endfacet
  facet normal -0.946923 -0.32146 0
    outer loop
      vertex -37.6154 30.2669 26
      vertex -37.3631 29.5237 20
      vertex -37.3631 29.5237 26
    endloop
  endfacet
  facet normal -0.896885 0.442263 0
    outer loop
      vertex -37.3631 34.1159 20
      vertex -37.016 34.8198 26
      vertex -37.016 34.8198 20
    endloop
  endfacet
  facet normal -0.896885 0.442263 0
    outer loop
      vertex -37.016 34.8198 26
      vertex -37.3631 34.1159 20
      vertex -37.3631 34.1159 26
    endloop
  endfacet
  facet normal -0.659406 -0.751787 0
    outer loop
      vertex -36.0624 27.5772 20
      vertex -35.4724 27.0597 26
      vertex -36.0624 27.5772 26
    endloop
  endfacet
  facet normal -0.659406 -0.751787 -0
    outer loop
      vertex -35.4724 27.0597 26
      vertex -36.0624 27.5772 20
      vertex -35.4724 27.0597 20
    endloop
  endfacet
  facet normal -0.751787 -0.659406 0
    outer loop
      vertex -36.0624 27.5772 20
      vertex -36.5799 28.1672 26
      vertex -36.5799 28.1672 20
    endloop
  endfacet
  facet normal -0.751787 -0.659406 0
    outer loop
      vertex -36.5799 28.1672 26
      vertex -36.0624 27.5772 20
      vertex -36.0624 27.5772 26
    endloop
  endfacet
  facet normal 0.659406 -0.751787 0
    outer loop
      vertex -28.1672 27.0597 20
      vertex -27.5772 27.5772 26
      vertex -28.1672 27.0597 26
    endloop
  endfacet
  facet normal 0.659406 -0.751787 0
    outer loop
      vertex -27.5772 27.5772 26
      vertex -28.1672 27.0597 20
      vertex -27.5772 27.5772 20
    endloop
  endfacet
  facet normal 0.555611 0.831442 -0
    outer loop
      vertex -28.1672 36.5799 20
      vertex -28.8198 37.016 26
      vertex -28.1672 36.5799 26
    endloop
  endfacet
  facet normal 0.555611 0.831442 0
    outer loop
      vertex -28.8198 37.016 26
      vertex -28.1672 36.5799 20
      vertex -28.8198 37.016 20
    endloop
  endfacet
  facet normal -0.195209 -0.980762 0
    outer loop
      vertex -33.3727 26.0243 20
      vertex -32.603 25.8711 26
      vertex -33.3727 26.0243 26
    endloop
  endfacet
  facet normal -0.195209 -0.980762 -0
    outer loop
      vertex -32.603 25.8711 26
      vertex -33.3727 26.0243 20
      vertex -32.603 25.8711 20
    endloop
  endfacet
  facet normal 0.442263 0.896885 -0
    outer loop
      vertex -28.8198 37.016 20
      vertex -29.5237 37.3631 26
      vertex -28.8198 37.016 26
    endloop
  endfacet
  facet normal 0.442263 0.896885 0
    outer loop
      vertex -29.5237 37.3631 26
      vertex -28.8198 37.016 20
      vertex -29.5237 37.3631 20
    endloop
  endfacet
  facet normal -0.980786 -0.195087 0
    outer loop
      vertex -37.6154 30.2669 20
      vertex -37.7685 31.0366 26
      vertex -37.7685 31.0366 20
    endloop
  endfacet
  facet normal -0.980786 -0.195087 0
    outer loop
      vertex -37.7685 31.0366 26
      vertex -37.6154 30.2669 20
      vertex -37.6154 30.2669 26
    endloop
  endfacet
  facet normal -0.831442 -0.555611 0
    outer loop
      vertex -36.5799 28.1672 20
      vertex -37.016 28.8198 26
      vertex -37.016 28.8198 20
    endloop
  endfacet
  facet normal -0.831442 -0.555611 0
    outer loop
      vertex -37.016 28.8198 26
      vertex -36.5799 28.1672 20
      vertex -36.5799 28.1672 26
    endloop
  endfacet
  facet normal -0.321345 -0.946962 0
    outer loop
      vertex -34.1159 26.2765 20
      vertex -33.3727 26.0243 26
      vertex -34.1159 26.2765 26
    endloop
  endfacet
  facet normal -0.321345 -0.946962 -0
    outer loop
      vertex -33.3727 26.0243 26
      vertex -34.1159 26.2765 20
      vertex -33.3727 26.0243 20
    endloop
  endfacet
  facet normal 0.0653605 -0.997862 0
    outer loop
      vertex -31.8198 25.8198 20
      vertex -31.0366 25.8711 26
      vertex -31.8198 25.8198 26
    endloop
  endfacet
  facet normal 0.0653605 -0.997862 0
    outer loop
      vertex -31.0366 25.8711 26
      vertex -31.8198 25.8198 20
      vertex -31.0366 25.8711 20
    endloop
  endfacet
  facet normal -0.997862 -0.0653605 0
    outer loop
      vertex -37.7685 31.0366 20
      vertex -37.8198 31.8198 26
      vertex -37.8198 31.8198 20
    endloop
  endfacet
  facet normal -0.997862 -0.0653605 0
    outer loop
      vertex -37.8198 31.8198 26
      vertex -37.7685 31.0366 20
      vertex -37.7685 31.0366 26
    endloop
  endfacet
  facet normal -0.997862 0.0653605 0
    outer loop
      vertex -37.8198 31.8198 20
      vertex -37.7685 32.603 26
      vertex -37.7685 32.603 20
    endloop
  endfacet
  facet normal -0.997862 0.0653605 0
    outer loop
      vertex -37.7685 32.603 26
      vertex -37.8198 31.8198 20
      vertex -37.8198 31.8198 26
    endloop
  endfacet
  facet normal 0.0653605 0.997862 -0
    outer loop
      vertex -31.0366 37.7685 20
      vertex -31.8198 37.8198 26
      vertex -31.0366 37.7685 26
    endloop
  endfacet
  facet normal 0.0653605 0.997862 0
    outer loop
      vertex -31.8198 37.8198 26
      vertex -31.0366 37.7685 20
      vertex -31.8198 37.8198 20
    endloop
  endfacet
  facet normal -0.0653605 -0.997862 0
    outer loop
      vertex -32.603 25.8711 20
      vertex -31.8198 25.8198 26
      vertex -32.603 25.8711 26
    endloop
  endfacet
  facet normal -0.0653605 -0.997862 -0
    outer loop
      vertex -31.8198 25.8198 26
      vertex -32.603 25.8711 20
      vertex -31.8198 25.8198 20
    endloop
  endfacet
  facet normal -0.831442 0.555611 0
    outer loop
      vertex -37.016 34.8198 20
      vertex -36.5799 35.4724 26
      vertex -36.5799 35.4724 20
    endloop
  endfacet
  facet normal -0.831442 0.555611 0
    outer loop
      vertex -36.5799 35.4724 26
      vertex -37.016 34.8198 20
      vertex -37.016 34.8198 26
    endloop
  endfacet
  facet normal 0.896835 -0.442365 0
    outer loop
      vertex -26.6237 28.8198 26
      vertex -26.2765 29.5237 20
      vertex -26.2765 29.5237 26
    endloop
  endfacet
  facet normal 0.896835 -0.442365 0
    outer loop
      vertex -26.2765 29.5237 20
      vertex -26.6237 28.8198 26
      vertex -26.6237 28.8198 20
    endloop
  endfacet
  facet normal 0 0 -1
    outer loop
      vertex -25.8711 31.0366 20
      vertex -25.8711 32.603 20
      vertex -25.8198 31.8198 20
    endloop
  endfacet
  facet normal 0 0 -1
    outer loop
      vertex -26.0243 30.2669 20
      vertex -25.8711 32.603 20
      vertex -25.8711 31.0366 20
    endloop
  endfacet
  facet normal 0 0 -1
    outer loop
      vertex -26.0243 30.2669 20
      vertex -26.0243 33.3727 20
      vertex -25.8711 32.603 20
    endloop
  endfacet
  facet normal 0 0 -1
    outer loop
      vertex -26.2765 29.5237 20
      vertex -26.0243 33.3727 20
      vertex -26.0243 30.2669 20
    endloop
  endfacet
  facet normal 0 0 -1
    outer loop
      vertex -26.2765 29.5237 20
      vertex -26.2765 34.1159 20
      vertex -26.0243 33.3727 20
    endloop
  endfacet
  facet normal 0 0 -1
    outer loop
      vertex -26.6237 28.8198 20
      vertex -26.2765 34.1159 20
      vertex -26.2765 29.5237 20
    endloop
  endfacet
  facet normal 0 0 -1
    outer loop
      vertex -26.6237 28.8198 20
      vertex -26.6237 34.8198 20
      vertex -26.2765 34.1159 20
    endloop
  endfacet
  facet normal 0 0 -1
    outer loop
      vertex -27.0597 28.1672 20
      vertex -26.6237 34.8198 20
      vertex -26.6237 28.8198 20
    endloop
  endfacet
  facet normal 0 0 -1
    outer loop
      vertex -27.0597 28.1672 20
      vertex -27.0597 35.4724 20
      vertex -26.6237 34.8198 20
    endloop
  endfacet
  facet normal 0 0 -1
    outer loop
      vertex -27.5772 27.5772 20
      vertex -27.0597 35.4724 20
      vertex -27.0597 28.1672 20
    endloop
  endfacet
  facet normal 0 0 -1
    outer loop
      vertex -27.5772 27.5772 20
      vertex -27.5772 36.0624 20
      vertex -27.0597 35.4724 20
    endloop
  endfacet
  facet normal 0 0 -1
    outer loop
      vertex -28.1672 27.0597 20
      vertex -27.5772 36.0624 20
      vertex -27.5772 27.5772 20
    endloop
  endfacet
  facet normal 0 0 -1
    outer loop
      vertex -28.1672 27.0597 20
      vertex -28.1672 36.5799 20
      vertex -27.5772 36.0624 20
    endloop
  endfacet
  facet normal 0 0 -1
    outer loop
      vertex -28.8198 26.6237 20
      vertex -28.1672 36.5799 20
      vertex -28.1672 27.0597 20
    endloop
  endfacet
  facet normal 0 0 -1
    outer loop
      vertex -28.8198 26.6237 20
      vertex -28.8198 37.016 20
      vertex -28.1672 36.5799 20
    endloop
  endfacet
  facet normal 0 0 -1
    outer loop
      vertex -29.5237 26.2765 20
      vertex -28.8198 37.016 20
      vertex -28.8198 26.6237 20
    endloop
  endfacet
  facet normal 0 0 -1
    outer loop
      vertex -29.5237 26.2765 20
      vertex -29.5237 37.3631 20
      vertex -28.8198 37.016 20
    endloop
  endfacet
  facet normal 0 0 -1
    outer loop
      vertex -30.2669 26.0243 20
      vertex -29.5237 37.3631 20
      vertex -29.5237 26.2765 20
    endloop
  endfacet
  facet normal 0 0 -1
    outer loop
      vertex -30.2669 26.0243 20
      vertex -30.2669 37.6154 20
      vertex -29.5237 37.3631 20
    endloop
  endfacet
  facet normal 0 0 -1
    outer loop
      vertex -31.0366 25.8711 20
      vertex -30.2669 37.6154 20
      vertex -30.2669 26.0243 20
    endloop
  endfacet
  facet normal 0 0 -1
    outer loop
      vertex -31.0366 25.8711 20
      vertex -31.0366 37.7685 20
      vertex -30.2669 37.6154 20
    endloop
  endfacet
  facet normal 0 0 -1
    outer loop
      vertex -31.8198 25.8198 20
      vertex -31.0366 37.7685 20
      vertex -31.0366 25.8711 20
    endloop
  endfacet
  facet normal 0 0 -1
    outer loop
      vertex -31.8198 25.8198 20
      vertex -31.8198 37.8198 20
      vertex -31.0366 37.7685 20
    endloop
  endfacet
  facet normal 0 0 -1
    outer loop
      vertex -32.603 25.8711 20
      vertex -31.8198 37.8198 20
      vertex -31.8198 25.8198 20
    endloop
  endfacet
  facet normal 0 0 -1
    outer loop
      vertex -32.603 25.8711 20
      vertex -32.603 37.7685 20
      vertex -31.8198 37.8198 20
    endloop
  endfacet
  facet normal 0 0 -1
    outer loop
      vertex -33.3727 26.0243 20
      vertex -32.603 37.7685 20
      vertex -32.603 25.8711 20
    endloop
  endfacet
  facet normal 0 0 -1
    outer loop
      vertex -33.3727 26.0243 20
      vertex -33.3727 37.6154 20
      vertex -32.603 37.7685 20
    endloop
  endfacet
  facet normal 0 0 -1
    outer loop
      vertex -34.1159 26.2765 20
      vertex -33.3727 37.6154 20
      vertex -33.3727 26.0243 20
    endloop
  endfacet
  facet normal 0 0 -1
    outer loop
      vertex -34.1159 26.2765 20
      vertex -34.1159 37.3631 20
      vertex -33.3727 37.6154 20
    endloop
  endfacet
  facet normal 0 0 -1
    outer loop
      vertex -34.8198 26.6237 20
      vertex -34.1159 37.3631 20
      vertex -34.1159 26.2765 20
    endloop
  endfacet
  facet normal 0 0 -1
    outer loop
      vertex -34.8198 26.6237 20
      vertex -34.8198 37.016 20
      vertex -34.1159 37.3631 20
    endloop
  endfacet
  facet normal 0 0 -1
    outer loop
      vertex -35.4724 27.0597 20
      vertex -34.8198 37.016 20
      vertex -34.8198 26.6237 20
    endloop
  endfacet
  facet normal 0 0 -1
    outer loop
      vertex -35.4724 27.0597 20
      vertex -35.4724 36.5799 20
      vertex -34.8198 37.016 20
    endloop
  endfacet
  facet normal 0 0 -1
    outer loop
      vertex -36.0624 27.5772 20
      vertex -35.4724 36.5799 20
      vertex -35.4724 27.0597 20
    endloop
  endfacet
  facet normal 0 0 -1
    outer loop
      vertex -36.0624 27.5772 20
      vertex -36.0624 36.0624 20
      vertex -35.4724 36.5799 20
    endloop
  endfacet
  facet normal 0 0 -1
    outer loop
      vertex -36.5799 28.1672 20
      vertex -36.0624 36.0624 20
      vertex -36.0624 27.5772 20
    endloop
  endfacet
  facet normal 0 0 -1
    outer loop
      vertex -36.5799 28.1672 20
      vertex -36.5799 35.4724 20
      vertex -36.0624 36.0624 20
    endloop
  endfacet
  facet normal 0 0 -1
    outer loop
      vertex -37.016 28.8198 20
      vertex -36.5799 35.4724 20
      vertex -36.5799 28.1672 20
    endloop
  endfacet
  facet normal 0 0 -1
    outer loop
      vertex -37.016 28.8198 20
      vertex -37.016 34.8198 20
      vertex -36.5799 35.4724 20
    endloop
  endfacet
  facet normal 0 0 -1
    outer loop
      vertex -37.3631 29.5237 20
      vertex -37.016 34.8198 20
      vertex -37.016 28.8198 20
    endloop
  endfacet
  facet normal 0 0 -1
    outer loop
      vertex -37.3631 29.5237 20
      vertex -37.3631 34.1159 20
      vertex -37.016 34.8198 20
    endloop
  endfacet
  facet normal 0 0 -1
    outer loop
      vertex -37.6154 30.2669 20
      vertex -37.3631 34.1159 20
      vertex -37.3631 29.5237 20
    endloop
  endfacet
  facet normal 0 0 -1
    outer loop
      vertex -37.6154 30.2669 20
      vertex -37.6154 33.3727 20
      vertex -37.3631 34.1159 20
    endloop
  endfacet
  facet normal 0 0 -1
    outer loop
      vertex -37.7685 31.0366 20
      vertex -37.6154 33.3727 20
      vertex -37.6154 30.2669 20
    endloop
  endfacet
  facet normal 0 0 -1
    outer loop
      vertex -37.7685 31.0366 20
      vertex -37.7685 32.603 20
      vertex -37.6154 33.3727 20
    endloop
  endfacet
  facet normal 0 -0 -1
    outer loop
      vertex -37.7685 32.603 20
      vertex -37.7685 31.0366 20
      vertex -37.8198 31.8198 20
    endloop
  endfacet
  facet normal 0 0 1
    outer loop
      vertex -26.8198 31.8198 26
      vertex -25.8198 31.8198 26
      vertex -25.8711 32.603 26
    endloop
  endfacet
  facet normal 0 0 1
    outer loop
      vertex -26.8626 32.4724 26
      vertex -25.8711 32.603 26
      vertex -26.0243 33.3727 26
    endloop
  endfacet
  facet normal 0 0 1
    outer loop
      vertex -25.8198 31.8198 26
      vertex -26.8198 31.8198 26
      vertex -25.8711 31.0366 26
    endloop
  endfacet
  facet normal 0 0 1
    outer loop
      vertex -26.9902 33.1139 26
      vertex -26.0243 33.3727 26
      vertex -26.2765 34.1159 26
    endloop
  endfacet
  facet normal -0 0 1
    outer loop
      vertex -26.8626 31.1672 26
      vertex -25.8711 31.0366 26
      vertex -26.8198 31.8198 26
    endloop
  endfacet
  facet normal 0 0 1
    outer loop
      vertex -27.2004 33.7332 26
      vertex -26.2765 34.1159 26
      vertex -26.6237 34.8198 26
    endloop
  endfacet
  facet normal 0 0 1
    outer loop
      vertex -25.8711 31.0366 26
      vertex -26.8626 31.1672 26
      vertex -26.0243 30.2669 26
    endloop
  endfacet
  facet normal -0 0 1
    outer loop
      vertex -26.9902 30.5257 26
      vertex -26.0243 30.2669 26
      vertex -26.8626 31.1672 26
    endloop
  endfacet
  facet normal 0 0 1
    outer loop
      vertex -25.8711 32.603 26
      vertex -26.8626 32.4724 26
      vertex -26.8198 31.8198 26
    endloop
  endfacet
  facet normal 0 0 1
    outer loop
      vertex -26.0243 33.3727 26
      vertex -26.9902 33.1139 26
      vertex -26.8626 32.4724 26
    endloop
  endfacet
  facet normal 0 0 1
    outer loop
      vertex -27.4897 34.3198 26
      vertex -26.6237 34.8198 26
      vertex -27.0597 35.4724 26
    endloop
  endfacet
  facet normal 0 0 1
    outer loop
      vertex -26.2765 34.1159 26
      vertex -27.2004 33.7332 26
      vertex -26.9902 33.1139 26
    endloop
  endfacet
  facet normal 0 0 1
    outer loop
      vertex -26.6237 34.8198 26
      vertex -27.4897 34.3198 26
      vertex -27.2004 33.7332 26
    endloop
  endfacet
  facet normal 0 0 1
    outer loop
      vertex -27.853 34.8636 26
      vertex -27.0597 35.4724 26
      vertex -27.5772 36.0624 26
    endloop
  endfacet
  facet normal 0 0 1
    outer loop
      vertex -27.0597 35.4724 26
      vertex -27.853 34.8636 26
      vertex -27.4897 34.3198 26
    endloop
  endfacet
  facet normal 0 0 1
    outer loop
      vertex -28.2843 35.3553 26
      vertex -27.5772 36.0624 26
      vertex -28.1672 36.5799 26
    endloop
  endfacet
  facet normal 0 0 1
    outer loop
      vertex -27.5772 36.0624 26
      vertex -28.2843 35.3553 26
      vertex -27.853 34.8636 26
    endloop
  endfacet
  facet normal 0 0 1
    outer loop
      vertex -28.1672 36.5799 26
      vertex -28.776 35.7866 26
      vertex -28.2843 35.3553 26
    endloop
  endfacet
  facet normal 0 0 1
    outer loop
      vertex -28.8198 37.016 26
      vertex -28.776 35.7866 26
      vertex -28.1672 36.5799 26
    endloop
  endfacet
  facet normal 0 0 1
    outer loop
      vertex -28.8198 37.016 26
      vertex -29.3198 36.1499 26
      vertex -28.776 35.7866 26
    endloop
  endfacet
  facet normal 0 0 1
    outer loop
      vertex -29.5237 37.3631 26
      vertex -29.3198 36.1499 26
      vertex -28.8198 37.016 26
    endloop
  endfacet
  facet normal 0 0 1
    outer loop
      vertex -29.5237 37.3631 26
      vertex -29.9064 36.4392 26
      vertex -29.3198 36.1499 26
    endloop
  endfacet
  facet normal 0 0 1
    outer loop
      vertex -30.2669 37.6154 26
      vertex -29.9064 36.4392 26
      vertex -29.5237 37.3631 26
    endloop
  endfacet
  facet normal 0 0 1
    outer loop
      vertex -30.2669 37.6154 26
      vertex -30.5257 36.6494 26
      vertex -29.9064 36.4392 26
    endloop
  endfacet
  facet normal 0 0 1
    outer loop
      vertex -31.0366 37.7685 26
      vertex -30.5257 36.6494 26
      vertex -30.2669 37.6154 26
    endloop
  endfacet
  facet normal 0 0 1
    outer loop
      vertex -31.0366 37.7685 26
      vertex -31.1672 36.777 26
      vertex -30.5257 36.6494 26
    endloop
  endfacet
  facet normal 0 0 1
    outer loop
      vertex -31.8198 37.8198 26
      vertex -31.1672 36.777 26
      vertex -31.0366 37.7685 26
    endloop
  endfacet
  facet normal 0 0 1
    outer loop
      vertex -31.8198 37.8198 26
      vertex -31.8198 36.8198 26
      vertex -31.1672 36.777 26
    endloop
  endfacet
  facet normal 0 0 1
    outer loop
      vertex -31.8198 37.8198 26
      vertex -32.4724 36.777 26
      vertex -31.8198 36.8198 26
    endloop
  endfacet
  facet normal -0 0 1
    outer loop
      vertex -32.603 37.7685 26
      vertex -32.4724 36.777 26
      vertex -31.8198 37.8198 26
    endloop
  endfacet
  facet normal 0 0 1
    outer loop
      vertex -32.603 37.7685 26
      vertex -33.1139 36.6494 26
      vertex -32.4724 36.777 26
    endloop
  endfacet
  facet normal -0 0 1
    outer loop
      vertex -33.3727 37.6154 26
      vertex -33.1139 36.6494 26
      vertex -32.603 37.7685 26
    endloop
  endfacet
  facet normal 0 0 1
    outer loop
      vertex -33.3727 37.6154 26
      vertex -33.7332 36.4392 26
      vertex -33.1139 36.6494 26
    endloop
  endfacet
  facet normal -0 0 1
    outer loop
      vertex -34.1159 37.3631 26
      vertex -33.7332 36.4392 26
      vertex -33.3727 37.6154 26
    endloop
  endfacet
  facet normal 0 0 1
    outer loop
      vertex -34.1159 37.3631 26
      vertex -34.3198 36.1499 26
      vertex -33.7332 36.4392 26
    endloop
  endfacet
  facet normal -0 0 1
    outer loop
      vertex -34.8198 37.016 26
      vertex -34.3198 36.1499 26
      vertex -34.1159 37.3631 26
    endloop
  endfacet
  facet normal 0 0 1
    outer loop
      vertex -34.8198 37.016 26
      vertex -34.8636 35.7866 26
      vertex -34.3198 36.1499 26
    endloop
  endfacet
  facet normal -0 0 1
    outer loop
      vertex -35.4724 36.5799 26
      vertex -34.8636 35.7866 26
      vertex -34.8198 37.016 26
    endloop
  endfacet
  facet normal 0 0 1
    outer loop
      vertex -34.8636 35.7866 26
      vertex -35.4724 36.5799 26
      vertex -35.3553 35.3553 26
    endloop
  endfacet
  facet normal -0 0 1
    outer loop
      vertex -36.0624 36.0624 26
      vertex -35.3553 35.3553 26
      vertex -35.4724 36.5799 26
    endloop
  endfacet
  facet normal 0 0 1
    outer loop
      vertex -35.3553 35.3553 26
      vertex -36.0624 36.0624 26
      vertex -35.7866 34.8636 26
    endloop
  endfacet
  facet normal -0 0 1
    outer loop
      vertex -36.5799 35.4724 26
      vertex -35.7866 34.8636 26
      vertex -36.0624 36.0624 26
    endloop
  endfacet
  facet normal 0 0 1
    outer loop
      vertex -35.7866 34.8636 26
      vertex -36.5799 35.4724 26
      vertex -36.1499 34.3198 26
    endloop
  endfacet
  facet normal -0 0 1
    outer loop
      vertex -37.016 34.8198 26
      vertex -36.1499 34.3198 26
      vertex -36.5799 35.4724 26
    endloop
  endfacet
  facet normal 0 0 1
    outer loop
      vertex -36.1499 34.3198 26
      vertex -37.016 34.8198 26
      vertex -36.4392 33.7332 26
    endloop
  endfacet
  facet normal -0 0 1
    outer loop
      vertex -37.3631 34.1159 26
      vertex -36.4392 33.7332 26
      vertex -37.016 34.8198 26
    endloop
  endfacet
  facet normal -0 0 1
    outer loop
      vertex -37.6154 33.3727 26
      vertex -36.6494 33.1139 26
      vertex -37.3631 34.1159 26
    endloop
  endfacet
  facet normal 0 0 1
    outer loop
      vertex -36.4392 33.7332 26
      vertex -37.3631 34.1159 26
      vertex -36.6494 33.1139 26
    endloop
  endfacet
  facet normal 0 0 1
    outer loop
      vertex -26.0243 30.2669 26
      vertex -26.9902 30.5257 26
      vertex -26.2765 29.5237 26
    endloop
  endfacet
  facet normal -0 0 1
    outer loop
      vertex -27.2004 29.9064 26
      vertex -26.2765 29.5237 26
      vertex -26.9902 30.5257 26
    endloop
  endfacet
  facet normal 0 0 1
    outer loop
      vertex -26.2765 29.5237 26
      vertex -27.2004 29.9064 26
      vertex -26.6237 28.8198 26
    endloop
  endfacet
  facet normal -0 0 1
    outer loop
      vertex -27.4897 29.3198 26
      vertex -26.6237 28.8198 26
      vertex -27.2004 29.9064 26
    endloop
  endfacet
  facet normal 0 0 1
    outer loop
      vertex -26.6237 28.8198 26
      vertex -27.4897 29.3198 26
      vertex -27.0597 28.1672 26
    endloop
  endfacet
  facet normal -0 0 1
    outer loop
      vertex -27.853 28.776 26
      vertex -27.0597 28.1672 26
      vertex -27.4897 29.3198 26
    endloop
  endfacet
  facet normal 0 0 1
    outer loop
      vertex -27.0597 28.1672 26
      vertex -27.853 28.776 26
      vertex -27.5772 27.5772 26
    endloop
  endfacet
  facet normal -0 0 1
    outer loop
      vertex -28.2843 28.2843 26
      vertex -27.5772 27.5772 26
      vertex -27.853 28.776 26
    endloop
  endfacet
  facet normal 0 0 1
    outer loop
      vertex -27.5772 27.5772 26
      vertex -28.2843 28.2843 26
      vertex -28.1672 27.0597 26
    endloop
  endfacet
  facet normal -0 0 1
    outer loop
      vertex -28.776 27.853 26
      vertex -28.1672 27.0597 26
      vertex -28.2843 28.2843 26
    endloop
  endfacet
  facet normal 0 0 1
    outer loop
      vertex -28.776 27.853 26
      vertex -28.8198 26.6237 26
      vertex -28.1672 27.0597 26
    endloop
  endfacet
  facet normal -0 0 1
    outer loop
      vertex -29.3198 27.4897 26
      vertex -28.8198 26.6237 26
      vertex -28.776 27.853 26
    endloop
  endfacet
  facet normal 0 0 1
    outer loop
      vertex -29.3198 27.4897 26
      vertex -29.5237 26.2765 26
      vertex -28.8198 26.6237 26
    endloop
  endfacet
  facet normal -0 0 1
    outer loop
      vertex -29.9064 27.2004 26
      vertex -29.5237 26.2765 26
      vertex -29.3198 27.4897 26
    endloop
  endfacet
  facet normal 0 0 1
    outer loop
      vertex -29.9064 27.2004 26
      vertex -30.2669 26.0243 26
      vertex -29.5237 26.2765 26
    endloop
  endfacet
  facet normal -0 0 1
    outer loop
      vertex -30.5257 26.9902 26
      vertex -30.2669 26.0243 26
      vertex -29.9064 27.2004 26
    endloop
  endfacet
  facet normal 0 0 1
    outer loop
      vertex -30.5257 26.9902 26
      vertex -31.0366 25.8711 26
      vertex -30.2669 26.0243 26
    endloop
  endfacet
  facet normal -0 0 1
    outer loop
      vertex -31.1672 26.8626 26
      vertex -31.0366 25.8711 26
      vertex -30.5257 26.9902 26
    endloop
  endfacet
  facet normal -0 0 1
    outer loop
      vertex -31.8198 26.8198 26
      vertex -31.0366 25.8711 26
      vertex -31.1672 26.8626 26
    endloop
  endfacet
  facet normal 0 0 1
    outer loop
      vertex -31.8198 26.8198 26
      vertex -31.8198 25.8198 26
      vertex -31.0366 25.8711 26
    endloop
  endfacet
  facet normal 0 0 1
    outer loop
      vertex -32.4724 26.8626 26
      vertex -31.8198 25.8198 26
      vertex -31.8198 26.8198 26
    endloop
  endfacet
  facet normal 0 0 1
    outer loop
      vertex -32.4724 26.8626 26
      vertex -32.603 25.8711 26
      vertex -31.8198 25.8198 26
    endloop
  endfacet
  facet normal 0 0 1
    outer loop
      vertex -33.1139 26.9902 26
      vertex -32.603 25.8711 26
      vertex -32.4724 26.8626 26
    endloop
  endfacet
  facet normal 0 0 1
    outer loop
      vertex -33.1139 26.9902 26
      vertex -33.3727 26.0243 26
      vertex -32.603 25.8711 26
    endloop
  endfacet
  facet normal 0 0 1
    outer loop
      vertex -33.7332 27.2004 26
      vertex -33.3727 26.0243 26
      vertex -33.1139 26.9902 26
    endloop
  endfacet
  facet normal 0 0 1
    outer loop
      vertex -33.7332 27.2004 26
      vertex -34.1159 26.2765 26
      vertex -33.3727 26.0243 26
    endloop
  endfacet
  facet normal 0 0 1
    outer loop
      vertex -34.3198 27.4897 26
      vertex -34.1159 26.2765 26
      vertex -33.7332 27.2004 26
    endloop
  endfacet
  facet normal 0 0 1
    outer loop
      vertex -34.3198 27.4897 26
      vertex -34.8198 26.6237 26
      vertex -34.1159 26.2765 26
    endloop
  endfacet
  facet normal 0 0 1
    outer loop
      vertex -34.8636 27.853 26
      vertex -34.8198 26.6237 26
      vertex -34.3198 27.4897 26
    endloop
  endfacet
  facet normal 0 0 1
    outer loop
      vertex -35.4724 27.0597 26
      vertex -34.8636 27.853 26
      vertex -35.3553 28.2843 26
    endloop
  endfacet
  facet normal 0 0 1
    outer loop
      vertex -34.8636 27.853 26
      vertex -35.4724 27.0597 26
      vertex -34.8198 26.6237 26
    endloop
  endfacet
  facet normal 0 0 1
    outer loop
      vertex -36.0624 27.5772 26
      vertex -35.3553 28.2843 26
      vertex -35.7866 28.776 26
    endloop
  endfacet
  facet normal 0 0 1
    outer loop
      vertex -35.3553 28.2843 26
      vertex -36.0624 27.5772 26
      vertex -35.4724 27.0597 26
    endloop
  endfacet
  facet normal 0 0 1
    outer loop
      vertex -36.5799 28.1672 26
      vertex -35.7866 28.776 26
      vertex -36.1499 29.3198 26
    endloop
  endfacet
  facet normal 0 0 1
    outer loop
      vertex -37.016 28.8198 26
      vertex -36.1499 29.3198 26
      vertex -36.4392 29.9064 26
    endloop
  endfacet
  facet normal 0 0 1
    outer loop
      vertex -35.7866 28.776 26
      vertex -36.5799 28.1672 26
      vertex -36.0624 27.5772 26
    endloop
  endfacet
  facet normal 0 0 1
    outer loop
      vertex -37.3631 29.5237 26
      vertex -36.4392 29.9064 26
      vertex -36.6494 30.5257 26
    endloop
  endfacet
  facet normal 0 0 1
    outer loop
      vertex -37.6154 30.2669 26
      vertex -36.6494 30.5257 26
      vertex -36.777 31.1672 26
    endloop
  endfacet
  facet normal 0 0 1
    outer loop
      vertex -36.1499 29.3198 26
      vertex -37.016 28.8198 26
      vertex -36.5799 28.1672 26
    endloop
  endfacet
  facet normal 0 0 1
    outer loop
      vertex -37.7685 31.0366 26
      vertex -36.777 31.1672 26
      vertex -36.8198 31.8198 26
    endloop
  endfacet
  facet normal 0 0 1
    outer loop
      vertex -36.6494 33.1139 26
      vertex -37.6154 33.3727 26
      vertex -36.777 32.4724 26
    endloop
  endfacet
  facet normal -0 0 1
    outer loop
      vertex -37.7685 32.603 26
      vertex -36.777 32.4724 26
      vertex -37.6154 33.3727 26
    endloop
  endfacet
  facet normal 0 0 1
    outer loop
      vertex -36.4392 29.9064 26
      vertex -37.3631 29.5237 26
      vertex -37.016 28.8198 26
    endloop
  endfacet
  facet normal 0 0 1
    outer loop
      vertex -36.777 32.4724 26
      vertex -37.7685 32.603 26
      vertex -36.8198 31.8198 26
    endloop
  endfacet
  facet normal 0 0 1
    outer loop
      vertex -36.6494 30.5257 26
      vertex -37.6154 30.2669 26
      vertex -37.3631 29.5237 26
    endloop
  endfacet
  facet normal 0 0 1
    outer loop
      vertex -37.8198 31.8198 26
      vertex -36.8198 31.8198 26
      vertex -37.7685 32.603 26
    endloop
  endfacet
  facet normal 0 0 1
    outer loop
      vertex -36.777 31.1672 26
      vertex -37.7685 31.0366 26
      vertex -37.6154 30.2669 26
    endloop
  endfacet
  facet normal 0 0 1
    outer loop
      vertex -36.8198 31.8198 26
      vertex -37.8198 31.8198 26
      vertex -37.7685 31.0366 26
    endloop
  endfacet
  facet normal -0.751787 0.659406 0
    outer loop
      vertex -36.5799 35.4724 20
      vertex -36.0624 36.0624 26
      vertex -36.0624 36.0624 20
    endloop
  endfacet
  facet normal -0.751787 0.659406 0
    outer loop
      vertex -36.0624 36.0624 26
      vertex -36.5799 35.4724 20
      vertex -36.5799 35.4724 26
    endloop
  endfacet
  facet normal 0.980786 0.195087 0
    outer loop
      vertex -26.8626 32.4724 29
      vertex -26.9902 33.1139 26
      vertex -26.9902 33.1139 29
    endloop
  endfacet
  facet normal 0.980786 0.195087 0
    outer loop
      vertex -26.9902 33.1139 26
      vertex -26.8626 32.4724 29
      vertex -26.8626 32.4724 26
    endloop
  endfacet
  facet normal 0.997856 0.0654432 0
    outer loop
      vertex -26.8198 31.8198 29
      vertex -26.8626 32.4724 26
      vertex -26.8626 32.4724 29
    endloop
  endfacet
  facet normal 0.997856 0.0654432 0
    outer loop
      vertex -26.8626 32.4724 26
      vertex -26.8198 31.8198 29
      vertex -26.8198 31.8198 26
    endloop
  endfacet
  facet normal -0.195087 0.980786 0
    outer loop
      vertex -32.4724 36.777 26
      vertex -33.1139 36.6494 29
      vertex -32.4724 36.777 29
    endloop
  endfacet
  facet normal -0.195087 0.980786 0
    outer loop
      vertex -33.1139 36.6494 29
      vertex -32.4724 36.777 26
      vertex -33.1139 36.6494 26
    endloop
  endfacet
  facet normal -0.997856 -0.0654432 0
    outer loop
      vertex -36.777 31.1672 26
      vertex -36.8198 31.8198 29
      vertex -36.8198 31.8198 26
    endloop
  endfacet
  facet normal -0.997856 -0.0654432 0
    outer loop
      vertex -36.8198 31.8198 29
      vertex -36.777 31.1672 26
      vertex -36.777 31.1672 29
    endloop
  endfacet
  facet normal 0.831509 0.555512 0
    outer loop
      vertex -27.4897 34.3198 29
      vertex -27.853 34.8636 26
      vertex -27.853 34.8636 29
    endloop
  endfacet
  facet normal 0.831509 0.555512 0
    outer loop
      vertex -27.853 34.8636 26
      vertex -27.4897 34.3198 29
      vertex -27.4897 34.3198 26
    endloop
  endfacet
  facet normal 0.321407 -0.946941 0
    outer loop
      vertex -30.5257 26.9902 26
      vertex -29.9064 27.2004 29
      vertex -30.5257 26.9902 29
    endloop
  endfacet
  facet normal 0.321407 -0.946941 0
    outer loop
      vertex -29.9064 27.2004 29
      vertex -30.5257 26.9902 26
      vertex -29.9064 27.2004 26
    endloop
  endfacet
  facet normal -0.89686 -0.442314 0
    outer loop
      vertex -36.1499 29.3198 26
      vertex -36.4392 29.9064 29
      vertex -36.4392 29.9064 26
    endloop
  endfacet
  facet normal -0.89686 -0.442314 0
    outer loop
      vertex -36.4392 29.9064 29
      vertex -36.1499 29.3198 26
      vertex -36.1499 29.3198 29
    endloop
  endfacet
  facet normal 0.997856 -0.0654432 0
    outer loop
      vertex -26.8626 31.1672 29
      vertex -26.8198 31.8198 26
      vertex -26.8198 31.8198 29
    endloop
  endfacet
  facet normal 0.997856 -0.0654432 0
    outer loop
      vertex -26.8198 31.8198 26
      vertex -26.8626 31.1672 29
      vertex -26.8626 31.1672 26
    endloop
  endfacet
  facet normal 0.659424 -0.751771 0
    outer loop
      vertex -28.776 27.853 26
      vertex -28.2843 28.2843 29
      vertex -28.776 27.853 29
    endloop
  endfacet
  facet normal 0.659424 -0.751771 0
    outer loop
      vertex -28.2843 28.2843 29
      vertex -28.776 27.853 26
      vertex -28.2843 28.2843 26
    endloop
  endfacet
  facet normal 0.831509 -0.555512 0
    outer loop
      vertex -27.853 28.776 29
      vertex -27.4897 29.3198 26
      vertex -27.4897 29.3198 29
    endloop
  endfacet
  facet normal 0.831509 -0.555512 0
    outer loop
      vertex -27.4897 29.3198 26
      vertex -27.853 28.776 29
      vertex -27.853 28.776 26
    endloop
  endfacet
  facet normal -0.980786 0.195087 0
    outer loop
      vertex -36.777 32.4724 26
      vertex -36.6494 33.1139 29
      vertex -36.6494 33.1139 26
    endloop
  endfacet
  facet normal -0.980786 0.195087 0
    outer loop
      vertex -36.6494 33.1139 29
      vertex -36.777 32.4724 26
      vertex -36.777 32.4724 29
    endloop
  endfacet
  facet normal 0.980786 -0.195087 0
    outer loop
      vertex -26.9902 30.5257 29
      vertex -26.8626 31.1672 26
      vertex -26.8626 31.1672 29
    endloop
  endfacet
  facet normal 0.980786 -0.195087 0
    outer loop
      vertex -26.8626 31.1672 26
      vertex -26.9902 30.5257 29
      vertex -26.9902 30.5257 26
    endloop
  endfacet
  facet normal 0.555512 -0.831509 0
    outer loop
      vertex -29.3198 27.4897 26
      vertex -28.776 27.853 29
      vertex -29.3198 27.4897 29
    endloop
  endfacet
  facet normal 0.555512 -0.831509 0
    outer loop
      vertex -28.776 27.853 29
      vertex -29.3198 27.4897 26
      vertex -28.776 27.853 26
    endloop
  endfacet
  facet normal 0.89686 -0.442314 0
    outer loop
      vertex -27.4897 29.3198 29
      vertex -27.2004 29.9064 26
      vertex -27.2004 29.9064 29
    endloop
  endfacet
  facet normal 0.89686 -0.442314 0
    outer loop
      vertex -27.2004 29.9064 26
      vertex -27.4897 29.3198 29
      vertex -27.4897 29.3198 26
    endloop
  endfacet
  facet normal 0.321407 0.946941 -0
    outer loop
      vertex -29.9064 36.4392 26
      vertex -30.5257 36.6494 29
      vertex -29.9064 36.4392 29
    endloop
  endfacet
  facet normal 0.321407 0.946941 0
    outer loop
      vertex -30.5257 36.6494 29
      vertex -29.9064 36.4392 26
      vertex -30.5257 36.6494 26
    endloop
  endfacet
  facet normal -0.980786 -0.195087 0
    outer loop
      vertex -36.6494 30.5257 26
      vertex -36.777 31.1672 29
      vertex -36.777 31.1672 26
    endloop
  endfacet
  facet normal -0.980786 -0.195087 0
    outer loop
      vertex -36.777 31.1672 29
      vertex -36.6494 30.5257 26
      vertex -36.6494 30.5257 29
    endloop
  endfacet
  facet normal 0.946941 -0.321407 0
    outer loop
      vertex -27.2004 29.9064 29
      vertex -26.9902 30.5257 26
      vertex -26.9902 30.5257 29
    endloop
  endfacet
  facet normal 0.946941 -0.321407 0
    outer loop
      vertex -26.9902 30.5257 26
      vertex -27.2004 29.9064 29
      vertex -27.2004 29.9064 26
    endloop
  endfacet
  facet normal -0.442314 -0.89686 0
    outer loop
      vertex -34.3198 27.4897 26
      vertex -33.7332 27.2004 29
      vertex -34.3198 27.4897 29
    endloop
  endfacet
  facet normal -0.442314 -0.89686 -0
    outer loop
      vertex -33.7332 27.2004 29
      vertex -34.3198 27.4897 26
      vertex -33.7332 27.2004 26
    endloop
  endfacet
  facet normal -0.946941 -0.321407 0
    outer loop
      vertex -36.4392 29.9064 26
      vertex -36.6494 30.5257 29
      vertex -36.6494 30.5257 26
    endloop
  endfacet
  facet normal -0.946941 -0.321407 0
    outer loop
      vertex -36.6494 30.5257 29
      vertex -36.4392 29.9064 26
      vertex -36.4392 29.9064 29
    endloop
  endfacet
  facet normal -0.442314 0.89686 0
    outer loop
      vertex -33.7332 36.4392 26
      vertex -34.3198 36.1499 29
      vertex -33.7332 36.4392 29
    endloop
  endfacet
  facet normal -0.442314 0.89686 0
    outer loop
      vertex -34.3198 36.1499 29
      vertex -33.7332 36.4392 26
      vertex -34.3198 36.1499 26
    endloop
  endfacet
  facet normal -0.751771 -0.659424 0
    outer loop
      vertex -35.3553 28.2843 26
      vertex -35.7866 28.776 29
      vertex -35.7866 28.776 26
    endloop
  endfacet
  facet normal -0.751771 -0.659424 0
    outer loop
      vertex -35.7866 28.776 29
      vertex -35.3553 28.2843 26
      vertex -35.3553 28.2843 29
    endloop
  endfacet
  facet normal -0.946941 0.321407 0
    outer loop
      vertex -36.6494 33.1139 26
      vertex -36.4392 33.7332 29
      vertex -36.4392 33.7332 26
    endloop
  endfacet
  facet normal -0.946941 0.321407 0
    outer loop
      vertex -36.4392 33.7332 29
      vertex -36.6494 33.1139 26
      vertex -36.6494 33.1139 29
    endloop
  endfacet
  facet normal -0.659424 -0.751771 0
    outer loop
      vertex -35.3553 28.2843 26
      vertex -34.8636 27.853 29
      vertex -35.3553 28.2843 29
    endloop
  endfacet
  facet normal -0.659424 -0.751771 -0
    outer loop
      vertex -34.8636 27.853 29
      vertex -35.3553 28.2843 26
      vertex -34.8636 27.853 26
    endloop
  endfacet
  facet normal 0.946941 0.321407 0
    outer loop
      vertex -26.9902 33.1139 29
      vertex -27.2004 33.7332 26
      vertex -27.2004 33.7332 29
    endloop
  endfacet
  facet normal 0.946941 0.321407 0
    outer loop
      vertex -27.2004 33.7332 26
      vertex -26.9902 33.1139 29
      vertex -26.9902 33.1139 26
    endloop
  endfacet
  facet normal 0.751771 0.659424 0
    outer loop
      vertex -27.853 34.8636 29
      vertex -28.2843 35.3553 26
      vertex -28.2843 35.3553 29
    endloop
  endfacet
  facet normal 0.751771 0.659424 0
    outer loop
      vertex -28.2843 35.3553 26
      vertex -27.853 34.8636 29
      vertex -27.853 34.8636 26
    endloop
  endfacet
  facet normal 0.195087 -0.980786 0
    outer loop
      vertex -31.1672 26.8626 26
      vertex -30.5257 26.9902 29
      vertex -31.1672 26.8626 29
    endloop
  endfacet
  facet normal 0.195087 -0.980786 0
    outer loop
      vertex -30.5257 26.9902 29
      vertex -31.1672 26.8626 26
      vertex -30.5257 26.9902 26
    endloop
  endfacet
  facet normal 0.442314 0.89686 -0
    outer loop
      vertex -29.3198 36.1499 26
      vertex -29.9064 36.4392 29
      vertex -29.3198 36.1499 29
    endloop
  endfacet
  facet normal 0.442314 0.89686 0
    outer loop
      vertex -29.9064 36.4392 29
      vertex -29.3198 36.1499 26
      vertex -29.9064 36.4392 26
    endloop
  endfacet
  facet normal 0.555512 0.831509 -0
    outer loop
      vertex -28.776 35.7866 26
      vertex -29.3198 36.1499 29
      vertex -28.776 35.7866 29
    endloop
  endfacet
  facet normal 0.555512 0.831509 0
    outer loop
      vertex -29.3198 36.1499 29
      vertex -28.776 35.7866 26
      vertex -29.3198 36.1499 26
    endloop
  endfacet
  facet normal -0.0654432 0.997856 0
    outer loop
      vertex -31.8198 36.8198 26
      vertex -32.4724 36.777 29
      vertex -31.8198 36.8198 29
    endloop
  endfacet
  facet normal -0.0654432 0.997856 0
    outer loop
      vertex -32.4724 36.777 29
      vertex -31.8198 36.8198 26
      vertex -32.4724 36.777 26
    endloop
  endfacet
  facet normal -0.321407 0.946941 0
    outer loop
      vertex -33.1139 36.6494 26
      vertex -33.7332 36.4392 29
      vertex -33.1139 36.6494 29
    endloop
  endfacet
  facet normal -0.321407 0.946941 0
    outer loop
      vertex -33.7332 36.4392 29
      vertex -33.1139 36.6494 26
      vertex -33.7332 36.4392 26
    endloop
  endfacet
  facet normal 0.0654432 -0.997856 0
    outer loop
      vertex -31.8198 26.8198 26
      vertex -31.1672 26.8626 29
      vertex -31.8198 26.8198 29
    endloop
  endfacet
  facet normal 0.0654432 -0.997856 0
    outer loop
      vertex -31.1672 26.8626 29
      vertex -31.8198 26.8198 26
      vertex -31.1672 26.8626 26
    endloop
  endfacet
  facet normal -0.659424 0.751771 0
    outer loop
      vertex -34.8636 35.7866 26
      vertex -35.3553 35.3553 29
      vertex -34.8636 35.7866 29
    endloop
  endfacet
  facet normal -0.659424 0.751771 0
    outer loop
      vertex -35.3553 35.3553 29
      vertex -34.8636 35.7866 26
      vertex -35.3553 35.3553 26
    endloop
  endfacet
  facet normal -0.997856 0.0654432 0
    outer loop
      vertex -36.8198 31.8198 26
      vertex -36.777 32.4724 29
      vertex -36.777 32.4724 26
    endloop
  endfacet
  facet normal -0.997856 0.0654432 0
    outer loop
      vertex -36.777 32.4724 29
      vertex -36.8198 31.8198 26
      vertex -36.8198 31.8198 29
    endloop
  endfacet
  facet normal 0.89686 0.442314 0
    outer loop
      vertex -27.2004 33.7332 29
      vertex -27.4897 34.3198 26
      vertex -27.4897 34.3198 29
    endloop
  endfacet
  facet normal 0.89686 0.442314 0
    outer loop
      vertex -27.4897 34.3198 26
      vertex -27.2004 33.7332 29
      vertex -27.2004 33.7332 26
    endloop
  endfacet
  facet normal 0.195087 0.980786 -0
    outer loop
      vertex -30.5257 36.6494 26
      vertex -31.1672 36.777 29
      vertex -30.5257 36.6494 29
    endloop
  endfacet
  facet normal 0.195087 0.980786 0
    outer loop
      vertex -31.1672 36.777 29
      vertex -30.5257 36.6494 26
      vertex -31.1672 36.777 26
    endloop
  endfacet
  facet normal -0.831509 0.555512 0
    outer loop
      vertex -36.1499 34.3198 26
      vertex -35.7866 34.8636 29
      vertex -35.7866 34.8636 26
    endloop
  endfacet
  facet normal -0.831509 0.555512 0
    outer loop
      vertex -35.7866 34.8636 29
      vertex -36.1499 34.3198 26
      vertex -36.1499 34.3198 29
    endloop
  endfacet
  facet normal 0.442314 -0.89686 0
    outer loop
      vertex -29.9064 27.2004 26
      vertex -29.3198 27.4897 29
      vertex -29.9064 27.2004 29
    endloop
  endfacet
  facet normal 0.442314 -0.89686 0
    outer loop
      vertex -29.3198 27.4897 29
      vertex -29.9064 27.2004 26
      vertex -29.3198 27.4897 26
    endloop
  endfacet
  facet normal -0.831509 -0.555512 0
    outer loop
      vertex -35.7866 28.776 26
      vertex -36.1499 29.3198 29
      vertex -36.1499 29.3198 26
    endloop
  endfacet
  facet normal -0.831509 -0.555512 0
    outer loop
      vertex -36.1499 29.3198 29
      vertex -35.7866 28.776 26
      vertex -35.7866 28.776 29
    endloop
  endfacet
  facet normal -0.555512 0.831509 0
    outer loop
      vertex -34.3198 36.1499 26
      vertex -34.8636 35.7866 29
      vertex -34.3198 36.1499 29
    endloop
  endfacet
  facet normal -0.555512 0.831509 0
    outer loop
      vertex -34.8636 35.7866 29
      vertex -34.3198 36.1499 26
      vertex -34.8636 35.7866 26
    endloop
  endfacet
  facet normal 0.0654432 0.997856 -0
    outer loop
      vertex -31.1672 36.777 26
      vertex -31.8198 36.8198 29
      vertex -31.1672 36.777 29
    endloop
  endfacet
  facet normal 0.0654432 0.997856 0
    outer loop
      vertex -31.8198 36.8198 29
      vertex -31.1672 36.777 26
      vertex -31.8198 36.8198 26
    endloop
  endfacet
  facet normal -0.0654432 -0.997856 0
    outer loop
      vertex -32.4724 26.8626 26
      vertex -31.8198 26.8198 29
      vertex -32.4724 26.8626 29
    endloop
  endfacet
  facet normal -0.0654432 -0.997856 -0
    outer loop
      vertex -31.8198 26.8198 29
      vertex -32.4724 26.8626 26
      vertex -31.8198 26.8198 26
    endloop
  endfacet
  facet normal 0.659424 0.751771 -0
    outer loop
      vertex -28.2843 35.3553 26
      vertex -28.776 35.7866 29
      vertex -28.2843 35.3553 29
    endloop
  endfacet
  facet normal 0.659424 0.751771 0
    outer loop
      vertex -28.776 35.7866 29
      vertex -28.2843 35.3553 26
      vertex -28.776 35.7866 26
    endloop
  endfacet
  facet normal -0.321407 -0.946941 0
    outer loop
      vertex -33.7332 27.2004 26
      vertex -33.1139 26.9902 29
      vertex -33.7332 27.2004 29
    endloop
  endfacet
  facet normal -0.321407 -0.946941 -0
    outer loop
      vertex -33.1139 26.9902 29
      vertex -33.7332 27.2004 26
      vertex -33.1139 26.9902 26
    endloop
  endfacet
  facet normal -0.555512 -0.831509 0
    outer loop
      vertex -34.8636 27.853 26
      vertex -34.3198 27.4897 29
      vertex -34.8636 27.853 29
    endloop
  endfacet
  facet normal -0.555512 -0.831509 -0
    outer loop
      vertex -34.3198 27.4897 29
      vertex -34.8636 27.853 26
      vertex -34.3198 27.4897 26
    endloop
  endfacet
  facet normal -0.195087 -0.980786 0
    outer loop
      vertex -33.1139 26.9902 26
      vertex -32.4724 26.8626 29
      vertex -33.1139 26.9902 29
    endloop
  endfacet
  facet normal -0.195087 -0.980786 -0
    outer loop
      vertex -32.4724 26.8626 29
      vertex -33.1139 26.9902 26
      vertex -32.4724 26.8626 26
    endloop
  endfacet
  facet normal -0.89686 0.442314 0
    outer loop
      vertex -36.4392 33.7332 26
      vertex -36.1499 34.3198 29
      vertex -36.1499 34.3198 26
    endloop
  endfacet
  facet normal -0.89686 0.442314 0
    outer loop
      vertex -36.1499 34.3198 29
      vertex -36.4392 33.7332 26
      vertex -36.4392 33.7332 29
    endloop
  endfacet
  facet normal 0.751771 -0.659424 0
    outer loop
      vertex -28.2843 28.2843 29
      vertex -27.853 28.776 26
      vertex -27.853 28.776 29
    endloop
  endfacet
  facet normal 0.751771 -0.659424 0
    outer loop
      vertex -27.853 28.776 26
      vertex -28.2843 28.2843 29
      vertex -28.2843 28.2843 26
    endloop
  endfacet
  facet normal 0 0 1
    outer loop
      vertex -26.8626 32.4724 29
      vertex -26.8626 31.1672 29
      vertex -26.8198 31.8198 29
    endloop
  endfacet
  facet normal 0 0 1
    outer loop
      vertex -26.9902 33.1139 29
      vertex -26.8626 31.1672 29
      vertex -26.8626 32.4724 29
    endloop
  endfacet
  facet normal 0 0 1
    outer loop
      vertex -26.9902 33.1139 29
      vertex -26.9902 30.5257 29
      vertex -26.8626 31.1672 29
    endloop
  endfacet
  facet normal 0 0 1
    outer loop
      vertex -27.2004 33.7332 29
      vertex -26.9902 30.5257 29
      vertex -26.9902 33.1139 29
    endloop
  endfacet
  facet normal 0 0 1
    outer loop
      vertex -27.2004 33.7332 29
      vertex -27.2004 29.9064 29
      vertex -26.9902 30.5257 29
    endloop
  endfacet
  facet normal 0 0 1
    outer loop
      vertex -27.4897 34.3198 29
      vertex -27.2004 29.9064 29
      vertex -27.2004 33.7332 29
    endloop
  endfacet
  facet normal 0 0 1
    outer loop
      vertex -27.4897 34.3198 29
      vertex -27.4897 29.3198 29
      vertex -27.2004 29.9064 29
    endloop
  endfacet
  facet normal 0 0 1
    outer loop
      vertex -27.853 34.8636 29
      vertex -27.4897 29.3198 29
      vertex -27.4897 34.3198 29
    endloop
  endfacet
  facet normal 0 0 1
    outer loop
      vertex -27.853 34.8636 29
      vertex -27.853 28.776 29
      vertex -27.4897 29.3198 29
    endloop
  endfacet
  facet normal 0 0 1
    outer loop
      vertex -28.2843 35.3553 29
      vertex -27.853 28.776 29
      vertex -27.853 34.8636 29
    endloop
  endfacet
  facet normal 0 0 1
    outer loop
      vertex -28.2843 35.3553 29
      vertex -28.2843 28.2843 29
      vertex -27.853 28.776 29
    endloop
  endfacet
  facet normal 0 0 1
    outer loop
      vertex -28.776 35.7866 29
      vertex -28.2843 28.2843 29
      vertex -28.2843 35.3553 29
    endloop
  endfacet
  facet normal 0 0 1
    outer loop
      vertex -28.776 35.7866 29
      vertex -28.776 27.853 29
      vertex -28.2843 28.2843 29
    endloop
  endfacet
  facet normal 0 0 1
    outer loop
      vertex -29.3198 36.1499 29
      vertex -28.776 27.853 29
      vertex -28.776 35.7866 29
    endloop
  endfacet
  facet normal 0 0 1
    outer loop
      vertex -29.3198 36.1499 29
      vertex -29.3198 27.4897 29
      vertex -28.776 27.853 29
    endloop
  endfacet
  facet normal 0 0 1
    outer loop
      vertex -29.9064 36.4392 29
      vertex -29.3198 27.4897 29
      vertex -29.3198 36.1499 29
    endloop
  endfacet
  facet normal 0 0 1
    outer loop
      vertex -29.9064 36.4392 29
      vertex -29.9064 27.2004 29
      vertex -29.3198 27.4897 29
    endloop
  endfacet
  facet normal 0 0 1
    outer loop
      vertex -30.5257 36.6494 29
      vertex -29.9064 27.2004 29
      vertex -29.9064 36.4392 29
    endloop
  endfacet
  facet normal 0 0 1
    outer loop
      vertex -30.5257 36.6494 29
      vertex -30.5257 26.9902 29
      vertex -29.9064 27.2004 29
    endloop
  endfacet
  facet normal 0 0 1
    outer loop
      vertex -31.1672 36.777 29
      vertex -30.5257 26.9902 29
      vertex -30.5257 36.6494 29
    endloop
  endfacet
  facet normal 0 0 1
    outer loop
      vertex -31.1672 36.777 29
      vertex -31.1672 26.8626 29
      vertex -30.5257 26.9902 29
    endloop
  endfacet
  facet normal 0 0 1
    outer loop
      vertex -31.8198 36.8198 29
      vertex -31.1672 26.8626 29
      vertex -31.1672 36.777 29
    endloop
  endfacet
  facet normal 0 0 1
    outer loop
      vertex -31.8198 36.8198 29
      vertex -31.8198 26.8198 29
      vertex -31.1672 26.8626 29
    endloop
  endfacet
  facet normal -0 0 1
    outer loop
      vertex -32.4724 36.777 29
      vertex -31.8198 26.8198 29
      vertex -31.8198 36.8198 29
    endloop
  endfacet
  facet normal 0 0 1
    outer loop
      vertex -32.4724 36.777 29
      vertex -32.4724 26.8626 29
      vertex -31.8198 26.8198 29
    endloop
  endfacet
  facet normal -0 0 1
    outer loop
      vertex -33.1139 36.6494 29
      vertex -32.4724 26.8626 29
      vertex -32.4724 36.777 29
    endloop
  endfacet
  facet normal 0 0 1
    outer loop
      vertex -33.1139 36.6494 29
      vertex -33.1139 26.9902 29
      vertex -32.4724 26.8626 29
    endloop
  endfacet
  facet normal -0 0 1
    outer loop
      vertex -33.7332 36.4392 29
      vertex -33.1139 26.9902 29
      vertex -33.1139 36.6494 29
    endloop
  endfacet
  facet normal 0 0 1
    outer loop
      vertex -33.7332 36.4392 29
      vertex -33.7332 27.2004 29
      vertex -33.1139 26.9902 29
    endloop
  endfacet
  facet normal -0 0 1
    outer loop
      vertex -34.3198 36.1499 29
      vertex -33.7332 27.2004 29
      vertex -33.7332 36.4392 29
    endloop
  endfacet
  facet normal 0 0 1
    outer loop
      vertex -34.3198 36.1499 29
      vertex -34.3198 27.4897 29
      vertex -33.7332 27.2004 29
    endloop
  endfacet
  facet normal -0 0 1
    outer loop
      vertex -34.8636 35.7866 29
      vertex -34.3198 27.4897 29
      vertex -34.3198 36.1499 29
    endloop
  endfacet
  facet normal 0 0 1
    outer loop
      vertex -34.8636 35.7866 29
      vertex -34.8636 27.853 29
      vertex -34.3198 27.4897 29
    endloop
  endfacet
  facet normal -0 0 1
    outer loop
      vertex -35.3553 35.3553 29
      vertex -34.8636 27.853 29
      vertex -34.8636 35.7866 29
    endloop
  endfacet
  facet normal 0 0 1
    outer loop
      vertex -35.3553 35.3553 29
      vertex -35.3553 28.2843 29
      vertex -34.8636 27.853 29
    endloop
  endfacet
  facet normal -0 0 1
    outer loop
      vertex -35.7866 34.8636 29
      vertex -35.3553 28.2843 29
      vertex -35.3553 35.3553 29
    endloop
  endfacet
  facet normal 0 0 1
    outer loop
      vertex -35.7866 34.8636 29
      vertex -35.7866 28.776 29
      vertex -35.3553 28.2843 29
    endloop
  endfacet
  facet normal -0 0 1
    outer loop
      vertex -36.1499 34.3198 29
      vertex -35.7866 28.776 29
      vertex -35.7866 34.8636 29
    endloop
  endfacet
  facet normal 0 0 1
    outer loop
      vertex -36.1499 34.3198 29
      vertex -36.1499 29.3198 29
      vertex -35.7866 28.776 29
    endloop
  endfacet
  facet normal -0 0 1
    outer loop
      vertex -36.4392 33.7332 29
      vertex -36.1499 29.3198 29
      vertex -36.1499 34.3198 29
    endloop
  endfacet
  facet normal 0 0 1
    outer loop
      vertex -36.4392 33.7332 29
      vertex -36.4392 29.9064 29
      vertex -36.1499 29.3198 29
    endloop
  endfacet
  facet normal -0 0 1
    outer loop
      vertex -36.6494 33.1139 29
      vertex -36.4392 29.9064 29
      vertex -36.4392 33.7332 29
    endloop
  endfacet
  facet normal 0 0 1
    outer loop
      vertex -36.6494 33.1139 29
      vertex -36.6494 30.5257 29
      vertex -36.4392 29.9064 29
    endloop
  endfacet
  facet normal -0 0 1
    outer loop
      vertex -36.777 32.4724 29
      vertex -36.6494 30.5257 29
      vertex -36.6494 33.1139 29
    endloop
  endfacet
  facet normal 0 0 1
    outer loop
      vertex -36.777 32.4724 29
      vertex -36.777 31.1672 29
      vertex -36.6494 30.5257 29
    endloop
  endfacet
  facet normal 0 -0 1
    outer loop
      vertex -36.777 31.1672 29
      vertex -36.777 32.4724 29
      vertex -36.8198 31.8198 29
    endloop
  endfacet
  facet normal -0.751771 0.659424 0
    outer loop
      vertex -35.7866 34.8636 26
      vertex -35.3553 35.3553 29
      vertex -35.3553 35.3553 26
    endloop
  endfacet
  facet normal -0.751771 0.659424 0
    outer loop
      vertex -35.3553 35.3553 29
      vertex -35.7866 34.8636 26
      vertex -35.7866 34.8636 29
    endloop
  endfacet
  facet normal 0.980762 0.195209 0
    outer loop
      vertex -25.8711 -31.0366 26
      vertex -26.0243 -30.2669 20
      vertex -26.0243 -30.2669 26
    endloop
  endfacet
  facet normal 0.980762 0.195209 0
    outer loop
      vertex -26.0243 -30.2669 20
      vertex -25.8711 -31.0366 26
      vertex -25.8711 -31.0366 20
    endloop
  endfacet
  facet normal 0.997862 0.0653605 0
    outer loop
      vertex -25.8198 -31.8198 26
      vertex -25.8711 -31.0366 20
      vertex -25.8711 -31.0366 26
    endloop
  endfacet
  facet normal 0.997862 0.0653605 0
    outer loop
      vertex -25.8711 -31.0366 20
      vertex -25.8198 -31.8198 26
      vertex -25.8198 -31.8198 20
    endloop
  endfacet
  facet normal 0.946962 0.321345 0
    outer loop
      vertex -26.0243 -30.2669 26
      vertex -26.2765 -29.5237 20
      vertex -26.2765 -29.5237 26
    endloop
  endfacet
  facet normal 0.946962 0.321345 0
    outer loop
      vertex -26.2765 -29.5237 20
      vertex -26.0243 -30.2669 26
      vertex -26.0243 -30.2669 20
    endloop
  endfacet
  facet normal 0.831501 0.555523 0
    outer loop
      vertex -26.6237 -28.8198 26
      vertex -27.0597 -28.1672 20
      vertex -27.0597 -28.1672 26
    endloop
  endfacet
  facet normal 0.831501 0.555523 0
    outer loop
      vertex -27.0597 -28.1672 20
      vertex -26.6237 -28.8198 26
      vertex -26.6237 -28.8198 20
    endloop
  endfacet
  facet normal 0.980762 -0.195209 0
    outer loop
      vertex -26.0243 -33.3727 26
      vertex -25.8711 -32.603 20
      vertex -25.8711 -32.603 26
    endloop
  endfacet
  facet normal 0.980762 -0.195209 0
    outer loop
      vertex -25.8711 -32.603 20
      vertex -26.0243 -33.3727 26
      vertex -26.0243 -33.3727 20
    endloop
  endfacet
  facet normal -0.555523 0.831501 0
    outer loop
      vertex -34.8198 -26.6237 20
      vertex -35.4724 -27.0597 26
      vertex -34.8198 -26.6237 26
    endloop
  endfacet
  facet normal -0.555523 0.831501 0
    outer loop
      vertex -35.4724 -27.0597 26
      vertex -34.8198 -26.6237 20
      vertex -35.4724 -27.0597 20
    endloop
  endfacet
  facet normal 0.195209 0.980762 -0
    outer loop
      vertex -30.2669 -26.0243 20
      vertex -31.0366 -25.8711 26
      vertex -30.2669 -26.0243 26
    endloop
  endfacet
  facet normal 0.195209 0.980762 0
    outer loop
      vertex -31.0366 -25.8711 26
      vertex -30.2669 -26.0243 20
      vertex -31.0366 -25.8711 20
    endloop
  endfacet
  facet normal 0.555611 -0.831442 0
    outer loop
      vertex -28.8198 -37.016 20
      vertex -28.1672 -36.5799 26
      vertex -28.8198 -37.016 26
    endloop
  endfacet
  facet normal 0.555611 -0.831442 0
    outer loop
      vertex -28.1672 -36.5799 26
      vertex -28.8198 -37.016 20
      vertex -28.1672 -36.5799 20
    endloop
  endfacet
  facet normal 0.321345 0.946962 -0
    outer loop
      vertex -29.5237 -26.2765 20
      vertex -30.2669 -26.0243 26
      vertex -29.5237 -26.2765 26
    endloop
  endfacet
  facet normal 0.321345 0.946962 0
    outer loop
      vertex -30.2669 -26.0243 26
      vertex -29.5237 -26.2765 20
      vertex -30.2669 -26.0243 20
    endloop
  endfacet
  facet normal 0.896835 -0.442365 0
    outer loop
      vertex -26.6237 -34.8198 26
      vertex -26.2765 -34.1159 20
      vertex -26.2765 -34.1159 26
    endloop
  endfacet
  facet normal 0.896835 -0.442365 0
    outer loop
      vertex -26.2765 -34.1159 20
      vertex -26.6237 -34.8198 26
      vertex -26.6237 -34.8198 20
    endloop
  endfacet
  facet normal 0.32146 -0.946923 0
    outer loop
      vertex -30.2669 -37.6154 20
      vertex -29.5237 -37.3631 26
      vertex -30.2669 -37.6154 26
    endloop
  endfacet
  facet normal 0.32146 -0.946923 0
    outer loop
      vertex -29.5237 -37.3631 26
      vertex -30.2669 -37.6154 20
      vertex -29.5237 -37.3631 20
    endloop
  endfacet
  facet normal 0.896835 0.442365 0
    outer loop
      vertex -26.2765 -29.5237 26
      vertex -26.6237 -28.8198 20
      vertex -26.6237 -28.8198 26
    endloop
  endfacet
  facet normal 0.896835 0.442365 0
    outer loop
      vertex -26.6237 -28.8198 20
      vertex -26.2765 -29.5237 26
      vertex -26.2765 -29.5237 20
    endloop
  endfacet
  facet normal 0.659406 0.751787 -0
    outer loop
      vertex -27.5772 -27.5772 20
      vertex -28.1672 -27.0597 26
      vertex -27.5772 -27.5772 26
    endloop
  endfacet
  facet normal 0.659406 0.751787 0
    outer loop
      vertex -28.1672 -27.0597 26
      vertex -27.5772 -27.5772 20
      vertex -28.1672 -27.0597 20
    endloop
  endfacet
  facet normal -0.980786 0.195087 0
    outer loop
      vertex -37.7685 -31.0366 20
      vertex -37.6154 -30.2669 26
      vertex -37.6154 -30.2669 20
    endloop
  endfacet
  facet normal -0.980786 0.195087 0
    outer loop
      vertex -37.6154 -30.2669 26
      vertex -37.7685 -31.0366 20
      vertex -37.7685 -31.0366 26
    endloop
  endfacet
  facet normal -0.751787 0.659406 0
    outer loop
      vertex -36.5799 -28.1672 20
      vertex -36.0624 -27.5772 26
      vertex -36.0624 -27.5772 20
    endloop
  endfacet
  facet normal -0.751787 0.659406 0
    outer loop
      vertex -36.0624 -27.5772 26
      vertex -36.5799 -28.1672 20
      vertex -36.5799 -28.1672 26
    endloop
  endfacet
  facet normal -0.946923 -0.32146 0
    outer loop
      vertex -37.3631 -34.1159 20
      vertex -37.6154 -33.3727 26
      vertex -37.6154 -33.3727 20
    endloop
  endfacet
  facet normal -0.946923 -0.32146 0
    outer loop
      vertex -37.6154 -33.3727 26
      vertex -37.3631 -34.1159 20
      vertex -37.3631 -34.1159 26
    endloop
  endfacet
  facet normal 0.831501 -0.555523 0
    outer loop
      vertex -27.0597 -35.4724 26
      vertex -26.6237 -34.8198 20
      vertex -26.6237 -34.8198 26
    endloop
  endfacet
  facet normal 0.831501 -0.555523 0
    outer loop
      vertex -26.6237 -34.8198 20
      vertex -27.0597 -35.4724 26
      vertex -27.0597 -35.4724 20
    endloop
  endfacet
  facet normal 0.442365 0.896835 -0
    outer loop
      vertex -28.8198 -26.6237 20
      vertex -29.5237 -26.2765 26
      vertex -28.8198 -26.6237 26
    endloop
  endfacet
  facet normal 0.442365 0.896835 0
    outer loop
      vertex -29.5237 -26.2765 26
      vertex -28.8198 -26.6237 20
      vertex -29.5237 -26.2765 20
    endloop
  endfacet
  facet normal -0.659406 0.751787 0
    outer loop
      vertex -35.4724 -27.0597 20
      vertex -36.0624 -27.5772 26
      vertex -35.4724 -27.0597 26
    endloop
  endfacet
  facet normal -0.659406 0.751787 0
    outer loop
      vertex -36.0624 -27.5772 26
      vertex -35.4724 -27.0597 20
      vertex -36.0624 -27.5772 20
    endloop
  endfacet
  facet normal -0.442365 0.896835 0
    outer loop
      vertex -34.1159 -26.2765 20
      vertex -34.8198 -26.6237 26
      vertex -34.1159 -26.2765 26
    endloop
  endfacet
  facet normal -0.442365 0.896835 0
    outer loop
      vertex -34.8198 -26.6237 26
      vertex -34.1159 -26.2765 20
      vertex -34.8198 -26.6237 20
    endloop
  endfacet
  facet normal 0.751787 -0.659406 0
    outer loop
      vertex -27.5772 -36.0624 26
      vertex -27.0597 -35.4724 20
      vertex -27.0597 -35.4724 26
    endloop
  endfacet
  facet normal 0.751787 -0.659406 0
    outer loop
      vertex -27.0597 -35.4724 20
      vertex -27.5772 -36.0624 26
      vertex -27.5772 -36.0624 20
    endloop
  endfacet
  facet normal -0.946923 0.32146 0
    outer loop
      vertex -37.6154 -30.2669 20
      vertex -37.3631 -29.5237 26
      vertex -37.3631 -29.5237 20
    endloop
  endfacet
  facet normal -0.946923 0.32146 0
    outer loop
      vertex -37.3631 -29.5237 26
      vertex -37.6154 -30.2669 20
      vertex -37.6154 -30.2669 26
    endloop
  endfacet
  facet normal -0.195209 0.980762 0
    outer loop
      vertex -32.603 -25.8711 20
      vertex -33.3727 -26.0243 26
      vertex -32.603 -25.8711 26
    endloop
  endfacet
  facet normal -0.195209 0.980762 0
    outer loop
      vertex -33.3727 -26.0243 26
      vertex -32.603 -25.8711 20
      vertex -33.3727 -26.0243 20
    endloop
  endfacet
  facet normal 0.442263 -0.896885 0
    outer loop
      vertex -29.5237 -37.3631 20
      vertex -28.8198 -37.016 26
      vertex -29.5237 -37.3631 26
    endloop
  endfacet
  facet normal 0.442263 -0.896885 0
    outer loop
      vertex -28.8198 -37.016 26
      vertex -29.5237 -37.3631 20
      vertex -28.8198 -37.016 20
    endloop
  endfacet
  facet normal -0.321345 0.946962 0
    outer loop
      vertex -33.3727 -26.0243 20
      vertex -34.1159 -26.2765 26
      vertex -33.3727 -26.0243 26
    endloop
  endfacet
  facet normal -0.321345 0.946962 0
    outer loop
      vertex -34.1159 -26.2765 26
      vertex -33.3727 -26.0243 20
      vertex -34.1159 -26.2765 20
    endloop
  endfacet
  facet normal -0.997862 0.0653605 0
    outer loop
      vertex -37.8198 -31.8198 20
      vertex -37.7685 -31.0366 26
      vertex -37.7685 -31.0366 20
    endloop
  endfacet
  facet normal -0.997862 0.0653605 0
    outer loop
      vertex -37.7685 -31.0366 26
      vertex -37.8198 -31.8198 20
      vertex -37.8198 -31.8198 26
    endloop
  endfacet
  facet normal 0.946962 -0.321345 0
    outer loop
      vertex -26.2765 -34.1159 26
      vertex -26.0243 -33.3727 20
      vertex -26.0243 -33.3727 26
    endloop
  endfacet
  facet normal 0.946962 -0.321345 0
    outer loop
      vertex -26.0243 -33.3727 20
      vertex -26.2765 -34.1159 26
      vertex -26.2765 -34.1159 20
    endloop
  endfacet
  facet normal 0.555523 0.831501 -0
    outer loop
      vertex -28.1672 -27.0597 20
      vertex -28.8198 -26.6237 26
      vertex -28.1672 -27.0597 26
    endloop
  endfacet
  facet normal 0.555523 0.831501 0
    outer loop
      vertex -28.8198 -26.6237 26
      vertex -28.1672 -27.0597 20
      vertex -28.8198 -26.6237 20
    endloop
  endfacet
  facet normal 0.659406 -0.751787 0
    outer loop
      vertex -28.1672 -36.5799 20
      vertex -27.5772 -36.0624 26
      vertex -28.1672 -36.5799 26
    endloop
  endfacet
  facet normal 0.659406 -0.751787 0
    outer loop
      vertex -27.5772 -36.0624 26
      vertex -28.1672 -36.5799 20
      vertex -27.5772 -36.0624 20
    endloop
  endfacet
  facet normal -0.980786 -0.195087 0
    outer loop
      vertex -37.6154 -33.3727 20
      vertex -37.7685 -32.603 26
      vertex -37.7685 -32.603 20
    endloop
  endfacet
  facet normal -0.980786 -0.195087 0
    outer loop
      vertex -37.7685 -32.603 26
      vertex -37.6154 -33.3727 20
      vertex -37.6154 -33.3727 26
    endloop
  endfacet
  facet normal -0.831442 0.555611 0
    outer loop
      vertex -37.016 -28.8198 20
      vertex -36.5799 -28.1672 26
      vertex -36.5799 -28.1672 20
    endloop
  endfacet
  facet normal -0.831442 0.555611 0
    outer loop
      vertex -36.5799 -28.1672 26
      vertex -37.016 -28.8198 20
      vertex -37.016 -28.8198 26
    endloop
  endfacet
  facet normal 0.195087 -0.980786 0
    outer loop
      vertex -31.0366 -37.7685 20
      vertex -30.2669 -37.6154 26
      vertex -31.0366 -37.7685 26
    endloop
  endfacet
  facet normal 0.195087 -0.980786 0
    outer loop
      vertex -30.2669 -37.6154 26
      vertex -31.0366 -37.7685 20
      vertex -30.2669 -37.6154 20
    endloop
  endfacet
  facet normal -0.442263 -0.896885 0
    outer loop
      vertex -34.8198 -37.016 20
      vertex -34.1159 -37.3631 26
      vertex -34.8198 -37.016 26
    endloop
  endfacet
  facet normal -0.442263 -0.896885 -0
    outer loop
      vertex -34.1159 -37.3631 26
      vertex -34.8198 -37.016 20
      vertex -34.1159 -37.3631 20
    endloop
  endfacet
  facet normal 0.0653605 -0.997862 0
    outer loop
      vertex -31.8198 -37.8198 20
      vertex -31.0366 -37.7685 26
      vertex -31.8198 -37.8198 26
    endloop
  endfacet
  facet normal 0.0653605 -0.997862 0
    outer loop
      vertex -31.0366 -37.7685 26
      vertex -31.8198 -37.8198 20
      vertex -31.0366 -37.7685 20
    endloop
  endfacet
  facet normal -0.0653605 -0.997862 0
    outer loop
      vertex -32.603 -37.7685 20
      vertex -31.8198 -37.8198 26
      vertex -32.603 -37.7685 26
    endloop
  endfacet
  facet normal -0.0653605 -0.997862 -0
    outer loop
      vertex -31.8198 -37.8198 26
      vertex -32.603 -37.7685 20
      vertex -31.8198 -37.8198 20
    endloop
  endfacet
  facet normal -0.896885 -0.442263 0
    outer loop
      vertex -37.016 -34.8198 20
      vertex -37.3631 -34.1159 26
      vertex -37.3631 -34.1159 20
    endloop
  endfacet
  facet normal -0.896885 -0.442263 0
    outer loop
      vertex -37.3631 -34.1159 26
      vertex -37.016 -34.8198 20
      vertex -37.016 -34.8198 26
    endloop
  endfacet
  facet normal -0.0653605 0.997862 0
    outer loop
      vertex -31.8198 -25.8198 20
      vertex -32.603 -25.8711 26
      vertex -31.8198 -25.8198 26
    endloop
  endfacet
  facet normal -0.0653605 0.997862 0
    outer loop
      vertex -32.603 -25.8711 26
      vertex -31.8198 -25.8198 20
      vertex -32.603 -25.8711 20
    endloop
  endfacet
  facet normal 0.0653605 0.997862 -0
    outer loop
      vertex -31.0366 -25.8711 20
      vertex -31.8198 -25.8198 26
      vertex -31.0366 -25.8711 26
    endloop
  endfacet
  facet normal 0.0653605 0.997862 0
    outer loop
      vertex -31.8198 -25.8198 26
      vertex -31.0366 -25.8711 20
      vertex -31.8198 -25.8198 20
    endloop
  endfacet
  facet normal 0.997862 -0.0653605 0
    outer loop
      vertex -25.8711 -32.603 26
      vertex -25.8198 -31.8198 20
      vertex -25.8198 -31.8198 26
    endloop
  endfacet
  facet normal 0.997862 -0.0653605 0
    outer loop
      vertex -25.8198 -31.8198 20
      vertex -25.8711 -32.603 26
      vertex -25.8711 -32.603 20
    endloop
  endfacet
  facet normal 0 0 1
    outer loop
      vertex -26.8198 -31.8198 26
      vertex -25.8198 -31.8198 26
      vertex -25.8711 -31.0366 26
    endloop
  endfacet
  facet normal 0 0 1
    outer loop
      vertex -26.8626 -31.1672 26
      vertex -25.8711 -31.0366 26
      vertex -26.0243 -30.2669 26
    endloop
  endfacet
  facet normal 0 0 1
    outer loop
      vertex -25.8198 -31.8198 26
      vertex -26.8198 -31.8198 26
      vertex -25.8711 -32.603 26
    endloop
  endfacet
  facet normal 0 0 1
    outer loop
      vertex -26.9902 -30.5257 26
      vertex -26.0243 -30.2669 26
      vertex -26.2765 -29.5237 26
    endloop
  endfacet
  facet normal -0 0 1
    outer loop
      vertex -26.8626 -32.4724 26
      vertex -25.8711 -32.603 26
      vertex -26.8198 -31.8198 26
    endloop
  endfacet
  facet normal 0 0 1
    outer loop
      vertex -27.2004 -29.9064 26
      vertex -26.2765 -29.5237 26
      vertex -26.6237 -28.8198 26
    endloop
  endfacet
  facet normal 0 0 1
    outer loop
      vertex -25.8711 -32.603 26
      vertex -26.8626 -32.4724 26
      vertex -26.0243 -33.3727 26
    endloop
  endfacet
  facet normal -0 0 1
    outer loop
      vertex -26.9902 -33.1139 26
      vertex -26.0243 -33.3727 26
      vertex -26.8626 -32.4724 26
    endloop
  endfacet
  facet normal 0 0 1
    outer loop
      vertex -25.8711 -31.0366 26
      vertex -26.8626 -31.1672 26
      vertex -26.8198 -31.8198 26
    endloop
  endfacet
  facet normal 0 0 1
    outer loop
      vertex -26.0243 -30.2669 26
      vertex -26.9902 -30.5257 26
      vertex -26.8626 -31.1672 26
    endloop
  endfacet
  facet normal 0 0 1
    outer loop
      vertex -27.4897 -29.3198 26
      vertex -26.6237 -28.8198 26
      vertex -27.0597 -28.1672 26
    endloop
  endfacet
  facet normal 0 0 1
    outer loop
      vertex -26.2765 -29.5237 26
      vertex -27.2004 -29.9064 26
      vertex -26.9902 -30.5257 26
    endloop
  endfacet
  facet normal 0 0 1
    outer loop
      vertex -26.6237 -28.8198 26
      vertex -27.4897 -29.3198 26
      vertex -27.2004 -29.9064 26
    endloop
  endfacet
  facet normal 0 0 1
    outer loop
      vertex -27.853 -28.776 26
      vertex -27.0597 -28.1672 26
      vertex -27.5772 -27.5772 26
    endloop
  endfacet
  facet normal 0 0 1
    outer loop
      vertex -27.0597 -28.1672 26
      vertex -27.853 -28.776 26
      vertex -27.4897 -29.3198 26
    endloop
  endfacet
  facet normal 0 0 1
    outer loop
      vertex -28.2843 -28.2843 26
      vertex -27.5772 -27.5772 26
      vertex -28.1672 -27.0597 26
    endloop
  endfacet
  facet normal 0 0 1
    outer loop
      vertex -27.5772 -27.5772 26
      vertex -28.2843 -28.2843 26
      vertex -27.853 -28.776 26
    endloop
  endfacet
  facet normal 0 0 1
    outer loop
      vertex -28.1672 -27.0597 26
      vertex -28.776 -27.853 26
      vertex -28.2843 -28.2843 26
    endloop
  endfacet
  facet normal 0 0 1
    outer loop
      vertex -28.8198 -26.6237 26
      vertex -28.776 -27.853 26
      vertex -28.1672 -27.0597 26
    endloop
  endfacet
  facet normal 0 0 1
    outer loop
      vertex -28.8198 -26.6237 26
      vertex -29.3198 -27.4897 26
      vertex -28.776 -27.853 26
    endloop
  endfacet
  facet normal 0 0 1
    outer loop
      vertex -29.5237 -26.2765 26
      vertex -29.3198 -27.4897 26
      vertex -28.8198 -26.6237 26
    endloop
  endfacet
  facet normal 0 0 1
    outer loop
      vertex -29.5237 -26.2765 26
      vertex -29.9064 -27.2004 26
      vertex -29.3198 -27.4897 26
    endloop
  endfacet
  facet normal 0 0 1
    outer loop
      vertex -30.2669 -26.0243 26
      vertex -29.9064 -27.2004 26
      vertex -29.5237 -26.2765 26
    endloop
  endfacet
  facet normal 0 0 1
    outer loop
      vertex -30.2669 -26.0243 26
      vertex -30.5257 -26.9902 26
      vertex -29.9064 -27.2004 26
    endloop
  endfacet
  facet normal 0 0 1
    outer loop
      vertex -31.0366 -25.8711 26
      vertex -30.5257 -26.9902 26
      vertex -30.2669 -26.0243 26
    endloop
  endfacet
  facet normal 0 0 1
    outer loop
      vertex -31.0366 -25.8711 26
      vertex -31.1672 -26.8626 26
      vertex -30.5257 -26.9902 26
    endloop
  endfacet
  facet normal 0 0 1
    outer loop
      vertex -31.8198 -25.8198 26
      vertex -31.1672 -26.8626 26
      vertex -31.0366 -25.8711 26
    endloop
  endfacet
  facet normal 0 0 1
    outer loop
      vertex -31.8198 -25.8198 26
      vertex -31.8198 -26.8198 26
      vertex -31.1672 -26.8626 26
    endloop
  endfacet
  facet normal 0 0 1
    outer loop
      vertex -31.8198 -25.8198 26
      vertex -32.4724 -26.8626 26
      vertex -31.8198 -26.8198 26
    endloop
  endfacet
  facet normal -0 0 1
    outer loop
      vertex -32.603 -25.8711 26
      vertex -32.4724 -26.8626 26
      vertex -31.8198 -25.8198 26
    endloop
  endfacet
  facet normal 0 0 1
    outer loop
      vertex -32.603 -25.8711 26
      vertex -33.1139 -26.9902 26
      vertex -32.4724 -26.8626 26
    endloop
  endfacet
  facet normal -0 0 1
    outer loop
      vertex -33.3727 -26.0243 26
      vertex -33.1139 -26.9902 26
      vertex -32.603 -25.8711 26
    endloop
  endfacet
  facet normal 0 0 1
    outer loop
      vertex -33.3727 -26.0243 26
      vertex -33.7332 -27.2004 26
      vertex -33.1139 -26.9902 26
    endloop
  endfacet
  facet normal -0 0 1
    outer loop
      vertex -34.1159 -26.2765 26
      vertex -33.7332 -27.2004 26
      vertex -33.3727 -26.0243 26
    endloop
  endfacet
  facet normal 0 0 1
    outer loop
      vertex -34.1159 -26.2765 26
      vertex -34.3198 -27.4897 26
      vertex -33.7332 -27.2004 26
    endloop
  endfacet
  facet normal -0 0 1
    outer loop
      vertex -34.8198 -26.6237 26
      vertex -34.3198 -27.4897 26
      vertex -34.1159 -26.2765 26
    endloop
  endfacet
  facet normal 0 0 1
    outer loop
      vertex -34.8198 -26.6237 26
      vertex -34.8636 -27.853 26
      vertex -34.3198 -27.4897 26
    endloop
  endfacet
  facet normal -0 0 1
    outer loop
      vertex -35.4724 -27.0597 26
      vertex -34.8636 -27.853 26
      vertex -34.8198 -26.6237 26
    endloop
  endfacet
  facet normal 0 0 1
    outer loop
      vertex -34.8636 -27.853 26
      vertex -35.4724 -27.0597 26
      vertex -35.3553 -28.2843 26
    endloop
  endfacet
  facet normal -0 0 1
    outer loop
      vertex -36.0624 -27.5772 26
      vertex -35.3553 -28.2843 26
      vertex -35.4724 -27.0597 26
    endloop
  endfacet
  facet normal 0 0 1
    outer loop
      vertex -35.3553 -28.2843 26
      vertex -36.0624 -27.5772 26
      vertex -35.7866 -28.776 26
    endloop
  endfacet
  facet normal -0 0 1
    outer loop
      vertex -36.5799 -28.1672 26
      vertex -35.7866 -28.776 26
      vertex -36.0624 -27.5772 26
    endloop
  endfacet
  facet normal 0 0 1
    outer loop
      vertex -35.7866 -28.776 26
      vertex -36.5799 -28.1672 26
      vertex -36.1499 -29.3198 26
    endloop
  endfacet
  facet normal -0 0 1
    outer loop
      vertex -37.016 -28.8198 26
      vertex -36.1499 -29.3198 26
      vertex -36.5799 -28.1672 26
    endloop
  endfacet
  facet normal 0 0 1
    outer loop
      vertex -36.1499 -29.3198 26
      vertex -37.016 -28.8198 26
      vertex -36.4392 -29.9064 26
    endloop
  endfacet
  facet normal -0 0 1
    outer loop
      vertex -37.3631 -29.5237 26
      vertex -36.4392 -29.9064 26
      vertex -37.016 -28.8198 26
    endloop
  endfacet
  facet normal -0 0 1
    outer loop
      vertex -37.6154 -30.2669 26
      vertex -36.6494 -30.5257 26
      vertex -37.3631 -29.5237 26
    endloop
  endfacet
  facet normal 0 0 1
    outer loop
      vertex -36.4392 -29.9064 26
      vertex -37.3631 -29.5237 26
      vertex -36.6494 -30.5257 26
    endloop
  endfacet
  facet normal 0 0 1
    outer loop
      vertex -26.0243 -33.3727 26
      vertex -26.9902 -33.1139 26
      vertex -26.2765 -34.1159 26
    endloop
  endfacet
  facet normal -0 0 1
    outer loop
      vertex -27.2004 -33.7332 26
      vertex -26.2765 -34.1159 26
      vertex -26.9902 -33.1139 26
    endloop
  endfacet
  facet normal 0 0 1
    outer loop
      vertex -26.2765 -34.1159 26
      vertex -27.2004 -33.7332 26
      vertex -26.6237 -34.8198 26
    endloop
  endfacet
  facet normal -0 0 1
    outer loop
      vertex -27.4897 -34.3198 26
      vertex -26.6237 -34.8198 26
      vertex -27.2004 -33.7332 26
    endloop
  endfacet
  facet normal 0 0 1
    outer loop
      vertex -26.6237 -34.8198 26
      vertex -27.4897 -34.3198 26
      vertex -27.0597 -35.4724 26
    endloop
  endfacet
  facet normal -0 0 1
    outer loop
      vertex -27.853 -34.8636 26
      vertex -27.0597 -35.4724 26
      vertex -27.4897 -34.3198 26
    endloop
  endfacet
  facet normal 0 0 1
    outer loop
      vertex -27.0597 -35.4724 26
      vertex -27.853 -34.8636 26
      vertex -27.5772 -36.0624 26
    endloop
  endfacet
  facet normal -0 0 1
    outer loop
      vertex -28.2843 -35.3553 26
      vertex -27.5772 -36.0624 26
      vertex -27.853 -34.8636 26
    endloop
  endfacet
  facet normal 0 0 1
    outer loop
      vertex -27.5772 -36.0624 26
      vertex -28.2843 -35.3553 26
      vertex -28.1672 -36.5799 26
    endloop
  endfacet
  facet normal -0 0 1
    outer loop
      vertex -28.776 -35.7866 26
      vertex -28.1672 -36.5799 26
      vertex -28.2843 -35.3553 26
    endloop
  endfacet
  facet normal 0 0 1
    outer loop
      vertex -28.776 -35.7866 26
      vertex -28.8198 -37.016 26
      vertex -28.1672 -36.5799 26
    endloop
  endfacet
  facet normal -0 0 1
    outer loop
      vertex -29.3198 -36.1499 26
      vertex -28.8198 -37.016 26
      vertex -28.776 -35.7866 26
    endloop
  endfacet
  facet normal 0 0 1
    outer loop
      vertex -29.3198 -36.1499 26
      vertex -29.5237 -37.3631 26
      vertex -28.8198 -37.016 26
    endloop
  endfacet
  facet normal -0 0 1
    outer loop
      vertex -29.9064 -36.4392 26
      vertex -29.5237 -37.3631 26
      vertex -29.3198 -36.1499 26
    endloop
  endfacet
  facet normal 0 0 1
    outer loop
      vertex -29.9064 -36.4392 26
      vertex -30.2669 -37.6154 26
      vertex -29.5237 -37.3631 26
    endloop
  endfacet
  facet normal -0 0 1
    outer loop
      vertex -30.5257 -36.6494 26
      vertex -30.2669 -37.6154 26
      vertex -29.9064 -36.4392 26
    endloop
  endfacet
  facet normal 0 0 1
    outer loop
      vertex -30.5257 -36.6494 26
      vertex -31.0366 -37.7685 26
      vertex -30.2669 -37.6154 26
    endloop
  endfacet
  facet normal -0 0 1
    outer loop
      vertex -31.1672 -36.777 26
      vertex -31.0366 -37.7685 26
      vertex -30.5257 -36.6494 26
    endloop
  endfacet
  facet normal -0 0 1
    outer loop
      vertex -31.8198 -36.8198 26
      vertex -31.0366 -37.7685 26
      vertex -31.1672 -36.777 26
    endloop
  endfacet
  facet normal 0 0 1
    outer loop
      vertex -31.8198 -36.8198 26
      vertex -31.8198 -37.8198 26
      vertex -31.0366 -37.7685 26
    endloop
  endfacet
  facet normal 0 0 1
    outer loop
      vertex -32.4724 -36.777 26
      vertex -31.8198 -37.8198 26
      vertex -31.8198 -36.8198 26
    endloop
  endfacet
  facet normal 0 0 1
    outer loop
      vertex -32.4724 -36.777 26
      vertex -32.603 -37.7685 26
      vertex -31.8198 -37.8198 26
    endloop
  endfacet
  facet normal 0 0 1
    outer loop
      vertex -33.1139 -36.6494 26
      vertex -32.603 -37.7685 26
      vertex -32.4724 -36.777 26
    endloop
  endfacet
  facet normal 0 0 1
    outer loop
      vertex -33.1139 -36.6494 26
      vertex -33.3727 -37.6154 26
      vertex -32.603 -37.7685 26
    endloop
  endfacet
  facet normal 0 0 1
    outer loop
      vertex -33.7332 -36.4392 26
      vertex -33.3727 -37.6154 26
      vertex -33.1139 -36.6494 26
    endloop
  endfacet
  facet normal 0 0 1
    outer loop
      vertex -33.7332 -36.4392 26
      vertex -34.1159 -37.3631 26
      vertex -33.3727 -37.6154 26
    endloop
  endfacet
  facet normal 0 0 1
    outer loop
      vertex -34.3198 -36.1499 26
      vertex -34.1159 -37.3631 26
      vertex -33.7332 -36.4392 26
    endloop
  endfacet
  facet normal 0 0 1
    outer loop
      vertex -34.3198 -36.1499 26
      vertex -34.8198 -37.016 26
      vertex -34.1159 -37.3631 26
    endloop
  endfacet
  facet normal 0 0 1
    outer loop
      vertex -34.8636 -35.7866 26
      vertex -34.8198 -37.016 26
      vertex -34.3198 -36.1499 26
    endloop
  endfacet
  facet normal 0 0 1
    outer loop
      vertex -35.4724 -36.5799 26
      vertex -34.8636 -35.7866 26
      vertex -35.3553 -35.3553 26
    endloop
  endfacet
  facet normal 0 0 1
    outer loop
      vertex -34.8636 -35.7866 26
      vertex -35.4724 -36.5799 26
      vertex -34.8198 -37.016 26
    endloop
  endfacet
  facet normal 0 0 1
    outer loop
      vertex -36.0624 -36.0624 26
      vertex -35.3553 -35.3553 26
      vertex -35.7866 -34.8636 26
    endloop
  endfacet
  facet normal 0 0 1
    outer loop
      vertex -35.3553 -35.3553 26
      vertex -36.0624 -36.0624 26
      vertex -35.4724 -36.5799 26
    endloop
  endfacet
  facet normal 0 0 1
    outer loop
      vertex -36.5799 -35.4724 26
      vertex -35.7866 -34.8636 26
      vertex -36.1499 -34.3198 26
    endloop
  endfacet
  facet normal 0 0 1
    outer loop
      vertex -37.016 -34.8198 26
      vertex -36.1499 -34.3198 26
      vertex -36.4392 -33.7332 26
    endloop
  endfacet
  facet normal 0 0 1
    outer loop
      vertex -35.7866 -34.8636 26
      vertex -36.5799 -35.4724 26
      vertex -36.0624 -36.0624 26
    endloop
  endfacet
  facet normal 0 0 1
    outer loop
      vertex -37.3631 -34.1159 26
      vertex -36.4392 -33.7332 26
      vertex -36.6494 -33.1139 26
    endloop
  endfacet
  facet normal 0 0 1
    outer loop
      vertex -37.6154 -33.3727 26
      vertex -36.6494 -33.1139 26
      vertex -36.777 -32.4724 26
    endloop
  endfacet
  facet normal 0 0 1
    outer loop
      vertex -36.1499 -34.3198 26
      vertex -37.016 -34.8198 26
      vertex -36.5799 -35.4724 26
    endloop
  endfacet
  facet normal 0 0 1
    outer loop
      vertex -37.7685 -32.603 26
      vertex -36.777 -32.4724 26
      vertex -36.8198 -31.8198 26
    endloop
  endfacet
  facet normal 0 0 1
    outer loop
      vertex -36.6494 -30.5257 26
      vertex -37.6154 -30.2669 26
      vertex -36.777 -31.1672 26
    endloop
  endfacet
  facet normal -0 0 1
    outer loop
      vertex -37.7685 -31.0366 26
      vertex -36.777 -31.1672 26
      vertex -37.6154 -30.2669 26
    endloop
  endfacet
  facet normal 0 0 1
    outer loop
      vertex -36.4392 -33.7332 26
      vertex -37.3631 -34.1159 26
      vertex -37.016 -34.8198 26
    endloop
  endfacet
  facet normal 0 0 1
    outer loop
      vertex -36.777 -31.1672 26
      vertex -37.7685 -31.0366 26
      vertex -36.8198 -31.8198 26
    endloop
  endfacet
  facet normal 0 0 1
    outer loop
      vertex -36.6494 -33.1139 26
      vertex -37.6154 -33.3727 26
      vertex -37.3631 -34.1159 26
    endloop
  endfacet
  facet normal 0 0 1
    outer loop
      vertex -37.8198 -31.8198 26
      vertex -36.8198 -31.8198 26
      vertex -37.7685 -31.0366 26
    endloop
  endfacet
  facet normal 0 0 1
    outer loop
      vertex -36.777 -32.4724 26
      vertex -37.7685 -32.603 26
      vertex -37.6154 -33.3727 26
    endloop
  endfacet
  facet normal 0 0 1
    outer loop
      vertex -36.8198 -31.8198 26
      vertex -37.8198 -31.8198 26
      vertex -37.7685 -32.603 26
    endloop
  endfacet
  facet normal 0.751787 0.659406 0
    outer loop
      vertex -27.0597 -28.1672 26
      vertex -27.5772 -27.5772 20
      vertex -27.5772 -27.5772 26
    endloop
  endfacet
  facet normal 0.751787 0.659406 0
    outer loop
      vertex -27.5772 -27.5772 20
      vertex -27.0597 -28.1672 26
      vertex -27.0597 -28.1672 20
    endloop
  endfacet
  facet normal -0.997862 -0.0653605 0
    outer loop
      vertex -37.7685 -32.603 20
      vertex -37.8198 -31.8198 26
      vertex -37.8198 -31.8198 20
    endloop
  endfacet
  facet normal -0.997862 -0.0653605 0
    outer loop
      vertex -37.8198 -31.8198 26
      vertex -37.7685 -32.603 20
      vertex -37.7685 -32.603 26
    endloop
  endfacet
  facet normal -0.555611 -0.831442 0
    outer loop
      vertex -35.4724 -36.5799 20
      vertex -34.8198 -37.016 26
      vertex -35.4724 -36.5799 26
    endloop
  endfacet
  facet normal -0.555611 -0.831442 -0
    outer loop
      vertex -34.8198 -37.016 26
      vertex -35.4724 -36.5799 20
      vertex -34.8198 -37.016 20
    endloop
  endfacet
  facet normal -0.831442 -0.555611 0
    outer loop
      vertex -36.5799 -35.4724 20
      vertex -37.016 -34.8198 26
      vertex -37.016 -34.8198 20
    endloop
  endfacet
  facet normal -0.831442 -0.555611 0
    outer loop
      vertex -37.016 -34.8198 26
      vertex -36.5799 -35.4724 20
      vertex -36.5799 -35.4724 26
    endloop
  endfacet
  facet normal -0.659406 -0.751787 0
    outer loop
      vertex -36.0624 -36.0624 20
      vertex -35.4724 -36.5799 26
      vertex -36.0624 -36.0624 26
    endloop
  endfacet
  facet normal -0.659406 -0.751787 -0
    outer loop
      vertex -35.4724 -36.5799 26
      vertex -36.0624 -36.0624 20
      vertex -35.4724 -36.5799 20
    endloop
  endfacet
  facet normal -0.32146 -0.946923 0
    outer loop
      vertex -34.1159 -37.3631 20
      vertex -33.3727 -37.6154 26
      vertex -34.1159 -37.3631 26
    endloop
  endfacet
  facet normal -0.32146 -0.946923 -0
    outer loop
      vertex -33.3727 -37.6154 26
      vertex -34.1159 -37.3631 20
      vertex -33.3727 -37.6154 20
    endloop
  endfacet
  facet normal -0.195087 -0.980786 0
    outer loop
      vertex -33.3727 -37.6154 20
      vertex -32.603 -37.7685 26
      vertex -33.3727 -37.6154 26
    endloop
  endfacet
  facet normal -0.195087 -0.980786 -0
    outer loop
      vertex -32.603 -37.7685 26
      vertex -33.3727 -37.6154 20
      vertex -32.603 -37.7685 20
    endloop
  endfacet
  facet normal -0.751787 -0.659406 0
    outer loop
      vertex -36.0624 -36.0624 20
      vertex -36.5799 -35.4724 26
      vertex -36.5799 -35.4724 20
    endloop
  endfacet
  facet normal -0.751787 -0.659406 0
    outer loop
      vertex -36.5799 -35.4724 26
      vertex -36.0624 -36.0624 20
      vertex -36.0624 -36.0624 26
    endloop
  endfacet
  facet normal -0.896885 0.442263 0
    outer loop
      vertex -37.3631 -29.5237 20
      vertex -37.016 -28.8198 26
      vertex -37.016 -28.8198 20
    endloop
  endfacet
  facet normal -0.896885 0.442263 0
    outer loop
      vertex -37.016 -28.8198 26
      vertex -37.3631 -29.5237 20
      vertex -37.3631 -29.5237 26
    endloop
  endfacet
  facet normal 0 0 -1
    outer loop
      vertex -25.8711 -32.603 20
      vertex -25.8711 -31.0366 20
      vertex -25.8198 -31.8198 20
    endloop
  endfacet
  facet normal 0 0 -1
    outer loop
      vertex -26.0243 -33.3727 20
      vertex -25.8711 -31.0366 20
      vertex -25.8711 -32.603 20
    endloop
  endfacet
  facet normal 0 0 -1
    outer loop
      vertex -26.0243 -33.3727 20
      vertex -26.0243 -30.2669 20
      vertex -25.8711 -31.0366 20
    endloop
  endfacet
  facet normal 0 0 -1
    outer loop
      vertex -26.2765 -34.1159 20
      vertex -26.0243 -30.2669 20
      vertex -26.0243 -33.3727 20
    endloop
  endfacet
  facet normal 0 0 -1
    outer loop
      vertex -26.2765 -34.1159 20
      vertex -26.2765 -29.5237 20
      vertex -26.0243 -30.2669 20
    endloop
  endfacet
  facet normal 0 0 -1
    outer loop
      vertex -26.6237 -34.8198 20
      vertex -26.2765 -29.5237 20
      vertex -26.2765 -34.1159 20
    endloop
  endfacet
  facet normal 0 0 -1
    outer loop
      vertex -26.6237 -34.8198 20
      vertex -26.6237 -28.8198 20
      vertex -26.2765 -29.5237 20
    endloop
  endfacet
  facet normal 0 0 -1
    outer loop
      vertex -27.0597 -35.4724 20
      vertex -26.6237 -28.8198 20
      vertex -26.6237 -34.8198 20
    endloop
  endfacet
  facet normal 0 0 -1
    outer loop
      vertex -27.0597 -35.4724 20
      vertex -27.0597 -28.1672 20
      vertex -26.6237 -28.8198 20
    endloop
  endfacet
  facet normal 0 0 -1
    outer loop
      vertex -27.5772 -36.0624 20
      vertex -27.0597 -28.1672 20
      vertex -27.0597 -35.4724 20
    endloop
  endfacet
  facet normal 0 0 -1
    outer loop
      vertex -27.5772 -36.0624 20
      vertex -27.5772 -27.5772 20
      vertex -27.0597 -28.1672 20
    endloop
  endfacet
  facet normal 0 0 -1
    outer loop
      vertex -28.1672 -36.5799 20
      vertex -27.5772 -27.5772 20
      vertex -27.5772 -36.0624 20
    endloop
  endfacet
  facet normal 0 0 -1
    outer loop
      vertex -28.1672 -36.5799 20
      vertex -28.1672 -27.0597 20
      vertex -27.5772 -27.5772 20
    endloop
  endfacet
  facet normal 0 0 -1
    outer loop
      vertex -28.8198 -37.016 20
      vertex -28.1672 -27.0597 20
      vertex -28.1672 -36.5799 20
    endloop
  endfacet
  facet normal 0 0 -1
    outer loop
      vertex -28.8198 -37.016 20
      vertex -28.8198 -26.6237 20
      vertex -28.1672 -27.0597 20
    endloop
  endfacet
  facet normal 0 0 -1
    outer loop
      vertex -29.5237 -37.3631 20
      vertex -28.8198 -26.6237 20
      vertex -28.8198 -37.016 20
    endloop
  endfacet
  facet normal 0 0 -1
    outer loop
      vertex -29.5237 -37.3631 20
      vertex -29.5237 -26.2765 20
      vertex -28.8198 -26.6237 20
    endloop
  endfacet
  facet normal 0 0 -1
    outer loop
      vertex -30.2669 -37.6154 20
      vertex -29.5237 -26.2765 20
      vertex -29.5237 -37.3631 20
    endloop
  endfacet
  facet normal 0 0 -1
    outer loop
      vertex -30.2669 -37.6154 20
      vertex -30.2669 -26.0243 20
      vertex -29.5237 -26.2765 20
    endloop
  endfacet
  facet normal 0 0 -1
    outer loop
      vertex -31.0366 -37.7685 20
      vertex -30.2669 -26.0243 20
      vertex -30.2669 -37.6154 20
    endloop
  endfacet
  facet normal 0 0 -1
    outer loop
      vertex -31.0366 -37.7685 20
      vertex -31.0366 -25.8711 20
      vertex -30.2669 -26.0243 20
    endloop
  endfacet
  facet normal 0 0 -1
    outer loop
      vertex -31.8198 -37.8198 20
      vertex -31.0366 -25.8711 20
      vertex -31.0366 -37.7685 20
    endloop
  endfacet
  facet normal 0 0 -1
    outer loop
      vertex -31.8198 -37.8198 20
      vertex -31.8198 -25.8198 20
      vertex -31.0366 -25.8711 20
    endloop
  endfacet
  facet normal 0 0 -1
    outer loop
      vertex -32.603 -37.7685 20
      vertex -31.8198 -25.8198 20
      vertex -31.8198 -37.8198 20
    endloop
  endfacet
  facet normal 0 0 -1
    outer loop
      vertex -32.603 -37.7685 20
      vertex -32.603 -25.8711 20
      vertex -31.8198 -25.8198 20
    endloop
  endfacet
  facet normal 0 0 -1
    outer loop
      vertex -33.3727 -37.6154 20
      vertex -32.603 -25.8711 20
      vertex -32.603 -37.7685 20
    endloop
  endfacet
  facet normal 0 0 -1
    outer loop
      vertex -33.3727 -37.6154 20
      vertex -33.3727 -26.0243 20
      vertex -32.603 -25.8711 20
    endloop
  endfacet
  facet normal 0 0 -1
    outer loop
      vertex -34.1159 -37.3631 20
      vertex -33.3727 -26.0243 20
      vertex -33.3727 -37.6154 20
    endloop
  endfacet
  facet normal 0 0 -1
    outer loop
      vertex -34.1159 -37.3631 20
      vertex -34.1159 -26.2765 20
      vertex -33.3727 -26.0243 20
    endloop
  endfacet
  facet normal 0 0 -1
    outer loop
      vertex -34.8198 -37.016 20
      vertex -34.1159 -26.2765 20
      vertex -34.1159 -37.3631 20
    endloop
  endfacet
  facet normal 0 0 -1
    outer loop
      vertex -34.8198 -37.016 20
      vertex -34.8198 -26.6237 20
      vertex -34.1159 -26.2765 20
    endloop
  endfacet
  facet normal 0 0 -1
    outer loop
      vertex -35.4724 -36.5799 20
      vertex -34.8198 -26.6237 20
      vertex -34.8198 -37.016 20
    endloop
  endfacet
  facet normal 0 0 -1
    outer loop
      vertex -35.4724 -36.5799 20
      vertex -35.4724 -27.0597 20
      vertex -34.8198 -26.6237 20
    endloop
  endfacet
  facet normal 0 0 -1
    outer loop
      vertex -36.0624 -36.0624 20
      vertex -35.4724 -27.0597 20
      vertex -35.4724 -36.5799 20
    endloop
  endfacet
  facet normal 0 0 -1
    outer loop
      vertex -36.0624 -36.0624 20
      vertex -36.0624 -27.5772 20
      vertex -35.4724 -27.0597 20
    endloop
  endfacet
  facet normal 0 0 -1
    outer loop
      vertex -36.5799 -35.4724 20
      vertex -36.0624 -27.5772 20
      vertex -36.0624 -36.0624 20
    endloop
  endfacet
  facet normal 0 0 -1
    outer loop
      vertex -36.5799 -35.4724 20
      vertex -36.5799 -28.1672 20
      vertex -36.0624 -27.5772 20
    endloop
  endfacet
  facet normal 0 0 -1
    outer loop
      vertex -37.016 -34.8198 20
      vertex -36.5799 -28.1672 20
      vertex -36.5799 -35.4724 20
    endloop
  endfacet
  facet normal 0 0 -1
    outer loop
      vertex -37.016 -34.8198 20
      vertex -37.016 -28.8198 20
      vertex -36.5799 -28.1672 20
    endloop
  endfacet
  facet normal 0 0 -1
    outer loop
      vertex -37.3631 -34.1159 20
      vertex -37.016 -28.8198 20
      vertex -37.016 -34.8198 20
    endloop
  endfacet
  facet normal 0 0 -1
    outer loop
      vertex -37.3631 -34.1159 20
      vertex -37.3631 -29.5237 20
      vertex -37.016 -28.8198 20
    endloop
  endfacet
  facet normal 0 0 -1
    outer loop
      vertex -37.6154 -33.3727 20
      vertex -37.3631 -29.5237 20
      vertex -37.3631 -34.1159 20
    endloop
  endfacet
  facet normal 0 0 -1
    outer loop
      vertex -37.6154 -33.3727 20
      vertex -37.6154 -30.2669 20
      vertex -37.3631 -29.5237 20
    endloop
  endfacet
  facet normal 0 0 -1
    outer loop
      vertex -37.7685 -32.603 20
      vertex -37.6154 -30.2669 20
      vertex -37.6154 -33.3727 20
    endloop
  endfacet
  facet normal 0 0 -1
    outer loop
      vertex -37.7685 -32.603 20
      vertex -37.7685 -31.0366 20
      vertex -37.6154 -30.2669 20
    endloop
  endfacet
  facet normal 0 -0 -1
    outer loop
      vertex -37.7685 -31.0366 20
      vertex -37.7685 -32.603 20
      vertex -37.8198 -31.8198 20
    endloop
  endfacet
  facet normal 0.980786 0.195087 0
    outer loop
      vertex -26.8626 -31.1672 29
      vertex -26.9902 -30.5257 26
      vertex -26.9902 -30.5257 29
    endloop
  endfacet
  facet normal 0.980786 0.195087 0
    outer loop
      vertex -26.9902 -30.5257 26
      vertex -26.8626 -31.1672 29
      vertex -26.8626 -31.1672 26
    endloop
  endfacet
  facet normal 0.997856 0.0654432 0
    outer loop
      vertex -26.8198 -31.8198 29
      vertex -26.8626 -31.1672 26
      vertex -26.8626 -31.1672 29
    endloop
  endfacet
  facet normal 0.997856 0.0654432 0
    outer loop
      vertex -26.8626 -31.1672 26
      vertex -26.8198 -31.8198 29
      vertex -26.8198 -31.8198 26
    endloop
  endfacet
  facet normal -0.997856 0.0654432 0
    outer loop
      vertex -36.8198 -31.8198 26
      vertex -36.777 -31.1672 29
      vertex -36.777 -31.1672 26
    endloop
  endfacet
  facet normal -0.997856 0.0654432 0
    outer loop
      vertex -36.777 -31.1672 29
      vertex -36.8198 -31.8198 26
      vertex -36.8198 -31.8198 29
    endloop
  endfacet
  facet normal 0.980786 -0.195087 0
    outer loop
      vertex -26.9902 -33.1139 29
      vertex -26.8626 -32.4724 26
      vertex -26.8626 -32.4724 29
    endloop
  endfacet
  facet normal 0.980786 -0.195087 0
    outer loop
      vertex -26.8626 -32.4724 26
      vertex -26.9902 -33.1139 29
      vertex -26.9902 -33.1139 26
    endloop
  endfacet
  facet normal -0.89686 0.442314 0
    outer loop
      vertex -36.4392 -29.9064 26
      vertex -36.1499 -29.3198 29
      vertex -36.1499 -29.3198 26
    endloop
  endfacet
  facet normal -0.89686 0.442314 0
    outer loop
      vertex -36.1499 -29.3198 29
      vertex -36.4392 -29.9064 26
      vertex -36.4392 -29.9064 29
    endloop
  endfacet
  facet normal -0.442314 0.89686 0
    outer loop
      vertex -33.7332 -27.2004 26
      vertex -34.3198 -27.4897 29
      vertex -33.7332 -27.2004 29
    endloop
  endfacet
  facet normal -0.442314 0.89686 0
    outer loop
      vertex -34.3198 -27.4897 29
      vertex -33.7332 -27.2004 26
      vertex -34.3198 -27.4897 26
    endloop
  endfacet
  facet normal -0.659424 0.751771 0
    outer loop
      vertex -34.8636 -27.853 26
      vertex -35.3553 -28.2843 29
      vertex -34.8636 -27.853 29
    endloop
  endfacet
  facet normal -0.659424 0.751771 0
    outer loop
      vertex -35.3553 -28.2843 29
      vertex -34.8636 -27.853 26
      vertex -35.3553 -28.2843 26
    endloop
  endfacet
  facet normal -0.195087 -0.980786 0
    outer loop
      vertex -33.1139 -36.6494 26
      vertex -32.4724 -36.777 29
      vertex -33.1139 -36.6494 29
    endloop
  endfacet
  facet normal -0.195087 -0.980786 -0
    outer loop
      vertex -32.4724 -36.777 29
      vertex -33.1139 -36.6494 26
      vertex -32.4724 -36.777 26
    endloop
  endfacet
  facet normal -0.946941 -0.321407 0
    outer loop
      vertex -36.4392 -33.7332 26
      vertex -36.6494 -33.1139 29
      vertex -36.6494 -33.1139 26
    endloop
  endfacet
  facet normal -0.946941 -0.321407 0
    outer loop
      vertex -36.6494 -33.1139 29
      vertex -36.4392 -33.7332 26
      vertex -36.4392 -33.7332 29
    endloop
  endfacet
  facet normal 0.831509 -0.555512 0
    outer loop
      vertex -27.853 -34.8636 29
      vertex -27.4897 -34.3198 26
      vertex -27.4897 -34.3198 29
    endloop
  endfacet
  facet normal 0.831509 -0.555512 0
    outer loop
      vertex -27.4897 -34.3198 26
      vertex -27.853 -34.8636 29
      vertex -27.853 -34.8636 26
    endloop
  endfacet
  facet normal 0.555512 0.831509 -0
    outer loop
      vertex -28.776 -27.853 26
      vertex -29.3198 -27.4897 29
      vertex -28.776 -27.853 29
    endloop
  endfacet
  facet normal 0.555512 0.831509 0
    outer loop
      vertex -29.3198 -27.4897 29
      vertex -28.776 -27.853 26
      vertex -29.3198 -27.4897 26
    endloop
  endfacet
  facet normal 0.321407 -0.946941 0
    outer loop
      vertex -30.5257 -36.6494 26
      vertex -29.9064 -36.4392 29
      vertex -30.5257 -36.6494 29
    endloop
  endfacet
  facet normal 0.321407 -0.946941 0
    outer loop
      vertex -29.9064 -36.4392 29
      vertex -30.5257 -36.6494 26
      vertex -29.9064 -36.4392 26
    endloop
  endfacet
  facet normal 0.321407 0.946941 -0
    outer loop
      vertex -29.9064 -27.2004 26
      vertex -30.5257 -26.9902 29
      vertex -29.9064 -27.2004 29
    endloop
  endfacet
  facet normal 0.321407 0.946941 0
    outer loop
      vertex -30.5257 -26.9902 29
      vertex -29.9064 -27.2004 26
      vertex -30.5257 -26.9902 26
    endloop
  endfacet
  facet normal -0.659424 -0.751771 0
    outer loop
      vertex -35.3553 -35.3553 26
      vertex -34.8636 -35.7866 29
      vertex -35.3553 -35.3553 29
    endloop
  endfacet
  facet normal -0.659424 -0.751771 -0
    outer loop
      vertex -34.8636 -35.7866 29
      vertex -35.3553 -35.3553 26
      vertex -34.8636 -35.7866 26
    endloop
  endfacet
  facet normal 0.0654432 0.997856 -0
    outer loop
      vertex -31.1672 -26.8626 26
      vertex -31.8198 -26.8198 29
      vertex -31.1672 -26.8626 29
    endloop
  endfacet
  facet normal 0.0654432 0.997856 0
    outer loop
      vertex -31.8198 -26.8198 29
      vertex -31.1672 -26.8626 26
      vertex -31.8198 -26.8198 26
    endloop
  endfacet
  facet normal 0.555512 -0.831509 0
    outer loop
      vertex -29.3198 -36.1499 26
      vertex -28.776 -35.7866 29
      vertex -29.3198 -36.1499 29
    endloop
  endfacet
  facet normal 0.555512 -0.831509 0
    outer loop
      vertex -28.776 -35.7866 29
      vertex -29.3198 -36.1499 26
      vertex -28.776 -35.7866 26
    endloop
  endfacet
  facet normal 0 0 1
    outer loop
      vertex -26.8626 -31.1672 29
      vertex -26.8626 -32.4724 29
      vertex -26.8198 -31.8198 29
    endloop
  endfacet
  facet normal 0 0 1
    outer loop
      vertex -26.9902 -30.5257 29
      vertex -26.8626 -32.4724 29
      vertex -26.8626 -31.1672 29
    endloop
  endfacet
  facet normal 0 0 1
    outer loop
      vertex -26.9902 -30.5257 29
      vertex -26.9902 -33.1139 29
      vertex -26.8626 -32.4724 29
    endloop
  endfacet
  facet normal 0 0 1
    outer loop
      vertex -27.2004 -29.9064 29
      vertex -26.9902 -33.1139 29
      vertex -26.9902 -30.5257 29
    endloop
  endfacet
  facet normal 0 0 1
    outer loop
      vertex -27.2004 -29.9064 29
      vertex -27.2004 -33.7332 29
      vertex -26.9902 -33.1139 29
    endloop
  endfacet
  facet normal 0 0 1
    outer loop
      vertex -27.4897 -29.3198 29
      vertex -27.2004 -33.7332 29
      vertex -27.2004 -29.9064 29
    endloop
  endfacet
  facet normal 0 0 1
    outer loop
      vertex -27.4897 -29.3198 29
      vertex -27.4897 -34.3198 29
      vertex -27.2004 -33.7332 29
    endloop
  endfacet
  facet normal 0 0 1
    outer loop
      vertex -27.853 -28.776 29
      vertex -27.4897 -34.3198 29
      vertex -27.4897 -29.3198 29
    endloop
  endfacet
  facet normal 0 0 1
    outer loop
      vertex -27.853 -28.776 29
      vertex -27.853 -34.8636 29
      vertex -27.4897 -34.3198 29
    endloop
  endfacet
  facet normal 0 0 1
    outer loop
      vertex -28.2843 -28.2843 29
      vertex -27.853 -34.8636 29
      vertex -27.853 -28.776 29
    endloop
  endfacet
  facet normal 0 0 1
    outer loop
      vertex -28.2843 -28.2843 29
      vertex -28.2843 -35.3553 29
      vertex -27.853 -34.8636 29
    endloop
  endfacet
  facet normal 0 0 1
    outer loop
      vertex -28.776 -27.853 29
      vertex -28.2843 -35.3553 29
      vertex -28.2843 -28.2843 29
    endloop
  endfacet
  facet normal 0 0 1
    outer loop
      vertex -28.776 -27.853 29
      vertex -28.776 -35.7866 29
      vertex -28.2843 -35.3553 29
    endloop
  endfacet
  facet normal 0 0 1
    outer loop
      vertex -29.3198 -27.4897 29
      vertex -28.776 -35.7866 29
      vertex -28.776 -27.853 29
    endloop
  endfacet
  facet normal 0 0 1
    outer loop
      vertex -29.3198 -27.4897 29
      vertex -29.3198 -36.1499 29
      vertex -28.776 -35.7866 29
    endloop
  endfacet
  facet normal 0 0 1
    outer loop
      vertex -29.9064 -27.2004 29
      vertex -29.3198 -36.1499 29
      vertex -29.3198 -27.4897 29
    endloop
  endfacet
  facet normal 0 0 1
    outer loop
      vertex -29.9064 -27.2004 29
      vertex -29.9064 -36.4392 29
      vertex -29.3198 -36.1499 29
    endloop
  endfacet
  facet normal 0 0 1
    outer loop
      vertex -30.5257 -26.9902 29
      vertex -29.9064 -36.4392 29
      vertex -29.9064 -27.2004 29
    endloop
  endfacet
  facet normal 0 0 1
    outer loop
      vertex -30.5257 -26.9902 29
      vertex -30.5257 -36.6494 29
      vertex -29.9064 -36.4392 29
    endloop
  endfacet
  facet normal 0 0 1
    outer loop
      vertex -31.1672 -26.8626 29
      vertex -30.5257 -36.6494 29
      vertex -30.5257 -26.9902 29
    endloop
  endfacet
  facet normal 0 0 1
    outer loop
      vertex -31.1672 -26.8626 29
      vertex -31.1672 -36.777 29
      vertex -30.5257 -36.6494 29
    endloop
  endfacet
  facet normal 0 0 1
    outer loop
      vertex -31.8198 -26.8198 29
      vertex -31.1672 -36.777 29
      vertex -31.1672 -26.8626 29
    endloop
  endfacet
  facet normal 0 0 1
    outer loop
      vertex -31.8198 -26.8198 29
      vertex -31.8198 -36.8198 29
      vertex -31.1672 -36.777 29
    endloop
  endfacet
  facet normal -0 0 1
    outer loop
      vertex -32.4724 -26.8626 29
      vertex -31.8198 -36.8198 29
      vertex -31.8198 -26.8198 29
    endloop
  endfacet
  facet normal 0 0 1
    outer loop
      vertex -32.4724 -26.8626 29
      vertex -32.4724 -36.777 29
      vertex -31.8198 -36.8198 29
    endloop
  endfacet
  facet normal -0 0 1
    outer loop
      vertex -33.1139 -26.9902 29
      vertex -32.4724 -36.777 29
      vertex -32.4724 -26.8626 29
    endloop
  endfacet
  facet normal 0 0 1
    outer loop
      vertex -33.1139 -26.9902 29
      vertex -33.1139 -36.6494 29
      vertex -32.4724 -36.777 29
    endloop
  endfacet
  facet normal -0 0 1
    outer loop
      vertex -33.7332 -27.2004 29
      vertex -33.1139 -36.6494 29
      vertex -33.1139 -26.9902 29
    endloop
  endfacet
  facet normal 0 0 1
    outer loop
      vertex -33.7332 -27.2004 29
      vertex -33.7332 -36.4392 29
      vertex -33.1139 -36.6494 29
    endloop
  endfacet
  facet normal -0 0 1
    outer loop
      vertex -34.3198 -27.4897 29
      vertex -33.7332 -36.4392 29
      vertex -33.7332 -27.2004 29
    endloop
  endfacet
  facet normal 0 0 1
    outer loop
      vertex -34.3198 -27.4897 29
      vertex -34.3198 -36.1499 29
      vertex -33.7332 -36.4392 29
    endloop
  endfacet
  facet normal -0 0 1
    outer loop
      vertex -34.8636 -27.853 29
      vertex -34.3198 -36.1499 29
      vertex -34.3198 -27.4897 29
    endloop
  endfacet
  facet normal 0 0 1
    outer loop
      vertex -34.8636 -27.853 29
      vertex -34.8636 -35.7866 29
      vertex -34.3198 -36.1499 29
    endloop
  endfacet
  facet normal -0 0 1
    outer loop
      vertex -35.3553 -28.2843 29
      vertex -34.8636 -35.7866 29
      vertex -34.8636 -27.853 29
    endloop
  endfacet
  facet normal 0 0 1
    outer loop
      vertex -35.3553 -28.2843 29
      vertex -35.3553 -35.3553 29
      vertex -34.8636 -35.7866 29
    endloop
  endfacet
  facet normal -0 0 1
    outer loop
      vertex -35.7866 -28.776 29
      vertex -35.3553 -35.3553 29
      vertex -35.3553 -28.2843 29
    endloop
  endfacet
  facet normal 0 0 1
    outer loop
      vertex -35.7866 -28.776 29
      vertex -35.7866 -34.8636 29
      vertex -35.3553 -35.3553 29
    endloop
  endfacet
  facet normal -0 0 1
    outer loop
      vertex -36.1499 -29.3198 29
      vertex -35.7866 -34.8636 29
      vertex -35.7866 -28.776 29
    endloop
  endfacet
  facet normal 0 0 1
    outer loop
      vertex -36.1499 -29.3198 29
      vertex -36.1499 -34.3198 29
      vertex -35.7866 -34.8636 29
    endloop
  endfacet
  facet normal -0 0 1
    outer loop
      vertex -36.4392 -29.9064 29
      vertex -36.1499 -34.3198 29
      vertex -36.1499 -29.3198 29
    endloop
  endfacet
  facet normal 0 0 1
    outer loop
      vertex -36.4392 -29.9064 29
      vertex -36.4392 -33.7332 29
      vertex -36.1499 -34.3198 29
    endloop
  endfacet
  facet normal -0 0 1
    outer loop
      vertex -36.6494 -30.5257 29
      vertex -36.4392 -33.7332 29
      vertex -36.4392 -29.9064 29
    endloop
  endfacet
  facet normal 0 0 1
    outer loop
      vertex -36.6494 -30.5257 29
      vertex -36.6494 -33.1139 29
      vertex -36.4392 -33.7332 29
    endloop
  endfacet
  facet normal -0 0 1
    outer loop
      vertex -36.777 -31.1672 29
      vertex -36.6494 -33.1139 29
      vertex -36.6494 -30.5257 29
    endloop
  endfacet
  facet normal 0 0 1
    outer loop
      vertex -36.777 -31.1672 29
      vertex -36.777 -32.4724 29
      vertex -36.6494 -33.1139 29
    endloop
  endfacet
  facet normal 0 -0 1
    outer loop
      vertex -36.777 -32.4724 29
      vertex -36.777 -31.1672 29
      vertex -36.8198 -31.8198 29
    endloop
  endfacet
  facet normal -0.946941 0.321407 0
    outer loop
      vertex -36.6494 -30.5257 26
      vertex -36.4392 -29.9064 29
      vertex -36.4392 -29.9064 26
    endloop
  endfacet
  facet normal -0.946941 0.321407 0
    outer loop
      vertex -36.4392 -29.9064 29
      vertex -36.6494 -30.5257 26
      vertex -36.6494 -30.5257 29
    endloop
  endfacet
  facet normal 0.831509 0.555512 0
    outer loop
      vertex -27.4897 -29.3198 29
      vertex -27.853 -28.776 26
      vertex -27.853 -28.776 29
    endloop
  endfacet
  facet normal 0.831509 0.555512 0
    outer loop
      vertex -27.853 -28.776 26
      vertex -27.4897 -29.3198 29
      vertex -27.4897 -29.3198 26
    endloop
  endfacet
  facet normal -0.555512 0.831509 0
    outer loop
      vertex -34.3198 -27.4897 26
      vertex -34.8636 -27.853 29
      vertex -34.3198 -27.4897 29
    endloop
  endfacet
  facet normal -0.555512 0.831509 0
    outer loop
      vertex -34.8636 -27.853 29
      vertex -34.3198 -27.4897 26
      vertex -34.8636 -27.853 26
    endloop
  endfacet
  facet normal -0.0654432 -0.997856 0
    outer loop
      vertex -32.4724 -36.777 26
      vertex -31.8198 -36.8198 29
      vertex -32.4724 -36.777 29
    endloop
  endfacet
  facet normal -0.0654432 -0.997856 -0
    outer loop
      vertex -31.8198 -36.8198 29
      vertex -32.4724 -36.777 26
      vertex -31.8198 -36.8198 26
    endloop
  endfacet
  facet normal 0.442314 -0.89686 0
    outer loop
      vertex -29.9064 -36.4392 26
      vertex -29.3198 -36.1499 29
      vertex -29.9064 -36.4392 29
    endloop
  endfacet
  facet normal 0.442314 -0.89686 0
    outer loop
      vertex -29.3198 -36.1499 29
      vertex -29.9064 -36.4392 26
      vertex -29.3198 -36.1499 26
    endloop
  endfacet
  facet normal 0.946941 0.321407 0
    outer loop
      vertex -26.9902 -30.5257 29
      vertex -27.2004 -29.9064 26
      vertex -27.2004 -29.9064 29
    endloop
  endfacet
  facet normal 0.946941 0.321407 0
    outer loop
      vertex -27.2004 -29.9064 26
      vertex -26.9902 -30.5257 29
      vertex -26.9902 -30.5257 26
    endloop
  endfacet
  facet normal 0.997856 -0.0654432 0
    outer loop
      vertex -26.8626 -32.4724 29
      vertex -26.8198 -31.8198 26
      vertex -26.8198 -31.8198 29
    endloop
  endfacet
  facet normal 0.997856 -0.0654432 0
    outer loop
      vertex -26.8198 -31.8198 26
      vertex -26.8626 -32.4724 29
      vertex -26.8626 -32.4724 26
    endloop
  endfacet
  facet normal 0.946941 -0.321407 0
    outer loop
      vertex -27.2004 -33.7332 29
      vertex -26.9902 -33.1139 26
      vertex -26.9902 -33.1139 29
    endloop
  endfacet
  facet normal 0.946941 -0.321407 0
    outer loop
      vertex -26.9902 -33.1139 26
      vertex -27.2004 -33.7332 29
      vertex -27.2004 -33.7332 26
    endloop
  endfacet
  facet normal -0.980786 -0.195087 0
    outer loop
      vertex -36.6494 -33.1139 26
      vertex -36.777 -32.4724 29
      vertex -36.777 -32.4724 26
    endloop
  endfacet
  facet normal -0.980786 -0.195087 0
    outer loop
      vertex -36.777 -32.4724 29
      vertex -36.6494 -33.1139 26
      vertex -36.6494 -33.1139 29
    endloop
  endfacet
  facet normal 0.0654432 -0.997856 0
    outer loop
      vertex -31.8198 -36.8198 26
      vertex -31.1672 -36.777 29
      vertex -31.8198 -36.8198 29
    endloop
  endfacet
  facet normal 0.0654432 -0.997856 0
    outer loop
      vertex -31.1672 -36.777 29
      vertex -31.8198 -36.8198 26
      vertex -31.1672 -36.777 26
    endloop
  endfacet
  facet normal 0.89686 -0.442314 0
    outer loop
      vertex -27.4897 -34.3198 29
      vertex -27.2004 -33.7332 26
      vertex -27.2004 -33.7332 29
    endloop
  endfacet
  facet normal 0.89686 -0.442314 0
    outer loop
      vertex -27.2004 -33.7332 26
      vertex -27.4897 -34.3198 29
      vertex -27.4897 -34.3198 26
    endloop
  endfacet
  facet normal 0.442314 0.89686 -0
    outer loop
      vertex -29.3198 -27.4897 26
      vertex -29.9064 -27.2004 29
      vertex -29.3198 -27.4897 29
    endloop
  endfacet
  facet normal 0.442314 0.89686 0
    outer loop
      vertex -29.9064 -27.2004 29
      vertex -29.3198 -27.4897 26
      vertex -29.9064 -27.2004 26
    endloop
  endfacet
  facet normal -0.0654432 0.997856 0
    outer loop
      vertex -31.8198 -26.8198 26
      vertex -32.4724 -26.8626 29
      vertex -31.8198 -26.8198 29
    endloop
  endfacet
  facet normal -0.0654432 0.997856 0
    outer loop
      vertex -32.4724 -26.8626 29
      vertex -31.8198 -26.8198 26
      vertex -32.4724 -26.8626 26
    endloop
  endfacet
  facet normal -0.195087 0.980786 0
    outer loop
      vertex -32.4724 -26.8626 26
      vertex -33.1139 -26.9902 29
      vertex -32.4724 -26.8626 29
    endloop
  endfacet
  facet normal -0.195087 0.980786 0
    outer loop
      vertex -33.1139 -26.9902 29
      vertex -32.4724 -26.8626 26
      vertex -33.1139 -26.9902 26
    endloop
  endfacet
  facet normal 0.89686 0.442314 0
    outer loop
      vertex -27.2004 -29.9064 29
      vertex -27.4897 -29.3198 26
      vertex -27.4897 -29.3198 29
    endloop
  endfacet
  facet normal 0.89686 0.442314 0
    outer loop
      vertex -27.4897 -29.3198 26
      vertex -27.2004 -29.9064 29
      vertex -27.2004 -29.9064 26
    endloop
  endfacet
  facet normal -0.89686 -0.442314 0
    outer loop
      vertex -36.1499 -34.3198 26
      vertex -36.4392 -33.7332 29
      vertex -36.4392 -33.7332 26
    endloop
  endfacet
  facet normal -0.89686 -0.442314 0
    outer loop
      vertex -36.4392 -33.7332 29
      vertex -36.1499 -34.3198 26
      vertex -36.1499 -34.3198 29
    endloop
  endfacet
  facet normal -0.997856 -0.0654432 0
    outer loop
      vertex -36.777 -32.4724 26
      vertex -36.8198 -31.8198 29
      vertex -36.8198 -31.8198 26
    endloop
  endfacet
  facet normal -0.997856 -0.0654432 0
    outer loop
      vertex -36.8198 -31.8198 29
      vertex -36.777 -32.4724 26
      vertex -36.777 -32.4724 29
    endloop
  endfacet
  facet normal 0.195087 -0.980786 0
    outer loop
      vertex -31.1672 -36.777 26
      vertex -30.5257 -36.6494 29
      vertex -31.1672 -36.777 29
    endloop
  endfacet
  facet normal 0.195087 -0.980786 0
    outer loop
      vertex -30.5257 -36.6494 29
      vertex -31.1672 -36.777 26
      vertex -30.5257 -36.6494 26
    endloop
  endfacet
  facet normal -0.321407 0.946941 0
    outer loop
      vertex -33.1139 -26.9902 26
      vertex -33.7332 -27.2004 29
      vertex -33.1139 -26.9902 29
    endloop
  endfacet
  facet normal -0.321407 0.946941 0
    outer loop
      vertex -33.7332 -27.2004 29
      vertex -33.1139 -26.9902 26
      vertex -33.7332 -27.2004 26
    endloop
  endfacet
  facet normal 0.659424 0.751771 -0
    outer loop
      vertex -28.2843 -28.2843 26
      vertex -28.776 -27.853 29
      vertex -28.2843 -28.2843 29
    endloop
  endfacet
  facet normal 0.659424 0.751771 0
    outer loop
      vertex -28.776 -27.853 29
      vertex -28.2843 -28.2843 26
      vertex -28.776 -27.853 26
    endloop
  endfacet
  facet normal 0.195087 0.980786 -0
    outer loop
      vertex -30.5257 -26.9902 26
      vertex -31.1672 -26.8626 29
      vertex -30.5257 -26.9902 29
    endloop
  endfacet
  facet normal 0.195087 0.980786 0
    outer loop
      vertex -31.1672 -26.8626 29
      vertex -30.5257 -26.9902 26
      vertex -31.1672 -26.8626 26
    endloop
  endfacet
  facet normal -0.980786 0.195087 0
    outer loop
      vertex -36.777 -31.1672 26
      vertex -36.6494 -30.5257 29
      vertex -36.6494 -30.5257 26
    endloop
  endfacet
  facet normal -0.980786 0.195087 0
    outer loop
      vertex -36.6494 -30.5257 29
      vertex -36.777 -31.1672 26
      vertex -36.777 -31.1672 29
    endloop
  endfacet
  facet normal 0.751771 0.659424 0
    outer loop
      vertex -27.853 -28.776 29
      vertex -28.2843 -28.2843 26
      vertex -28.2843 -28.2843 29
    endloop
  endfacet
  facet normal 0.751771 0.659424 0
    outer loop
      vertex -28.2843 -28.2843 26
      vertex -27.853 -28.776 29
      vertex -27.853 -28.776 26
    endloop
  endfacet
  facet normal -0.751771 0.659424 0
    outer loop
      vertex -35.7866 -28.776 26
      vertex -35.3553 -28.2843 29
      vertex -35.3553 -28.2843 26
    endloop
  endfacet
  facet normal -0.751771 0.659424 0
    outer loop
      vertex -35.3553 -28.2843 29
      vertex -35.7866 -28.776 26
      vertex -35.7866 -28.776 29
    endloop
  endfacet
  facet normal -0.831509 -0.555512 0
    outer loop
      vertex -35.7866 -34.8636 26
      vertex -36.1499 -34.3198 29
      vertex -36.1499 -34.3198 26
    endloop
  endfacet
  facet normal -0.831509 -0.555512 0
    outer loop
      vertex -36.1499 -34.3198 29
      vertex -35.7866 -34.8636 26
      vertex -35.7866 -34.8636 29
    endloop
  endfacet
  facet normal -0.321407 -0.946941 0
    outer loop
      vertex -33.7332 -36.4392 26
      vertex -33.1139 -36.6494 29
      vertex -33.7332 -36.4392 29
    endloop
  endfacet
  facet normal -0.321407 -0.946941 -0
    outer loop
      vertex -33.1139 -36.6494 29
      vertex -33.7332 -36.4392 26
      vertex -33.1139 -36.6494 26
    endloop
  endfacet
  facet normal -0.751771 -0.659424 0
    outer loop
      vertex -35.3553 -35.3553 26
      vertex -35.7866 -34.8636 29
      vertex -35.7866 -34.8636 26
    endloop
  endfacet
  facet normal -0.751771 -0.659424 0
    outer loop
      vertex -35.7866 -34.8636 29
      vertex -35.3553 -35.3553 26
      vertex -35.3553 -35.3553 29
    endloop
  endfacet
  facet normal -0.555512 -0.831509 0
    outer loop
      vertex -34.8636 -35.7866 26
      vertex -34.3198 -36.1499 29
      vertex -34.8636 -35.7866 29
    endloop
  endfacet
  facet normal -0.555512 -0.831509 -0
    outer loop
      vertex -34.3198 -36.1499 29
      vertex -34.8636 -35.7866 26
      vertex -34.3198 -36.1499 26
    endloop
  endfacet
  facet normal -0.442314 -0.89686 0
    outer loop
      vertex -34.3198 -36.1499 26
      vertex -33.7332 -36.4392 29
      vertex -34.3198 -36.1499 29
    endloop
  endfacet
  facet normal -0.442314 -0.89686 -0
    outer loop
      vertex -33.7332 -36.4392 29
      vertex -34.3198 -36.1499 26
      vertex -33.7332 -36.4392 26
    endloop
  endfacet
  facet normal 0.751771 -0.659424 0
    outer loop
      vertex -28.2843 -35.3553 29
      vertex -27.853 -34.8636 26
      vertex -27.853 -34.8636 29
    endloop
  endfacet
  facet normal 0.751771 -0.659424 0
    outer loop
      vertex -27.853 -34.8636 26
      vertex -28.2843 -35.3553 29
      vertex -28.2843 -35.3553 26
    endloop
  endfacet
  facet normal 0.659424 -0.751771 0
    outer loop
      vertex -28.776 -35.7866 26
      vertex -28.2843 -35.3553 29
      vertex -28.776 -35.7866 29
    endloop
  endfacet
  facet normal 0.659424 -0.751771 0
    outer loop
      vertex -28.2843 -35.3553 29
      vertex -28.776 -35.7866 26
      vertex -28.2843 -35.3553 26
    endloop
  endfacet
  facet normal -0.831509 0.555512 0
    outer loop
      vertex -36.1499 -29.3198 26
      vertex -35.7866 -28.776 29
      vertex -35.7866 -28.776 26
    endloop
  endfacet
  facet normal -0.831509 0.555512 0
    outer loop
      vertex -35.7866 -28.776 29
      vertex -36.1499 -29.3198 26
      vertex -36.1499 -29.3198 29
    endloop
  endfacet
  facet normal -0.0653605 -0.997862 0
    outer loop
      vertex 31.0366 -37.7685 20
      vertex 31.8198 -37.8198 26
      vertex 31.0366 -37.7685 26
    endloop
  endfacet
  facet normal -0.0653605 -0.997862 -0
    outer loop
      vertex 31.8198 -37.8198 26
      vertex 31.0366 -37.7685 20
      vertex 31.8198 -37.8198 20
    endloop
  endfacet
  facet normal 0.980786 0.195087 0
    outer loop
      vertex 37.7685 -31.0366 26
      vertex 37.6154 -30.2669 20
      vertex 37.6154 -30.2669 26
    endloop
  endfacet
  facet normal 0.980786 0.195087 0
    outer loop
      vertex 37.6154 -30.2669 20
      vertex 37.7685 -31.0366 26
      vertex 37.7685 -31.0366 20
    endloop
  endfacet
  facet normal 0.997862 0.0653605 0
    outer loop
      vertex 37.8198 -31.8198 26
      vertex 37.7685 -31.0366 20
      vertex 37.7685 -31.0366 26
    endloop
  endfacet
  facet normal 0.997862 0.0653605 0
    outer loop
      vertex 37.7685 -31.0366 20
      vertex 37.8198 -31.8198 26
      vertex 37.8198 -31.8198 20
    endloop
  endfacet
  facet normal 0.946923 0.32146 0
    outer loop
      vertex 37.6154 -30.2669 26
      vertex 37.3631 -29.5237 20
      vertex 37.3631 -29.5237 26
    endloop
  endfacet
  facet normal 0.946923 0.32146 0
    outer loop
      vertex 37.3631 -29.5237 20
      vertex 37.6154 -30.2669 26
      vertex 37.6154 -30.2669 20
    endloop
  endfacet
  facet normal -0.980762 -0.195209 0
    outer loop
      vertex 26.0243 -33.3727 20
      vertex 25.8711 -32.603 26
      vertex 25.8711 -32.603 20
    endloop
  endfacet
  facet normal -0.980762 -0.195209 0
    outer loop
      vertex 25.8711 -32.603 26
      vertex 26.0243 -33.3727 20
      vertex 26.0243 -33.3727 26
    endloop
  endfacet
  facet normal 0.0653605 0.997862 -0
    outer loop
      vertex 32.603 -25.8711 20
      vertex 31.8198 -25.8198 26
      vertex 32.603 -25.8711 26
    endloop
  endfacet
  facet normal 0.0653605 0.997862 0
    outer loop
      vertex 31.8198 -25.8198 26
      vertex 32.603 -25.8711 20
      vertex 31.8198 -25.8198 20
    endloop
  endfacet
  facet normal -0.946962 -0.321345 0
    outer loop
      vertex 26.2765 -34.1159 20
      vertex 26.0243 -33.3727 26
      vertex 26.0243 -33.3727 20
    endloop
  endfacet
  facet normal -0.946962 -0.321345 0
    outer loop
      vertex 26.0243 -33.3727 26
      vertex 26.2765 -34.1159 20
      vertex 26.2765 -34.1159 26
    endloop
  endfacet
  facet normal -0.195087 -0.980786 0
    outer loop
      vertex 30.2669 -37.6154 20
      vertex 31.0366 -37.7685 26
      vertex 30.2669 -37.6154 26
    endloop
  endfacet
  facet normal -0.195087 -0.980786 -0
    outer loop
      vertex 31.0366 -37.7685 26
      vertex 30.2669 -37.6154 20
      vertex 31.0366 -37.7685 20
    endloop
  endfacet
  facet normal 0.997862 -0.0653605 0
    outer loop
      vertex 37.7685 -32.603 26
      vertex 37.8198 -31.8198 20
      vertex 37.8198 -31.8198 26
    endloop
  endfacet
  facet normal 0.997862 -0.0653605 0
    outer loop
      vertex 37.8198 -31.8198 20
      vertex 37.7685 -32.603 26
      vertex 37.7685 -32.603 20
    endloop
  endfacet
  facet normal -0.555611 -0.831442 0
    outer loop
      vertex 28.1672 -36.5799 20
      vertex 28.8198 -37.016 26
      vertex 28.1672 -36.5799 26
    endloop
  endfacet
  facet normal -0.555611 -0.831442 -0
    outer loop
      vertex 28.8198 -37.016 26
      vertex 28.1672 -36.5799 20
      vertex 28.8198 -37.016 20
    endloop
  endfacet
  facet normal 0.442263 -0.896885 0
    outer loop
      vertex 34.1159 -37.3631 20
      vertex 34.8198 -37.016 26
      vertex 34.1159 -37.3631 26
    endloop
  endfacet
  facet normal 0.442263 -0.896885 0
    outer loop
      vertex 34.8198 -37.016 26
      vertex 34.1159 -37.3631 20
      vertex 34.8198 -37.016 20
    endloop
  endfacet
  facet normal -0.442263 -0.896885 0
    outer loop
      vertex 28.8198 -37.016 20
      vertex 29.5237 -37.3631 26
      vertex 28.8198 -37.016 26
    endloop
  endfacet
  facet normal -0.442263 -0.896885 -0
    outer loop
      vertex 29.5237 -37.3631 26
      vertex 28.8198 -37.016 20
      vertex 29.5237 -37.3631 20
    endloop
  endfacet
  facet normal 0.896885 0.442263 0
    outer loop
      vertex 37.3631 -29.5237 26
      vertex 37.016 -28.8198 20
      vertex 37.016 -28.8198 26
    endloop
  endfacet
  facet normal 0.896885 0.442263 0
    outer loop
      vertex 37.016 -28.8198 20
      vertex 37.3631 -29.5237 26
      vertex 37.3631 -29.5237 20
    endloop
  endfacet
  facet normal 0.751787 0.659406 0
    outer loop
      vertex 36.5799 -28.1672 26
      vertex 36.0624 -27.5772 20
      vertex 36.0624 -27.5772 26
    endloop
  endfacet
  facet normal 0.751787 0.659406 0
    outer loop
      vertex 36.0624 -27.5772 20
      vertex 36.5799 -28.1672 26
      vertex 36.5799 -28.1672 20
    endloop
  endfacet
  facet normal -0.321345 0.946962 0
    outer loop
      vertex 30.2669 -26.0243 20
      vertex 29.5237 -26.2765 26
      vertex 30.2669 -26.0243 26
    endloop
  endfacet
  facet normal -0.321345 0.946962 0
    outer loop
      vertex 29.5237 -26.2765 26
      vertex 30.2669 -26.0243 20
      vertex 29.5237 -26.2765 20
    endloop
  endfacet
  facet normal -0.659406 -0.751787 0
    outer loop
      vertex 27.5772 -36.0624 20
      vertex 28.1672 -36.5799 26
      vertex 27.5772 -36.0624 26
    endloop
  endfacet
  facet normal -0.659406 -0.751787 -0
    outer loop
      vertex 28.1672 -36.5799 26
      vertex 27.5772 -36.0624 20
      vertex 28.1672 -36.5799 20
    endloop
  endfacet
  facet normal 0.659406 -0.751787 0
    outer loop
      vertex 35.4724 -36.5799 20
      vertex 36.0624 -36.0624 26
      vertex 35.4724 -36.5799 26
    endloop
  endfacet
  facet normal 0.659406 -0.751787 0
    outer loop
      vertex 36.0624 -36.0624 26
      vertex 35.4724 -36.5799 20
      vertex 36.0624 -36.0624 20
    endloop
  endfacet
  facet normal -0.946962 0.321345 0
    outer loop
      vertex 26.0243 -30.2669 20
      vertex 26.2765 -29.5237 26
      vertex 26.2765 -29.5237 20
    endloop
  endfacet
  facet normal -0.946962 0.321345 0
    outer loop
      vertex 26.2765 -29.5237 26
      vertex 26.0243 -30.2669 20
      vertex 26.0243 -30.2669 26
    endloop
  endfacet
  facet normal 0.946923 -0.32146 0
    outer loop
      vertex 37.3631 -34.1159 26
      vertex 37.6154 -33.3727 20
      vertex 37.6154 -33.3727 26
    endloop
  endfacet
  facet normal 0.946923 -0.32146 0
    outer loop
      vertex 37.6154 -33.3727 20
      vertex 37.3631 -34.1159 26
      vertex 37.3631 -34.1159 20
    endloop
  endfacet
  facet normal -0.751787 0.659406 0
    outer loop
      vertex 27.0597 -28.1672 20
      vertex 27.5772 -27.5772 26
      vertex 27.5772 -27.5772 20
    endloop
  endfacet
  facet normal -0.751787 0.659406 0
    outer loop
      vertex 27.5772 -27.5772 26
      vertex 27.0597 -28.1672 20
      vertex 27.0597 -28.1672 26
    endloop
  endfacet
  facet normal 0.831442 -0.555611 0
    outer loop
      vertex 36.5799 -35.4724 26
      vertex 37.016 -34.8198 20
      vertex 37.016 -34.8198 26
    endloop
  endfacet
  facet normal 0.831442 -0.555611 0
    outer loop
      vertex 37.016 -34.8198 20
      vertex 36.5799 -35.4724 26
      vertex 36.5799 -35.4724 20
    endloop
  endfacet
  facet normal 0.555523 0.831501 -0
    outer loop
      vertex 35.4724 -27.0597 20
      vertex 34.8198 -26.6237 26
      vertex 35.4724 -27.0597 26
    endloop
  endfacet
  facet normal 0.555523 0.831501 0
    outer loop
      vertex 34.8198 -26.6237 26
      vertex 35.4724 -27.0597 20
      vertex 34.8198 -26.6237 20
    endloop
  endfacet
  facet normal -0.442365 0.896835 0
    outer loop
      vertex 29.5237 -26.2765 20
      vertex 28.8198 -26.6237 26
      vertex 29.5237 -26.2765 26
    endloop
  endfacet
  facet normal -0.442365 0.896835 0
    outer loop
      vertex 28.8198 -26.6237 26
      vertex 29.5237 -26.2765 20
      vertex 28.8198 -26.6237 20
    endloop
  endfacet
  facet normal 0 0 1
    outer loop
      vertex 36.8198 -31.8198 26
      vertex 37.8198 -31.8198 26
      vertex 37.7685 -31.0366 26
    endloop
  endfacet
  facet normal 0 0 1
    outer loop
      vertex 36.777 -31.1672 26
      vertex 37.7685 -31.0366 26
      vertex 37.6154 -30.2669 26
    endloop
  endfacet
  facet normal 0 0 1
    outer loop
      vertex 37.8198 -31.8198 26
      vertex 36.8198 -31.8198 26
      vertex 37.7685 -32.603 26
    endloop
  endfacet
  facet normal 0 0 1
    outer loop
      vertex 36.6494 -30.5257 26
      vertex 37.6154 -30.2669 26
      vertex 37.3631 -29.5237 26
    endloop
  endfacet
  facet normal -0 0 1
    outer loop
      vertex 36.777 -32.4724 26
      vertex 37.7685 -32.603 26
      vertex 36.8198 -31.8198 26
    endloop
  endfacet
  facet normal 0 0 1
    outer loop
      vertex 36.4392 -29.9064 26
      vertex 37.3631 -29.5237 26
      vertex 37.016 -28.8198 26
    endloop
  endfacet
  facet normal 0 0 1
    outer loop
      vertex 37.7685 -32.603 26
      vertex 36.777 -32.4724 26
      vertex 37.6154 -33.3727 26
    endloop
  endfacet
  facet normal -0 0 1
    outer loop
      vertex 36.6494 -33.1139 26
      vertex 37.6154 -33.3727 26
      vertex 36.777 -32.4724 26
    endloop
  endfacet
  facet normal 0 0 1
    outer loop
      vertex 37.7685 -31.0366 26
      vertex 36.777 -31.1672 26
      vertex 36.8198 -31.8198 26
    endloop
  endfacet
  facet normal 0 0 1
    outer loop
      vertex 37.6154 -30.2669 26
      vertex 36.6494 -30.5257 26
      vertex 36.777 -31.1672 26
    endloop
  endfacet
  facet normal 0 0 1
    outer loop
      vertex 36.1499 -29.3198 26
      vertex 37.016 -28.8198 26
      vertex 36.5799 -28.1672 26
    endloop
  endfacet
  facet normal 0 0 1
    outer loop
      vertex 37.3631 -29.5237 26
      vertex 36.4392 -29.9064 26
      vertex 36.6494 -30.5257 26
    endloop
  endfacet
  facet normal 0 0 1
    outer loop
      vertex 37.016 -28.8198 26
      vertex 36.1499 -29.3198 26
      vertex 36.4392 -29.9064 26
    endloop
  endfacet
  facet normal 0 0 1
    outer loop
      vertex 35.7866 -28.776 26
      vertex 36.5799 -28.1672 26
      vertex 36.0624 -27.5772 26
    endloop
  endfacet
  facet normal 0 0 1
    outer loop
      vertex 36.5799 -28.1672 26
      vertex 35.7866 -28.776 26
      vertex 36.1499 -29.3198 26
    endloop
  endfacet
  facet normal 0 0 1
    outer loop
      vertex 35.3553 -28.2843 26
      vertex 36.0624 -27.5772 26
      vertex 35.4724 -27.0597 26
    endloop
  endfacet
  facet normal 0 0 1
    outer loop
      vertex 36.0624 -27.5772 26
      vertex 35.3553 -28.2843 26
      vertex 35.7866 -28.776 26
    endloop
  endfacet
  facet normal 0 0 1
    outer loop
      vertex 35.4724 -27.0597 26
      vertex 34.8636 -27.853 26
      vertex 35.3553 -28.2843 26
    endloop
  endfacet
  facet normal 0 0 1
    outer loop
      vertex 34.8198 -26.6237 26
      vertex 34.8636 -27.853 26
      vertex 35.4724 -27.0597 26
    endloop
  endfacet
  facet normal 0 0 1
    outer loop
      vertex 34.8198 -26.6237 26
      vertex 34.3198 -27.4897 26
      vertex 34.8636 -27.853 26
    endloop
  endfacet
  facet normal 0 0 1
    outer loop
      vertex 34.1159 -26.2765 26
      vertex 34.3198 -27.4897 26
      vertex 34.8198 -26.6237 26
    endloop
  endfacet
  facet normal 0 0 1
    outer loop
      vertex 34.1159 -26.2765 26
      vertex 33.7332 -27.2004 26
      vertex 34.3198 -27.4897 26
    endloop
  endfacet
  facet normal 0 0 1
    outer loop
      vertex 33.3727 -26.0243 26
      vertex 33.7332 -27.2004 26
      vertex 34.1159 -26.2765 26
    endloop
  endfacet
  facet normal 0 0 1
    outer loop
      vertex 33.3727 -26.0243 26
      vertex 33.1139 -26.9902 26
      vertex 33.7332 -27.2004 26
    endloop
  endfacet
  facet normal 0 0 1
    outer loop
      vertex 32.603 -25.8711 26
      vertex 33.1139 -26.9902 26
      vertex 33.3727 -26.0243 26
    endloop
  endfacet
  facet normal 0 0 1
    outer loop
      vertex 32.603 -25.8711 26
      vertex 32.4724 -26.8626 26
      vertex 33.1139 -26.9902 26
    endloop
  endfacet
  facet normal 0 0 1
    outer loop
      vertex 31.8198 -25.8198 26
      vertex 32.4724 -26.8626 26
      vertex 32.603 -25.8711 26
    endloop
  endfacet
  facet normal 0 0 1
    outer loop
      vertex 31.8198 -25.8198 26
      vertex 31.8198 -26.8198 26
      vertex 32.4724 -26.8626 26
    endloop
  endfacet
  facet normal 0 0 1
    outer loop
      vertex 31.8198 -25.8198 26
      vertex 31.1672 -26.8626 26
      vertex 31.8198 -26.8198 26
    endloop
  endfacet
  facet normal -0 0 1
    outer loop
      vertex 31.0366 -25.8711 26
      vertex 31.1672 -26.8626 26
      vertex 31.8198 -25.8198 26
    endloop
  endfacet
  facet normal 0 0 1
    outer loop
      vertex 31.0366 -25.8711 26
      vertex 30.5257 -26.9902 26
      vertex 31.1672 -26.8626 26
    endloop
  endfacet
  facet normal -0 0 1
    outer loop
      vertex 30.2669 -26.0243 26
      vertex 30.5257 -26.9902 26
      vertex 31.0366 -25.8711 26
    endloop
  endfacet
  facet normal 0 0 1
    outer loop
      vertex 30.2669 -26.0243 26
      vertex 29.9064 -27.2004 26
      vertex 30.5257 -26.9902 26
    endloop
  endfacet
  facet normal -0 0 1
    outer loop
      vertex 29.5237 -26.2765 26
      vertex 29.9064 -27.2004 26
      vertex 30.2669 -26.0243 26
    endloop
  endfacet
  facet normal 0 0 1
    outer loop
      vertex 29.5237 -26.2765 26
      vertex 29.3198 -27.4897 26
      vertex 29.9064 -27.2004 26
    endloop
  endfacet
  facet normal -0 0 1
    outer loop
      vertex 28.8198 -26.6237 26
      vertex 29.3198 -27.4897 26
      vertex 29.5237 -26.2765 26
    endloop
  endfacet
  facet normal 0 0 1
    outer loop
      vertex 28.8198 -26.6237 26
      vertex 28.776 -27.853 26
      vertex 29.3198 -27.4897 26
    endloop
  endfacet
  facet normal -0 0 1
    outer loop
      vertex 28.1672 -27.0597 26
      vertex 28.776 -27.853 26
      vertex 28.8198 -26.6237 26
    endloop
  endfacet
  facet normal 0 0 1
    outer loop
      vertex 28.776 -27.853 26
      vertex 28.1672 -27.0597 26
      vertex 28.2843 -28.2843 26
    endloop
  endfacet
  facet normal -0 0 1
    outer loop
      vertex 27.5772 -27.5772 26
      vertex 28.2843 -28.2843 26
      vertex 28.1672 -27.0597 26
    endloop
  endfacet
  facet normal 0 0 1
    outer loop
      vertex 28.2843 -28.2843 26
      vertex 27.5772 -27.5772 26
      vertex 27.853 -28.776 26
    endloop
  endfacet
  facet normal -0 0 1
    outer loop
      vertex 27.0597 -28.1672 26
      vertex 27.853 -28.776 26
      vertex 27.5772 -27.5772 26
    endloop
  endfacet
  facet normal 0 0 1
    outer loop
      vertex 27.853 -28.776 26
      vertex 27.0597 -28.1672 26
      vertex 27.4897 -29.3198 26
    endloop
  endfacet
  facet normal -0 0 1
    outer loop
      vertex 26.6237 -28.8198 26
      vertex 27.4897 -29.3198 26
      vertex 27.0597 -28.1672 26
    endloop
  endfacet
  facet normal 0 0 1
    outer loop
      vertex 27.4897 -29.3198 26
      vertex 26.6237 -28.8198 26
      vertex 27.2004 -29.9064 26
    endloop
  endfacet
  facet normal -0 0 1
    outer loop
      vertex 26.2765 -29.5237 26
      vertex 27.2004 -29.9064 26
      vertex 26.6237 -28.8198 26
    endloop
  endfacet
  facet normal -0 0 1
    outer loop
      vertex 26.0243 -30.2669 26
      vertex 26.9902 -30.5257 26
      vertex 26.2765 -29.5237 26
    endloop
  endfacet
  facet normal 0 0 1
    outer loop
      vertex 27.2004 -29.9064 26
      vertex 26.2765 -29.5237 26
      vertex 26.9902 -30.5257 26
    endloop
  endfacet
  facet normal 0 0 1
    outer loop
      vertex 37.6154 -33.3727 26
      vertex 36.6494 -33.1139 26
      vertex 37.3631 -34.1159 26
    endloop
  endfacet
  facet normal -0 0 1
    outer loop
      vertex 36.4392 -33.7332 26
      vertex 37.3631 -34.1159 26
      vertex 36.6494 -33.1139 26
    endloop
  endfacet
  facet normal 0 0 1
    outer loop
      vertex 37.3631 -34.1159 26
      vertex 36.4392 -33.7332 26
      vertex 37.016 -34.8198 26
    endloop
  endfacet
  facet normal -0 0 1
    outer loop
      vertex 36.1499 -34.3198 26
      vertex 37.016 -34.8198 26
      vertex 36.4392 -33.7332 26
    endloop
  endfacet
  facet normal 0 0 1
    outer loop
      vertex 37.016 -34.8198 26
      vertex 36.1499 -34.3198 26
      vertex 36.5799 -35.4724 26
    endloop
  endfacet
  facet normal -0 0 1
    outer loop
      vertex 35.7866 -34.8636 26
      vertex 36.5799 -35.4724 26
      vertex 36.1499 -34.3198 26
    endloop
  endfacet
  facet normal 0 0 1
    outer loop
      vertex 36.5799 -35.4724 26
      vertex 35.7866 -34.8636 26
      vertex 36.0624 -36.0624 26
    endloop
  endfacet
  facet normal -0 0 1
    outer loop
      vertex 35.3553 -35.3553 26
      vertex 36.0624 -36.0624 26
      vertex 35.7866 -34.8636 26
    endloop
  endfacet
  facet normal 0 0 1
    outer loop
      vertex 36.0624 -36.0624 26
      vertex 35.3553 -35.3553 26
      vertex 35.4724 -36.5799 26
    endloop
  endfacet
  facet normal -0 0 1
    outer loop
      vertex 34.8636 -35.7866 26
      vertex 35.4724 -36.5799 26
      vertex 35.3553 -35.3553 26
    endloop
  endfacet
  facet normal 0 0 1
    outer loop
      vertex 34.8636 -35.7866 26
      vertex 34.8198 -37.016 26
      vertex 35.4724 -36.5799 26
    endloop
  endfacet
  facet normal -0 0 1
    outer loop
      vertex 34.3198 -36.1499 26
      vertex 34.8198 -37.016 26
      vertex 34.8636 -35.7866 26
    endloop
  endfacet
  facet normal 0 0 1
    outer loop
      vertex 34.3198 -36.1499 26
      vertex 34.1159 -37.3631 26
      vertex 34.8198 -37.016 26
    endloop
  endfacet
  facet normal -0 0 1
    outer loop
      vertex 33.7332 -36.4392 26
      vertex 34.1159 -37.3631 26
      vertex 34.3198 -36.1499 26
    endloop
  endfacet
  facet normal 0 0 1
    outer loop
      vertex 33.7332 -36.4392 26
      vertex 33.3727 -37.6154 26
      vertex 34.1159 -37.3631 26
    endloop
  endfacet
  facet normal -0 0 1
    outer loop
      vertex 33.1139 -36.6494 26
      vertex 33.3727 -37.6154 26
      vertex 33.7332 -36.4392 26
    endloop
  endfacet
  facet normal 0 0 1
    outer loop
      vertex 33.1139 -36.6494 26
      vertex 32.603 -37.7685 26
      vertex 33.3727 -37.6154 26
    endloop
  endfacet
  facet normal -0 0 1
    outer loop
      vertex 32.4724 -36.777 26
      vertex 32.603 -37.7685 26
      vertex 33.1139 -36.6494 26
    endloop
  endfacet
  facet normal -0 0 1
    outer loop
      vertex 31.8198 -36.8198 26
      vertex 32.603 -37.7685 26
      vertex 32.4724 -36.777 26
    endloop
  endfacet
  facet normal 0 0 1
    outer loop
      vertex 31.8198 -36.8198 26
      vertex 31.8198 -37.8198 26
      vertex 32.603 -37.7685 26
    endloop
  endfacet
  facet normal 0 0 1
    outer loop
      vertex 31.1672 -36.777 26
      vertex 31.8198 -37.8198 26
      vertex 31.8198 -36.8198 26
    endloop
  endfacet
  facet normal 0 0 1
    outer loop
      vertex 31.1672 -36.777 26
      vertex 31.0366 -37.7685 26
      vertex 31.8198 -37.8198 26
    endloop
  endfacet
  facet normal 0 0 1
    outer loop
      vertex 30.5257 -36.6494 26
      vertex 31.0366 -37.7685 26
      vertex 31.1672 -36.777 26
    endloop
  endfacet
  facet normal 0 0 1
    outer loop
      vertex 30.5257 -36.6494 26
      vertex 30.2669 -37.6154 26
      vertex 31.0366 -37.7685 26
    endloop
  endfacet
  facet normal 0 0 1
    outer loop
      vertex 29.9064 -36.4392 26
      vertex 30.2669 -37.6154 26
      vertex 30.5257 -36.6494 26
    endloop
  endfacet
  facet normal 0 0 1
    outer loop
      vertex 29.9064 -36.4392 26
      vertex 29.5237 -37.3631 26
      vertex 30.2669 -37.6154 26
    endloop
  endfacet
  facet normal 0 0 1
    outer loop
      vertex 29.3198 -36.1499 26
      vertex 29.5237 -37.3631 26
      vertex 29.9064 -36.4392 26
    endloop
  endfacet
  facet normal 0 0 1
    outer loop
      vertex 29.3198 -36.1499 26
      vertex 28.8198 -37.016 26
      vertex 29.5237 -37.3631 26
    endloop
  endfacet
  facet normal 0 0 1
    outer loop
      vertex 28.776 -35.7866 26
      vertex 28.8198 -37.016 26
      vertex 29.3198 -36.1499 26
    endloop
  endfacet
  facet normal 0 0 1
    outer loop
      vertex 28.1672 -36.5799 26
      vertex 28.776 -35.7866 26
      vertex 28.2843 -35.3553 26
    endloop
  endfacet
  facet normal 0 0 1
    outer loop
      vertex 28.776 -35.7866 26
      vertex 28.1672 -36.5799 26
      vertex 28.8198 -37.016 26
    endloop
  endfacet
  facet normal 0 0 1
    outer loop
      vertex 27.5772 -36.0624 26
      vertex 28.2843 -35.3553 26
      vertex 27.853 -34.8636 26
    endloop
  endfacet
  facet normal 0 0 1
    outer loop
      vertex 28.2843 -35.3553 26
      vertex 27.5772 -36.0624 26
      vertex 28.1672 -36.5799 26
    endloop
  endfacet
  facet normal 0 0 1
    outer loop
      vertex 27.0597 -35.4724 26
      vertex 27.853 -34.8636 26
      vertex 27.4897 -34.3198 26
    endloop
  endfacet
  facet normal 0 0 1
    outer loop
      vertex 26.6237 -34.8198 26
      vertex 27.4897 -34.3198 26
      vertex 27.2004 -33.7332 26
    endloop
  endfacet
  facet normal 0 0 1
    outer loop
      vertex 27.853 -34.8636 26
      vertex 27.0597 -35.4724 26
      vertex 27.5772 -36.0624 26
    endloop
  endfacet
  facet normal 0 0 1
    outer loop
      vertex 26.2765 -34.1159 26
      vertex 27.2004 -33.7332 26
      vertex 26.9902 -33.1139 26
    endloop
  endfacet
  facet normal 0 0 1
    outer loop
      vertex 26.0243 -33.3727 26
      vertex 26.9902 -33.1139 26
      vertex 26.8626 -32.4724 26
    endloop
  endfacet
  facet normal 0 0 1
    outer loop
      vertex 27.4897 -34.3198 26
      vertex 26.6237 -34.8198 26
      vertex 27.0597 -35.4724 26
    endloop
  endfacet
  facet normal 0 0 1
    outer loop
      vertex 25.8711 -32.603 26
      vertex 26.8626 -32.4724 26
      vertex 26.8198 -31.8198 26
    endloop
  endfacet
  facet normal 0 0 1
    outer loop
      vertex 26.9902 -30.5257 26
      vertex 26.0243 -30.2669 26
      vertex 26.8626 -31.1672 26
    endloop
  endfacet
  facet normal -0 0 1
    outer loop
      vertex 25.8711 -31.0366 26
      vertex 26.8626 -31.1672 26
      vertex 26.0243 -30.2669 26
    endloop
  endfacet
  facet normal 0 0 1
    outer loop
      vertex 27.2004 -33.7332 26
      vertex 26.2765 -34.1159 26
      vertex 26.6237 -34.8198 26
    endloop
  endfacet
  facet normal 0 0 1
    outer loop
      vertex 26.8626 -31.1672 26
      vertex 25.8711 -31.0366 26
      vertex 26.8198 -31.8198 26
    endloop
  endfacet
  facet normal 0 0 1
    outer loop
      vertex 26.9902 -33.1139 26
      vertex 26.0243 -33.3727 26
      vertex 26.2765 -34.1159 26
    endloop
  endfacet
  facet normal 0 0 1
    outer loop
      vertex 25.8198 -31.8198 26
      vertex 26.8198 -31.8198 26
      vertex 25.8711 -31.0366 26
    endloop
  endfacet
  facet normal 0 0 1
    outer loop
      vertex 26.8626 -32.4724 26
      vertex 25.8711 -32.603 26
      vertex 26.0243 -33.3727 26
    endloop
  endfacet
  facet normal 0 0 1
    outer loop
      vertex 26.8198 -31.8198 26
      vertex 25.8198 -31.8198 26
      vertex 25.8711 -32.603 26
    endloop
  endfacet
  facet normal 0.831442 0.555611 0
    outer loop
      vertex 37.016 -28.8198 26
      vertex 36.5799 -28.1672 20
      vertex 36.5799 -28.1672 26
    endloop
  endfacet
  facet normal 0.831442 0.555611 0
    outer loop
      vertex 36.5799 -28.1672 20
      vertex 37.016 -28.8198 26
      vertex 37.016 -28.8198 20
    endloop
  endfacet
  facet normal -0.751787 -0.659406 0
    outer loop
      vertex 27.5772 -36.0624 20
      vertex 27.0597 -35.4724 26
      vertex 27.0597 -35.4724 20
    endloop
  endfacet
  facet normal -0.751787 -0.659406 0
    outer loop
      vertex 27.0597 -35.4724 26
      vertex 27.5772 -36.0624 20
      vertex 27.5772 -36.0624 26
    endloop
  endfacet
  facet normal -0.555523 0.831501 0
    outer loop
      vertex 28.8198 -26.6237 20
      vertex 28.1672 -27.0597 26
      vertex 28.8198 -26.6237 26
    endloop
  endfacet
  facet normal -0.555523 0.831501 0
    outer loop
      vertex 28.1672 -27.0597 26
      vertex 28.8198 -26.6237 20
      vertex 28.1672 -27.0597 20
    endloop
  endfacet
  facet normal -0.32146 -0.946923 0
    outer loop
      vertex 29.5237 -37.3631 20
      vertex 30.2669 -37.6154 26
      vertex 29.5237 -37.3631 26
    endloop
  endfacet
  facet normal -0.32146 -0.946923 -0
    outer loop
      vertex 30.2669 -37.6154 26
      vertex 29.5237 -37.3631 20
      vertex 30.2669 -37.6154 20
    endloop
  endfacet
  facet normal 0.659406 0.751787 -0
    outer loop
      vertex 36.0624 -27.5772 20
      vertex 35.4724 -27.0597 26
      vertex 36.0624 -27.5772 26
    endloop
  endfacet
  facet normal 0.659406 0.751787 0
    outer loop
      vertex 35.4724 -27.0597 26
      vertex 36.0624 -27.5772 20
      vertex 35.4724 -27.0597 20
    endloop
  endfacet
  facet normal 0.980786 -0.195087 0
    outer loop
      vertex 37.6154 -33.3727 26
      vertex 37.7685 -32.603 20
      vertex 37.7685 -32.603 26
    endloop
  endfacet
  facet normal 0.980786 -0.195087 0
    outer loop
      vertex 37.7685 -32.603 20
      vertex 37.6154 -33.3727 26
      vertex 37.6154 -33.3727 20
    endloop
  endfacet
  facet normal -0.997862 -0.0653605 0
    outer loop
      vertex 25.8711 -32.603 20
      vertex 25.8198 -31.8198 26
      vertex 25.8198 -31.8198 20
    endloop
  endfacet
  facet normal -0.997862 -0.0653605 0
    outer loop
      vertex 25.8198 -31.8198 26
      vertex 25.8711 -32.603 20
      vertex 25.8711 -32.603 26
    endloop
  endfacet
  facet normal 0.896885 -0.442263 0
    outer loop
      vertex 37.016 -34.8198 26
      vertex 37.3631 -34.1159 20
      vertex 37.3631 -34.1159 26
    endloop
  endfacet
  facet normal 0.896885 -0.442263 0
    outer loop
      vertex 37.3631 -34.1159 20
      vertex 37.016 -34.8198 26
      vertex 37.016 -34.8198 20
    endloop
  endfacet
  facet normal 0.195087 -0.980786 0
    outer loop
      vertex 32.603 -37.7685 20
      vertex 33.3727 -37.6154 26
      vertex 32.603 -37.7685 26
    endloop
  endfacet
  facet normal 0.195087 -0.980786 0
    outer loop
      vertex 33.3727 -37.6154 26
      vertex 32.603 -37.7685 20
      vertex 33.3727 -37.6154 20
    endloop
  endfacet
  facet normal -0.659406 0.751787 0
    outer loop
      vertex 28.1672 -27.0597 20
      vertex 27.5772 -27.5772 26
      vertex 28.1672 -27.0597 26
    endloop
  endfacet
  facet normal -0.659406 0.751787 0
    outer loop
      vertex 27.5772 -27.5772 26
      vertex 28.1672 -27.0597 20
      vertex 27.5772 -27.5772 20
    endloop
  endfacet
  facet normal 0.0653605 -0.997862 0
    outer loop
      vertex 31.8198 -37.8198 20
      vertex 32.603 -37.7685 26
      vertex 31.8198 -37.8198 26
    endloop
  endfacet
  facet normal 0.0653605 -0.997862 0
    outer loop
      vertex 32.603 -37.7685 26
      vertex 31.8198 -37.8198 20
      vertex 32.603 -37.7685 20
    endloop
  endfacet
  facet normal 0.555611 -0.831442 0
    outer loop
      vertex 34.8198 -37.016 20
      vertex 35.4724 -36.5799 26
      vertex 34.8198 -37.016 26
    endloop
  endfacet
  facet normal 0.555611 -0.831442 0
    outer loop
      vertex 35.4724 -36.5799 26
      vertex 34.8198 -37.016 20
      vertex 35.4724 -36.5799 20
    endloop
  endfacet
  facet normal 0.442365 0.896835 -0
    outer loop
      vertex 34.8198 -26.6237 20
      vertex 34.1159 -26.2765 26
      vertex 34.8198 -26.6237 26
    endloop
  endfacet
  facet normal 0.442365 0.896835 0
    outer loop
      vertex 34.1159 -26.2765 26
      vertex 34.8198 -26.6237 20
      vertex 34.1159 -26.2765 20
    endloop
  endfacet
  facet normal -0.896835 0.442365 0
    outer loop
      vertex 26.2765 -29.5237 20
      vertex 26.6237 -28.8198 26
      vertex 26.6237 -28.8198 20
    endloop
  endfacet
  facet normal -0.896835 0.442365 0
    outer loop
      vertex 26.6237 -28.8198 26
      vertex 26.2765 -29.5237 20
      vertex 26.2765 -29.5237 26
    endloop
  endfacet
  facet normal -0.980762 0.195209 0
    outer loop
      vertex 25.8711 -31.0366 20
      vertex 26.0243 -30.2669 26
      vertex 26.0243 -30.2669 20
    endloop
  endfacet
  facet normal -0.980762 0.195209 0
    outer loop
      vertex 26.0243 -30.2669 26
      vertex 25.8711 -31.0366 20
      vertex 25.8711 -31.0366 26
    endloop
  endfacet
  facet normal -0.831501 -0.555523 0
    outer loop
      vertex 27.0597 -35.4724 20
      vertex 26.6237 -34.8198 26
      vertex 26.6237 -34.8198 20
    endloop
  endfacet
  facet normal -0.831501 -0.555523 0
    outer loop
      vertex 26.6237 -34.8198 26
      vertex 27.0597 -35.4724 20
      vertex 27.0597 -35.4724 26
    endloop
  endfacet
  facet normal 0.321345 0.946962 -0
    outer loop
      vertex 34.1159 -26.2765 20
      vertex 33.3727 -26.0243 26
      vertex 34.1159 -26.2765 26
    endloop
  endfacet
  facet normal 0.321345 0.946962 0
    outer loop
      vertex 33.3727 -26.0243 26
      vertex 34.1159 -26.2765 20
      vertex 33.3727 -26.0243 20
    endloop
  endfacet
  facet normal 0.32146 -0.946923 0
    outer loop
      vertex 33.3727 -37.6154 20
      vertex 34.1159 -37.3631 26
      vertex 33.3727 -37.6154 26
    endloop
  endfacet
  facet normal 0.32146 -0.946923 0
    outer loop
      vertex 34.1159 -37.3631 26
      vertex 33.3727 -37.6154 20
      vertex 34.1159 -37.3631 20
    endloop
  endfacet
  facet normal -0.997862 0.0653605 0
    outer loop
      vertex 25.8198 -31.8198 20
      vertex 25.8711 -31.0366 26
      vertex 25.8711 -31.0366 20
    endloop
  endfacet
  facet normal -0.997862 0.0653605 0
    outer loop
      vertex 25.8711 -31.0366 26
      vertex 25.8198 -31.8198 20
      vertex 25.8198 -31.8198 26
    endloop
  endfacet
  facet normal 0.195209 0.980762 -0
    outer loop
      vertex 33.3727 -26.0243 20
      vertex 32.603 -25.8711 26
      vertex 33.3727 -26.0243 26
    endloop
  endfacet
  facet normal 0.195209 0.980762 0
    outer loop
      vertex 32.603 -25.8711 26
      vertex 33.3727 -26.0243 20
      vertex 32.603 -25.8711 20
    endloop
  endfacet
  facet normal 0.751787 -0.659406 0
    outer loop
      vertex 36.0624 -36.0624 26
      vertex 36.5799 -35.4724 20
      vertex 36.5799 -35.4724 26
    endloop
  endfacet
  facet normal 0.751787 -0.659406 0
    outer loop
      vertex 36.5799 -35.4724 20
      vertex 36.0624 -36.0624 26
      vertex 36.0624 -36.0624 20
    endloop
  endfacet
  facet normal -0.195209 0.980762 0
    outer loop
      vertex 31.0366 -25.8711 20
      vertex 30.2669 -26.0243 26
      vertex 31.0366 -25.8711 26
    endloop
  endfacet
  facet normal -0.195209 0.980762 0
    outer loop
      vertex 30.2669 -26.0243 26
      vertex 31.0366 -25.8711 20
      vertex 30.2669 -26.0243 20
    endloop
  endfacet
  facet normal -0.896835 -0.442365 0
    outer loop
      vertex 26.6237 -34.8198 20
      vertex 26.2765 -34.1159 26
      vertex 26.2765 -34.1159 20
    endloop
  endfacet
  facet normal -0.896835 -0.442365 0
    outer loop
      vertex 26.2765 -34.1159 26
      vertex 26.6237 -34.8198 20
      vertex 26.6237 -34.8198 26
    endloop
  endfacet
  facet normal -0.0653605 0.997862 0
    outer loop
      vertex 31.8198 -25.8198 20
      vertex 31.0366 -25.8711 26
      vertex 31.8198 -25.8198 26
    endloop
  endfacet
  facet normal -0.0653605 0.997862 0
    outer loop
      vertex 31.0366 -25.8711 26
      vertex 31.8198 -25.8198 20
      vertex 31.0366 -25.8711 20
    endloop
  endfacet
  facet normal 0 0 -1
    outer loop
      vertex 37.7685 -32.603 20
      vertex 37.7685 -31.0366 20
      vertex 37.8198 -31.8198 20
    endloop
  endfacet
  facet normal 0 0 -1
    outer loop
      vertex 37.6154 -33.3727 20
      vertex 37.7685 -31.0366 20
      vertex 37.7685 -32.603 20
    endloop
  endfacet
  facet normal 0 0 -1
    outer loop
      vertex 37.6154 -33.3727 20
      vertex 37.6154 -30.2669 20
      vertex 37.7685 -31.0366 20
    endloop
  endfacet
  facet normal 0 0 -1
    outer loop
      vertex 37.3631 -34.1159 20
      vertex 37.6154 -30.2669 20
      vertex 37.6154 -33.3727 20
    endloop
  endfacet
  facet normal 0 0 -1
    outer loop
      vertex 37.3631 -34.1159 20
      vertex 37.3631 -29.5237 20
      vertex 37.6154 -30.2669 20
    endloop
  endfacet
  facet normal 0 0 -1
    outer loop
      vertex 37.016 -34.8198 20
      vertex 37.3631 -29.5237 20
      vertex 37.3631 -34.1159 20
    endloop
  endfacet
  facet normal 0 0 -1
    outer loop
      vertex 37.016 -34.8198 20
      vertex 37.016 -28.8198 20
      vertex 37.3631 -29.5237 20
    endloop
  endfacet
  facet normal 0 0 -1
    outer loop
      vertex 36.5799 -35.4724 20
      vertex 37.016 -28.8198 20
      vertex 37.016 -34.8198 20
    endloop
  endfacet
  facet normal 0 0 -1
    outer loop
      vertex 36.5799 -35.4724 20
      vertex 36.5799 -28.1672 20
      vertex 37.016 -28.8198 20
    endloop
  endfacet
  facet normal 0 0 -1
    outer loop
      vertex 36.0624 -36.0624 20
      vertex 36.5799 -28.1672 20
      vertex 36.5799 -35.4724 20
    endloop
  endfacet
  facet normal 0 0 -1
    outer loop
      vertex 36.0624 -36.0624 20
      vertex 36.0624 -27.5772 20
      vertex 36.5799 -28.1672 20
    endloop
  endfacet
  facet normal 0 0 -1
    outer loop
      vertex 35.4724 -36.5799 20
      vertex 36.0624 -27.5772 20
      vertex 36.0624 -36.0624 20
    endloop
  endfacet
  facet normal 0 0 -1
    outer loop
      vertex 35.4724 -36.5799 20
      vertex 35.4724 -27.0597 20
      vertex 36.0624 -27.5772 20
    endloop
  endfacet
  facet normal 0 0 -1
    outer loop
      vertex 34.8198 -37.016 20
      vertex 35.4724 -27.0597 20
      vertex 35.4724 -36.5799 20
    endloop
  endfacet
  facet normal 0 0 -1
    outer loop
      vertex 34.8198 -37.016 20
      vertex 34.8198 -26.6237 20
      vertex 35.4724 -27.0597 20
    endloop
  endfacet
  facet normal 0 0 -1
    outer loop
      vertex 34.1159 -37.3631 20
      vertex 34.8198 -26.6237 20
      vertex 34.8198 -37.016 20
    endloop
  endfacet
  facet normal 0 0 -1
    outer loop
      vertex 34.1159 -37.3631 20
      vertex 34.1159 -26.2765 20
      vertex 34.8198 -26.6237 20
    endloop
  endfacet
  facet normal 0 0 -1
    outer loop
      vertex 33.3727 -37.6154 20
      vertex 34.1159 -26.2765 20
      vertex 34.1159 -37.3631 20
    endloop
  endfacet
  facet normal 0 0 -1
    outer loop
      vertex 33.3727 -37.6154 20
      vertex 33.3727 -26.0243 20
      vertex 34.1159 -26.2765 20
    endloop
  endfacet
  facet normal 0 0 -1
    outer loop
      vertex 32.603 -37.7685 20
      vertex 33.3727 -26.0243 20
      vertex 33.3727 -37.6154 20
    endloop
  endfacet
  facet normal 0 0 -1
    outer loop
      vertex 32.603 -37.7685 20
      vertex 32.603 -25.8711 20
      vertex 33.3727 -26.0243 20
    endloop
  endfacet
  facet normal 0 0 -1
    outer loop
      vertex 31.8198 -37.8198 20
      vertex 32.603 -25.8711 20
      vertex 32.603 -37.7685 20
    endloop
  endfacet
  facet normal 0 0 -1
    outer loop
      vertex 31.8198 -37.8198 20
      vertex 31.8198 -25.8198 20
      vertex 32.603 -25.8711 20
    endloop
  endfacet
  facet normal 0 0 -1
    outer loop
      vertex 31.0366 -37.7685 20
      vertex 31.8198 -25.8198 20
      vertex 31.8198 -37.8198 20
    endloop
  endfacet
  facet normal 0 0 -1
    outer loop
      vertex 31.0366 -37.7685 20
      vertex 31.0366 -25.8711 20
      vertex 31.8198 -25.8198 20
    endloop
  endfacet
  facet normal 0 0 -1
    outer loop
      vertex 30.2669 -37.6154 20
      vertex 31.0366 -25.8711 20
      vertex 31.0366 -37.7685 20
    endloop
  endfacet
  facet normal 0 0 -1
    outer loop
      vertex 30.2669 -37.6154 20
      vertex 30.2669 -26.0243 20
      vertex 31.0366 -25.8711 20
    endloop
  endfacet
  facet normal 0 0 -1
    outer loop
      vertex 29.5237 -37.3631 20
      vertex 30.2669 -26.0243 20
      vertex 30.2669 -37.6154 20
    endloop
  endfacet
  facet normal 0 0 -1
    outer loop
      vertex 29.5237 -37.3631 20
      vertex 29.5237 -26.2765 20
      vertex 30.2669 -26.0243 20
    endloop
  endfacet
  facet normal 0 0 -1
    outer loop
      vertex 28.8198 -37.016 20
      vertex 29.5237 -26.2765 20
      vertex 29.5237 -37.3631 20
    endloop
  endfacet
  facet normal 0 0 -1
    outer loop
      vertex 28.8198 -37.016 20
      vertex 28.8198 -26.6237 20
      vertex 29.5237 -26.2765 20
    endloop
  endfacet
  facet normal 0 0 -1
    outer loop
      vertex 28.1672 -36.5799 20
      vertex 28.8198 -26.6237 20
      vertex 28.8198 -37.016 20
    endloop
  endfacet
  facet normal 0 0 -1
    outer loop
      vertex 28.1672 -36.5799 20
      vertex 28.1672 -27.0597 20
      vertex 28.8198 -26.6237 20
    endloop
  endfacet
  facet normal 0 0 -1
    outer loop
      vertex 27.5772 -36.0624 20
      vertex 28.1672 -27.0597 20
      vertex 28.1672 -36.5799 20
    endloop
  endfacet
  facet normal 0 0 -1
    outer loop
      vertex 27.5772 -36.0624 20
      vertex 27.5772 -27.5772 20
      vertex 28.1672 -27.0597 20
    endloop
  endfacet
  facet normal 0 0 -1
    outer loop
      vertex 27.0597 -35.4724 20
      vertex 27.5772 -27.5772 20
      vertex 27.5772 -36.0624 20
    endloop
  endfacet
  facet normal 0 0 -1
    outer loop
      vertex 27.0597 -35.4724 20
      vertex 27.0597 -28.1672 20
      vertex 27.5772 -27.5772 20
    endloop
  endfacet
  facet normal 0 0 -1
    outer loop
      vertex 26.6237 -34.8198 20
      vertex 27.0597 -28.1672 20
      vertex 27.0597 -35.4724 20
    endloop
  endfacet
  facet normal 0 0 -1
    outer loop
      vertex 26.6237 -34.8198 20
      vertex 26.6237 -28.8198 20
      vertex 27.0597 -28.1672 20
    endloop
  endfacet
  facet normal 0 0 -1
    outer loop
      vertex 26.2765 -34.1159 20
      vertex 26.6237 -28.8198 20
      vertex 26.6237 -34.8198 20
    endloop
  endfacet
  facet normal 0 0 -1
    outer loop
      vertex 26.2765 -34.1159 20
      vertex 26.2765 -29.5237 20
      vertex 26.6237 -28.8198 20
    endloop
  endfacet
  facet normal 0 0 -1
    outer loop
      vertex 26.0243 -33.3727 20
      vertex 26.2765 -29.5237 20
      vertex 26.2765 -34.1159 20
    endloop
  endfacet
  facet normal 0 0 -1
    outer loop
      vertex 26.0243 -33.3727 20
      vertex 26.0243 -30.2669 20
      vertex 26.2765 -29.5237 20
    endloop
  endfacet
  facet normal 0 0 -1
    outer loop
      vertex 25.8711 -32.603 20
      vertex 26.0243 -30.2669 20
      vertex 26.0243 -33.3727 20
    endloop
  endfacet
  facet normal 0 0 -1
    outer loop
      vertex 25.8711 -32.603 20
      vertex 25.8711 -31.0366 20
      vertex 26.0243 -30.2669 20
    endloop
  endfacet
  facet normal 0 -0 -1
    outer loop
      vertex 25.8711 -31.0366 20
      vertex 25.8711 -32.603 20
      vertex 25.8198 -31.8198 20
    endloop
  endfacet
  facet normal -0.831501 0.555523 0
    outer loop
      vertex 26.6237 -28.8198 20
      vertex 27.0597 -28.1672 26
      vertex 27.0597 -28.1672 20
    endloop
  endfacet
  facet normal -0.831501 0.555523 0
    outer loop
      vertex 27.0597 -28.1672 26
      vertex 26.6237 -28.8198 20
      vertex 26.6237 -28.8198 26
    endloop
  endfacet
  facet normal -0.442314 -0.89686 0
    outer loop
      vertex 29.3198 -36.1499 26
      vertex 29.9064 -36.4392 29
      vertex 29.3198 -36.1499 29
    endloop
  endfacet
  facet normal -0.442314 -0.89686 -0
    outer loop
      vertex 29.9064 -36.4392 29
      vertex 29.3198 -36.1499 26
      vertex 29.9064 -36.4392 26
    endloop
  endfacet
  facet normal 0.980786 0.195087 0
    outer loop
      vertex 36.777 -31.1672 29
      vertex 36.6494 -30.5257 26
      vertex 36.6494 -30.5257 29
    endloop
  endfacet
  facet normal 0.980786 0.195087 0
    outer loop
      vertex 36.6494 -30.5257 26
      vertex 36.777 -31.1672 29
      vertex 36.777 -31.1672 26
    endloop
  endfacet
  facet normal 0.997856 0.0654432 0
    outer loop
      vertex 36.8198 -31.8198 29
      vertex 36.777 -31.1672 26
      vertex 36.777 -31.1672 29
    endloop
  endfacet
  facet normal 0.997856 0.0654432 0
    outer loop
      vertex 36.777 -31.1672 26
      vertex 36.8198 -31.8198 29
      vertex 36.8198 -31.8198 26
    endloop
  endfacet
  facet normal 0.980786 -0.195087 0
    outer loop
      vertex 36.6494 -33.1139 29
      vertex 36.777 -32.4724 26
      vertex 36.777 -32.4724 29
    endloop
  endfacet
  facet normal 0.980786 -0.195087 0
    outer loop
      vertex 36.777 -32.4724 26
      vertex 36.6494 -33.1139 29
      vertex 36.6494 -33.1139 26
    endloop
  endfacet
  facet normal -0.195087 -0.980786 0
    outer loop
      vertex 30.5257 -36.6494 26
      vertex 31.1672 -36.777 29
      vertex 30.5257 -36.6494 29
    endloop
  endfacet
  facet normal -0.195087 -0.980786 -0
    outer loop
      vertex 31.1672 -36.777 29
      vertex 30.5257 -36.6494 26
      vertex 31.1672 -36.777 26
    endloop
  endfacet
  facet normal -0.321407 0.946941 0
    outer loop
      vertex 30.5257 -26.9902 26
      vertex 29.9064 -27.2004 29
      vertex 30.5257 -26.9902 29
    endloop
  endfacet
  facet normal -0.321407 0.946941 0
    outer loop
      vertex 29.9064 -27.2004 29
      vertex 30.5257 -26.9902 26
      vertex 29.9064 -27.2004 26
    endloop
  endfacet
  facet normal -0.831509 0.555512 0
    outer loop
      vertex 27.4897 -29.3198 26
      vertex 27.853 -28.776 29
      vertex 27.853 -28.776 26
    endloop
  endfacet
  facet normal -0.831509 0.555512 0
    outer loop
      vertex 27.853 -28.776 29
      vertex 27.4897 -29.3198 26
      vertex 27.4897 -29.3198 29
    endloop
  endfacet
  facet normal 0.0654432 -0.997856 0
    outer loop
      vertex 31.8198 -36.8198 26
      vertex 32.4724 -36.777 29
      vertex 31.8198 -36.8198 29
    endloop
  endfacet
  facet normal 0.0654432 -0.997856 0
    outer loop
      vertex 32.4724 -36.777 29
      vertex 31.8198 -36.8198 26
      vertex 32.4724 -36.777 26
    endloop
  endfacet
  facet normal 0.946941 -0.321407 0
    outer loop
      vertex 36.4392 -33.7332 29
      vertex 36.6494 -33.1139 26
      vertex 36.6494 -33.1139 29
    endloop
  endfacet
  facet normal 0.946941 -0.321407 0
    outer loop
      vertex 36.6494 -33.1139 26
      vertex 36.4392 -33.7332 29
      vertex 36.4392 -33.7332 26
    endloop
  endfacet
  facet normal 0.659424 -0.751771 0
    outer loop
      vertex 34.8636 -35.7866 26
      vertex 35.3553 -35.3553 29
      vertex 34.8636 -35.7866 29
    endloop
  endfacet
  facet normal 0.659424 -0.751771 0
    outer loop
      vertex 35.3553 -35.3553 29
      vertex 34.8636 -35.7866 26
      vertex 35.3553 -35.3553 26
    endloop
  endfacet
  facet normal 0.195087 -0.980786 0
    outer loop
      vertex 32.4724 -36.777 26
      vertex 33.1139 -36.6494 29
      vertex 32.4724 -36.777 29
    endloop
  endfacet
  facet normal 0.195087 -0.980786 0
    outer loop
      vertex 33.1139 -36.6494 29
      vertex 32.4724 -36.777 26
      vertex 33.1139 -36.6494 26
    endloop
  endfacet
  facet normal 0.555512 -0.831509 0
    outer loop
      vertex 34.3198 -36.1499 26
      vertex 34.8636 -35.7866 29
      vertex 34.3198 -36.1499 29
    endloop
  endfacet
  facet normal 0.555512 -0.831509 0
    outer loop
      vertex 34.8636 -35.7866 29
      vertex 34.3198 -36.1499 26
      vertex 34.8636 -35.7866 26
    endloop
  endfacet
  facet normal -0.555512 0.831509 0
    outer loop
      vertex 29.3198 -27.4897 26
      vertex 28.776 -27.853 29
      vertex 29.3198 -27.4897 29
    endloop
  endfacet
  facet normal -0.555512 0.831509 0
    outer loop
      vertex 28.776 -27.853 29
      vertex 29.3198 -27.4897 26
      vertex 28.776 -27.853 26
    endloop
  endfacet
  facet normal 0.89686 0.442314 0
    outer loop
      vertex 36.4392 -29.9064 29
      vertex 36.1499 -29.3198 26
      vertex 36.1499 -29.3198 29
    endloop
  endfacet
  facet normal 0.89686 0.442314 0
    outer loop
      vertex 36.1499 -29.3198 26
      vertex 36.4392 -29.9064 29
      vertex 36.4392 -29.9064 26
    endloop
  endfacet
  facet normal 0.89686 -0.442314 0
    outer loop
      vertex 36.1499 -34.3198 29
      vertex 36.4392 -33.7332 26
      vertex 36.4392 -33.7332 29
    endloop
  endfacet
  facet normal 0.89686 -0.442314 0
    outer loop
      vertex 36.4392 -33.7332 26
      vertex 36.1499 -34.3198 29
      vertex 36.1499 -34.3198 26
    endloop
  endfacet
  facet normal -0.997856 -0.0654432 0
    outer loop
      vertex 26.8626 -32.4724 26
      vertex 26.8198 -31.8198 29
      vertex 26.8198 -31.8198 26
    endloop
  endfacet
  facet normal -0.997856 -0.0654432 0
    outer loop
      vertex 26.8198 -31.8198 29
      vertex 26.8626 -32.4724 26
      vertex 26.8626 -32.4724 29
    endloop
  endfacet
  facet normal -0.946941 -0.321407 0
    outer loop
      vertex 27.2004 -33.7332 26
      vertex 26.9902 -33.1139 29
      vertex 26.9902 -33.1139 26
    endloop
  endfacet
  facet normal -0.946941 -0.321407 0
    outer loop
      vertex 26.9902 -33.1139 29
      vertex 27.2004 -33.7332 26
      vertex 27.2004 -33.7332 29
    endloop
  endfacet
  facet normal -0.831509 -0.555512 0
    outer loop
      vertex 27.853 -34.8636 26
      vertex 27.4897 -34.3198 29
      vertex 27.4897 -34.3198 26
    endloop
  endfacet
  facet normal -0.831509 -0.555512 0
    outer loop
      vertex 27.4897 -34.3198 29
      vertex 27.853 -34.8636 26
      vertex 27.853 -34.8636 29
    endloop
  endfacet
  facet normal -0.659424 0.751771 0
    outer loop
      vertex 28.776 -27.853 26
      vertex 28.2843 -28.2843 29
      vertex 28.776 -27.853 29
    endloop
  endfacet
  facet normal -0.659424 0.751771 0
    outer loop
      vertex 28.2843 -28.2843 29
      vertex 28.776 -27.853 26
      vertex 28.2843 -28.2843 26
    endloop
  endfacet
  facet normal -0.659424 -0.751771 0
    outer loop
      vertex 28.2843 -35.3553 26
      vertex 28.776 -35.7866 29
      vertex 28.2843 -35.3553 29
    endloop
  endfacet
  facet normal -0.659424 -0.751771 -0
    outer loop
      vertex 28.776 -35.7866 29
      vertex 28.2843 -35.3553 26
      vertex 28.776 -35.7866 26
    endloop
  endfacet
  facet normal 0.831509 0.555512 0
    outer loop
      vertex 36.1499 -29.3198 29
      vertex 35.7866 -28.776 26
      vertex 35.7866 -28.776 29
    endloop
  endfacet
  facet normal 0.831509 0.555512 0
    outer loop
      vertex 35.7866 -28.776 26
      vertex 36.1499 -29.3198 29
      vertex 36.1499 -29.3198 26
    endloop
  endfacet
  facet normal -0.751771 -0.659424 0
    outer loop
      vertex 28.2843 -35.3553 26
      vertex 27.853 -34.8636 29
      vertex 27.853 -34.8636 26
    endloop
  endfacet
  facet normal -0.751771 -0.659424 0
    outer loop
      vertex 27.853 -34.8636 29
      vertex 28.2843 -35.3553 26
      vertex 28.2843 -35.3553 29
    endloop
  endfacet
  facet normal -0.980786 0.195087 0
    outer loop
      vertex 26.8626 -31.1672 26
      vertex 26.9902 -30.5257 29
      vertex 26.9902 -30.5257 26
    endloop
  endfacet
  facet normal -0.980786 0.195087 0
    outer loop
      vertex 26.9902 -30.5257 29
      vertex 26.8626 -31.1672 26
      vertex 26.8626 -31.1672 29
    endloop
  endfacet
  facet normal 0.751771 -0.659424 0
    outer loop
      vertex 35.3553 -35.3553 29
      vertex 35.7866 -34.8636 26
      vertex 35.7866 -34.8636 29
    endloop
  endfacet
  facet normal 0.751771 -0.659424 0
    outer loop
      vertex 35.7866 -34.8636 26
      vertex 35.3553 -35.3553 29
      vertex 35.3553 -35.3553 26
    endloop
  endfacet
  facet normal 0.555512 0.831509 -0
    outer loop
      vertex 34.8636 -27.853 26
      vertex 34.3198 -27.4897 29
      vertex 34.8636 -27.853 29
    endloop
  endfacet
  facet normal 0.555512 0.831509 0
    outer loop
      vertex 34.3198 -27.4897 29
      vertex 34.8636 -27.853 26
      vertex 34.3198 -27.4897 26
    endloop
  endfacet
  facet normal 0.0654432 0.997856 -0
    outer loop
      vertex 32.4724 -26.8626 26
      vertex 31.8198 -26.8198 29
      vertex 32.4724 -26.8626 29
    endloop
  endfacet
  facet normal 0.0654432 0.997856 0
    outer loop
      vertex 31.8198 -26.8198 29
      vertex 32.4724 -26.8626 26
      vertex 31.8198 -26.8198 26
    endloop
  endfacet
  facet normal 0.997856 -0.0654432 0
    outer loop
      vertex 36.777 -32.4724 29
      vertex 36.8198 -31.8198 26
      vertex 36.8198 -31.8198 29
    endloop
  endfacet
  facet normal 0.997856 -0.0654432 0
    outer loop
      vertex 36.8198 -31.8198 26
      vertex 36.777 -32.4724 29
      vertex 36.777 -32.4724 26
    endloop
  endfacet
  facet normal 0.321407 -0.946941 0
    outer loop
      vertex 33.1139 -36.6494 26
      vertex 33.7332 -36.4392 29
      vertex 33.1139 -36.6494 29
    endloop
  endfacet
  facet normal 0.321407 -0.946941 0
    outer loop
      vertex 33.7332 -36.4392 29
      vertex 33.1139 -36.6494 26
      vertex 33.7332 -36.4392 26
    endloop
  endfacet
  facet normal -0.195087 0.980786 0
    outer loop
      vertex 31.1672 -26.8626 26
      vertex 30.5257 -26.9902 29
      vertex 31.1672 -26.8626 29
    endloop
  endfacet
  facet normal -0.195087 0.980786 0
    outer loop
      vertex 30.5257 -26.9902 29
      vertex 31.1672 -26.8626 26
      vertex 30.5257 -26.9902 26
    endloop
  endfacet
  facet normal 0.442314 0.89686 -0
    outer loop
      vertex 34.3198 -27.4897 26
      vertex 33.7332 -27.2004 29
      vertex 34.3198 -27.4897 29
    endloop
  endfacet
  facet normal 0.442314 0.89686 0
    outer loop
      vertex 33.7332 -27.2004 29
      vertex 34.3198 -27.4897 26
      vertex 33.7332 -27.2004 26
    endloop
  endfacet
  facet normal -0.0654432 -0.997856 0
    outer loop
      vertex 31.1672 -36.777 26
      vertex 31.8198 -36.8198 29
      vertex 31.1672 -36.777 29
    endloop
  endfacet
  facet normal -0.0654432 -0.997856 -0
    outer loop
      vertex 31.8198 -36.8198 29
      vertex 31.1672 -36.777 26
      vertex 31.8198 -36.8198 26
    endloop
  endfacet
  facet normal 0.442314 -0.89686 0
    outer loop
      vertex 33.7332 -36.4392 26
      vertex 34.3198 -36.1499 29
      vertex 33.7332 -36.4392 29
    endloop
  endfacet
  facet normal 0.442314 -0.89686 0
    outer loop
      vertex 34.3198 -36.1499 29
      vertex 33.7332 -36.4392 26
      vertex 34.3198 -36.1499 26
    endloop
  endfacet
  facet normal 0.321407 0.946941 -0
    outer loop
      vertex 33.7332 -27.2004 26
      vertex 33.1139 -26.9902 29
      vertex 33.7332 -27.2004 29
    endloop
  endfacet
  facet normal 0.321407 0.946941 0
    outer loop
      vertex 33.1139 -26.9902 29
      vertex 33.7332 -27.2004 26
      vertex 33.1139 -26.9902 26
    endloop
  endfacet
  facet normal -0.321407 -0.946941 0
    outer loop
      vertex 29.9064 -36.4392 26
      vertex 30.5257 -36.6494 29
      vertex 29.9064 -36.4392 29
    endloop
  endfacet
  facet normal -0.321407 -0.946941 -0
    outer loop
      vertex 30.5257 -36.6494 29
      vertex 29.9064 -36.4392 26
      vertex 30.5257 -36.6494 26
    endloop
  endfacet
  facet normal 0.195087 0.980786 -0
    outer loop
      vertex 33.1139 -26.9902 26
      vertex 32.4724 -26.8626 29
      vertex 33.1139 -26.9902 29
    endloop
  endfacet
  facet normal 0.195087 0.980786 0
    outer loop
      vertex 32.4724 -26.8626 29
      vertex 33.1139 -26.9902 26
      vertex 32.4724 -26.8626 26
    endloop
  endfacet
  facet normal 0.659424 0.751771 -0
    outer loop
      vertex 35.3553 -28.2843 26
      vertex 34.8636 -27.853 29
      vertex 35.3553 -28.2843 29
    endloop
  endfacet
  facet normal 0.659424 0.751771 0
    outer loop
      vertex 34.8636 -27.853 29
      vertex 35.3553 -28.2843 26
      vertex 34.8636 -27.853 26
    endloop
  endfacet
  facet normal -0.980786 -0.195087 0
    outer loop
      vertex 26.9902 -33.1139 26
      vertex 26.8626 -32.4724 29
      vertex 26.8626 -32.4724 26
    endloop
  endfacet
  facet normal -0.980786 -0.195087 0
    outer loop
      vertex 26.8626 -32.4724 29
      vertex 26.9902 -33.1139 26
      vertex 26.9902 -33.1139 29
    endloop
  endfacet
  facet normal 0.751771 0.659424 0
    outer loop
      vertex 35.7866 -28.776 29
      vertex 35.3553 -28.2843 26
      vertex 35.3553 -28.2843 29
    endloop
  endfacet
  facet normal 0.751771 0.659424 0
    outer loop
      vertex 35.3553 -28.2843 26
      vertex 35.7866 -28.776 29
      vertex 35.7866 -28.776 26
    endloop
  endfacet
  facet normal -0.751771 0.659424 0
    outer loop
      vertex 27.853 -28.776 26
      vertex 28.2843 -28.2843 29
      vertex 28.2843 -28.2843 26
    endloop
  endfacet
  facet normal -0.751771 0.659424 0
    outer loop
      vertex 28.2843 -28.2843 29
      vertex 27.853 -28.776 26
      vertex 27.853 -28.776 29
    endloop
  endfacet
  facet normal 0.946941 0.321407 0
    outer loop
      vertex 36.6494 -30.5257 29
      vertex 36.4392 -29.9064 26
      vertex 36.4392 -29.9064 29
    endloop
  endfacet
  facet normal 0.946941 0.321407 0
    outer loop
      vertex 36.4392 -29.9064 26
      vertex 36.6494 -30.5257 29
      vertex 36.6494 -30.5257 26
    endloop
  endfacet
  facet normal -0.442314 0.89686 0
    outer loop
      vertex 29.9064 -27.2004 26
      vertex 29.3198 -27.4897 29
      vertex 29.9064 -27.2004 29
    endloop
  endfacet
  facet normal -0.442314 0.89686 0
    outer loop
      vertex 29.3198 -27.4897 29
      vertex 29.9064 -27.2004 26
      vertex 29.3198 -27.4897 26
    endloop
  endfacet
  facet normal 0.831509 -0.555512 0
    outer loop
      vertex 35.7866 -34.8636 29
      vertex 36.1499 -34.3198 26
      vertex 36.1499 -34.3198 29
    endloop
  endfacet
  facet normal 0.831509 -0.555512 0
    outer loop
      vertex 36.1499 -34.3198 26
      vertex 35.7866 -34.8636 29
      vertex 35.7866 -34.8636 26
    endloop
  endfacet
  facet normal -0.555512 -0.831509 0
    outer loop
      vertex 28.776 -35.7866 26
      vertex 29.3198 -36.1499 29
      vertex 28.776 -35.7866 29
    endloop
  endfacet
  facet normal -0.555512 -0.831509 -0
    outer loop
      vertex 29.3198 -36.1499 29
      vertex 28.776 -35.7866 26
      vertex 29.3198 -36.1499 26
    endloop
  endfacet
  facet normal -0.0654432 0.997856 0
    outer loop
      vertex 31.8198 -26.8198 26
      vertex 31.1672 -26.8626 29
      vertex 31.8198 -26.8198 29
    endloop
  endfacet
  facet normal -0.0654432 0.997856 0
    outer loop
      vertex 31.1672 -26.8626 29
      vertex 31.8198 -26.8198 26
      vertex 31.1672 -26.8626 26
    endloop
  endfacet
  facet normal -0.89686 -0.442314 0
    outer loop
      vertex 27.4897 -34.3198 26
      vertex 27.2004 -33.7332 29
      vertex 27.2004 -33.7332 26
    endloop
  endfacet
  facet normal -0.89686 -0.442314 0
    outer loop
      vertex 27.2004 -33.7332 29
      vertex 27.4897 -34.3198 26
      vertex 27.4897 -34.3198 29
    endloop
  endfacet
  facet normal -0.997856 0.0654432 0
    outer loop
      vertex 26.8198 -31.8198 26
      vertex 26.8626 -31.1672 29
      vertex 26.8626 -31.1672 26
    endloop
  endfacet
  facet normal -0.997856 0.0654432 0
    outer loop
      vertex 26.8626 -31.1672 29
      vertex 26.8198 -31.8198 26
      vertex 26.8198 -31.8198 29
    endloop
  endfacet
  facet normal -0.946941 0.321407 0
    outer loop
      vertex 26.9902 -30.5257 26
      vertex 27.2004 -29.9064 29
      vertex 27.2004 -29.9064 26
    endloop
  endfacet
  facet normal -0.946941 0.321407 0
    outer loop
      vertex 27.2004 -29.9064 29
      vertex 26.9902 -30.5257 26
      vertex 26.9902 -30.5257 29
    endloop
  endfacet
  facet normal 0 0 1
    outer loop
      vertex 36.777 -31.1672 29
      vertex 36.777 -32.4724 29
      vertex 36.8198 -31.8198 29
    endloop
  endfacet
  facet normal 0 0 1
    outer loop
      vertex 36.6494 -30.5257 29
      vertex 36.777 -32.4724 29
      vertex 36.777 -31.1672 29
    endloop
  endfacet
  facet normal 0 0 1
    outer loop
      vertex 36.6494 -30.5257 29
      vertex 36.6494 -33.1139 29
      vertex 36.777 -32.4724 29
    endloop
  endfacet
  facet normal 0 0 1
    outer loop
      vertex 36.4392 -29.9064 29
      vertex 36.6494 -33.1139 29
      vertex 36.6494 -30.5257 29
    endloop
  endfacet
  facet normal 0 0 1
    outer loop
      vertex 36.4392 -29.9064 29
      vertex 36.4392 -33.7332 29
      vertex 36.6494 -33.1139 29
    endloop
  endfacet
  facet normal 0 0 1
    outer loop
      vertex 36.1499 -29.3198 29
      vertex 36.4392 -33.7332 29
      vertex 36.4392 -29.9064 29
    endloop
  endfacet
  facet normal 0 0 1
    outer loop
      vertex 36.1499 -29.3198 29
      vertex 36.1499 -34.3198 29
      vertex 36.4392 -33.7332 29
    endloop
  endfacet
  facet normal 0 0 1
    outer loop
      vertex 35.7866 -28.776 29
      vertex 36.1499 -34.3198 29
      vertex 36.1499 -29.3198 29
    endloop
  endfacet
  facet normal 0 0 1
    outer loop
      vertex 35.7866 -28.776 29
      vertex 35.7866 -34.8636 29
      vertex 36.1499 -34.3198 29
    endloop
  endfacet
  facet normal 0 0 1
    outer loop
      vertex 35.3553 -28.2843 29
      vertex 35.7866 -34.8636 29
      vertex 35.7866 -28.776 29
    endloop
  endfacet
  facet normal 0 0 1
    outer loop
      vertex 35.3553 -28.2843 29
      vertex 35.3553 -35.3553 29
      vertex 35.7866 -34.8636 29
    endloop
  endfacet
  facet normal 0 0 1
    outer loop
      vertex 34.8636 -27.853 29
      vertex 35.3553 -35.3553 29
      vertex 35.3553 -28.2843 29
    endloop
  endfacet
  facet normal 0 0 1
    outer loop
      vertex 34.8636 -27.853 29
      vertex 34.8636 -35.7866 29
      vertex 35.3553 -35.3553 29
    endloop
  endfacet
  facet normal 0 0 1
    outer loop
      vertex 34.3198 -27.4897 29
      vertex 34.8636 -35.7866 29
      vertex 34.8636 -27.853 29
    endloop
  endfacet
  facet normal 0 0 1
    outer loop
      vertex 34.3198 -27.4897 29
      vertex 34.3198 -36.1499 29
      vertex 34.8636 -35.7866 29
    endloop
  endfacet
  facet normal 0 0 1
    outer loop
      vertex 33.7332 -27.2004 29
      vertex 34.3198 -36.1499 29
      vertex 34.3198 -27.4897 29
    endloop
  endfacet
  facet normal 0 0 1
    outer loop
      vertex 33.7332 -27.2004 29
      vertex 33.7332 -36.4392 29
      vertex 34.3198 -36.1499 29
    endloop
  endfacet
  facet normal 0 0 1
    outer loop
      vertex 33.1139 -26.9902 29
      vertex 33.7332 -36.4392 29
      vertex 33.7332 -27.2004 29
    endloop
  endfacet
  facet normal 0 0 1
    outer loop
      vertex 33.1139 -26.9902 29
      vertex 33.1139 -36.6494 29
      vertex 33.7332 -36.4392 29
    endloop
  endfacet
  facet normal 0 0 1
    outer loop
      vertex 32.4724 -26.8626 29
      vertex 33.1139 -36.6494 29
      vertex 33.1139 -26.9902 29
    endloop
  endfacet
  facet normal 0 0 1
    outer loop
      vertex 32.4724 -26.8626 29
      vertex 32.4724 -36.777 29
      vertex 33.1139 -36.6494 29
    endloop
  endfacet
  facet normal 0 0 1
    outer loop
      vertex 31.8198 -26.8198 29
      vertex 32.4724 -36.777 29
      vertex 32.4724 -26.8626 29
    endloop
  endfacet
  facet normal 0 0 1
    outer loop
      vertex 31.8198 -26.8198 29
      vertex 31.8198 -36.8198 29
      vertex 32.4724 -36.777 29
    endloop
  endfacet
  facet normal -0 0 1
    outer loop
      vertex 31.1672 -26.8626 29
      vertex 31.8198 -36.8198 29
      vertex 31.8198 -26.8198 29
    endloop
  endfacet
  facet normal 0 0 1
    outer loop
      vertex 31.1672 -26.8626 29
      vertex 31.1672 -36.777 29
      vertex 31.8198 -36.8198 29
    endloop
  endfacet
  facet normal -0 0 1
    outer loop
      vertex 30.5257 -26.9902 29
      vertex 31.1672 -36.777 29
      vertex 31.1672 -26.8626 29
    endloop
  endfacet
  facet normal 0 0 1
    outer loop
      vertex 30.5257 -26.9902 29
      vertex 30.5257 -36.6494 29
      vertex 31.1672 -36.777 29
    endloop
  endfacet
  facet normal -0 0 1
    outer loop
      vertex 29.9064 -27.2004 29
      vertex 30.5257 -36.6494 29
      vertex 30.5257 -26.9902 29
    endloop
  endfacet
  facet normal 0 0 1
    outer loop
      vertex 29.9064 -27.2004 29
      vertex 29.9064 -36.4392 29
      vertex 30.5257 -36.6494 29
    endloop
  endfacet
  facet normal -0 0 1
    outer loop
      vertex 29.3198 -27.4897 29
      vertex 29.9064 -36.4392 29
      vertex 29.9064 -27.2004 29
    endloop
  endfacet
  facet normal 0 0 1
    outer loop
      vertex 29.3198 -27.4897 29
      vertex 29.3198 -36.1499 29
      vertex 29.9064 -36.4392 29
    endloop
  endfacet
  facet normal -0 0 1
    outer loop
      vertex 28.776 -27.853 29
      vertex 29.3198 -36.1499 29
      vertex 29.3198 -27.4897 29
    endloop
  endfacet
  facet normal 0 0 1
    outer loop
      vertex 28.776 -27.853 29
      vertex 28.776 -35.7866 29
      vertex 29.3198 -36.1499 29
    endloop
  endfacet
  facet normal -0 0 1
    outer loop
      vertex 28.2843 -28.2843 29
      vertex 28.776 -35.7866 29
      vertex 28.776 -27.853 29
    endloop
  endfacet
  facet normal 0 0 1
    outer loop
      vertex 28.2843 -28.2843 29
      vertex 28.2843 -35.3553 29
      vertex 28.776 -35.7866 29
    endloop
  endfacet
  facet normal -0 0 1
    outer loop
      vertex 27.853 -28.776 29
      vertex 28.2843 -35.3553 29
      vertex 28.2843 -28.2843 29
    endloop
  endfacet
  facet normal 0 0 1
    outer loop
      vertex 27.853 -28.776 29
      vertex 27.853 -34.8636 29
      vertex 28.2843 -35.3553 29
    endloop
  endfacet
  facet normal -0 0 1
    outer loop
      vertex 27.4897 -29.3198 29
      vertex 27.853 -34.8636 29
      vertex 27.853 -28.776 29
    endloop
  endfacet
  facet normal 0 0 1
    outer loop
      vertex 27.4897 -29.3198 29
      vertex 27.4897 -34.3198 29
      vertex 27.853 -34.8636 29
    endloop
  endfacet
  facet normal -0 0 1
    outer loop
      vertex 27.2004 -29.9064 29
      vertex 27.4897 -34.3198 29
      vertex 27.4897 -29.3198 29
    endloop
  endfacet
  facet normal 0 0 1
    outer loop
      vertex 27.2004 -29.9064 29
      vertex 27.2004 -33.7332 29
      vertex 27.4897 -34.3198 29
    endloop
  endfacet
  facet normal -0 0 1
    outer loop
      vertex 26.9902 -30.5257 29
      vertex 27.2004 -33.7332 29
      vertex 27.2004 -29.9064 29
    endloop
  endfacet
  facet normal 0 0 1
    outer loop
      vertex 26.9902 -30.5257 29
      vertex 26.9902 -33.1139 29
      vertex 27.2004 -33.7332 29
    endloop
  endfacet
  facet normal -0 0 1
    outer loop
      vertex 26.8626 -31.1672 29
      vertex 26.9902 -33.1139 29
      vertex 26.9902 -30.5257 29
    endloop
  endfacet
  facet normal 0 0 1
    outer loop
      vertex 26.8626 -31.1672 29
      vertex 26.8626 -32.4724 29
      vertex 26.9902 -33.1139 29
    endloop
  endfacet
  facet normal 0 -0 1
    outer loop
      vertex 26.8626 -32.4724 29
      vertex 26.8626 -31.1672 29
      vertex 26.8198 -31.8198 29
    endloop
  endfacet
  facet normal -0.89686 0.442314 0
    outer loop
      vertex 27.2004 -29.9064 26
      vertex 27.4897 -29.3198 29
      vertex 27.4897 -29.3198 26
    endloop
  endfacet
  facet normal -0.89686 0.442314 0
    outer loop
      vertex 27.4897 -29.3198 29
      vertex 27.2004 -29.9064 26
      vertex 27.2004 -29.9064 29
    endloop
  endfacet
  facet normal 0.989176 0.146736 0
    outer loop
      vertex 17.9133 1.76431 3
      vertex 17.6541 3.51163 -3
      vertex 17.6541 3.51163 3
    endloop
  endfacet
  facet normal 0.989176 0.146736 0
    outer loop
      vertex 17.6541 3.51163 -3
      vertex 17.9133 1.76431 3
      vertex 17.9133 1.76431 -3
    endloop
  endfacet
  facet normal 0.998795 0.0490818 0
    outer loop
      vertex 18 0 3
      vertex 17.9133 1.76431 -3
      vertex 17.9133 1.76431 3
    endloop
  endfacet
  facet normal 0.998795 0.0490818 0
    outer loop
      vertex 17.9133 1.76431 -3
      vertex 18 0 3
      vertex 18 0 -3
    endloop
  endfacet
  facet normal 0.970032 0.242977 0
    outer loop
      vertex 17.6541 3.51163 3
      vertex 17.2249 5.22512 -3
      vertex 17.2249 5.22512 3
    endloop
  endfacet
  facet normal 0.970032 0.242977 0
    outer loop
      vertex 17.2249 5.22512 -3
      vertex 17.6541 3.51163 3
      vertex 17.6541 3.51163 -3
    endloop
  endfacet
  facet normal 0.336892 -0.941543 0
    outer loop
      vertex 5.22512 -17.2249 -3
      vertex 6.8883 -16.6298 3
      vertex 5.22512 -17.2249 3
    endloop
  endfacet
  facet normal 0.336892 -0.941543 0
    outer loop
      vertex 6.8883 -16.6298 3
      vertex 5.22512 -17.2249 -3
      vertex 6.8883 -16.6298 -3
    endloop
  endfacet
  facet normal 0.671582 0.740931 -0
    outer loop
      vertex 12.7279 12.7279 -3
      vertex 11.4191 13.9142 3
      vertex 12.7279 12.7279 3
    endloop
  endfacet
  facet normal 0.671582 0.740931 0
    outer loop
      vertex 11.4191 13.9142 3
      vertex 12.7279 12.7279 -3
      vertex 11.4191 13.9142 -3
    endloop
  endfacet
  facet normal 0.941543 0.336892 0
    outer loop
      vertex 17.2249 5.22512 3
      vertex 16.6298 6.8883 -3
      vertex 16.6298 6.8883 3
    endloop
  endfacet
  facet normal 0.941543 0.336892 0
    outer loop
      vertex 16.6298 6.8883 -3
      vertex 17.2249 5.22512 3
      vertex 17.2249 5.22512 -3
    endloop
  endfacet
  facet normal -0.514081 -0.857742 0
    outer loop
      vertex -10.0003 -14.9665 -3
      vertex -8.48514 -15.8746 3
      vertex -10.0003 -14.9665 3
    endloop
  endfacet
  facet normal -0.514081 -0.857742 -0
    outer loop
      vertex -8.48514 -15.8746 3
      vertex -10.0003 -14.9665 -3
      vertex -8.48514 -15.8746 -3
    endloop
  endfacet
  facet normal 0.740931 0.671582 0
    outer loop
      vertex 13.9142 11.4191 3
      vertex 12.7279 12.7279 -3
      vertex 12.7279 12.7279 3
    endloop
  endfacet
  facet normal 0.740931 0.671582 0
    outer loop
      vertex 12.7279 12.7279 -3
      vertex 13.9142 11.4191 3
      vertex 13.9142 11.4191 -3
    endloop
  endfacet
  facet normal 0.514081 -0.857742 0
    outer loop
      vertex 8.48514 -15.8746 -3
      vertex 10.0003 -14.9665 3
      vertex 8.48514 -15.8746 3
    endloop
  endfacet
  facet normal 0.514081 -0.857742 0
    outer loop
      vertex 10.0003 -14.9665 3
      vertex 8.48514 -15.8746 -3
      vertex 10.0003 -14.9665 -3
    endloop
  endfacet
  facet normal -0.427532 0.904 0
    outer loop
      vertex -6.8883 16.6298 -3
      vertex -8.48514 15.8746 3
      vertex -6.8883 16.6298 3
    endloop
  endfacet
  facet normal -0.427532 0.904 0
    outer loop
      vertex -8.48514 15.8746 3
      vertex -6.8883 16.6298 -3
      vertex -8.48514 15.8746 -3
    endloop
  endfacet
  facet normal 0.989176 -0.146736 0
    outer loop
      vertex 17.6541 -3.51163 3
      vertex 17.9133 -1.76431 -3
      vertex 17.9133 -1.76431 3
    endloop
  endfacet
  facet normal 0.989176 -0.146736 0
    outer loop
      vertex 17.9133 -1.76431 -3
      vertex 17.6541 -3.51163 3
      vertex 17.6541 -3.51163 -3
    endloop
  endfacet
  facet normal 0.242977 -0.970032 0
    outer loop
      vertex 3.51163 -17.6541 -3
      vertex 5.22512 -17.2249 3
      vertex 3.51163 -17.6541 3
    endloop
  endfacet
  facet normal 0.242977 -0.970032 0
    outer loop
      vertex 5.22512 -17.2249 3
      vertex 3.51163 -17.6541 -3
      vertex 5.22512 -17.2249 -3
    endloop
  endfacet
  facet normal -0.242977 0.970032 0
    outer loop
      vertex -3.51163 17.6541 -3
      vertex -5.22512 17.2249 3
      vertex -3.51163 17.6541 3
    endloop
  endfacet
  facet normal -0.242977 0.970032 0
    outer loop
      vertex -5.22512 17.2249 3
      vertex -3.51163 17.6541 -3
      vertex -5.22512 17.2249 -3
    endloop
  endfacet
  facet normal -0.941543 -0.336892 0
    outer loop
      vertex -16.6298 -6.8883 -3
      vertex -17.2249 -5.22512 3
      vertex -17.2249 -5.22512 -3
    endloop
  endfacet
  facet normal -0.941543 -0.336892 0
    outer loop
      vertex -17.2249 -5.22512 3
      vertex -16.6298 -6.8883 -3
      vertex -16.6298 -6.8883 3
    endloop
  endfacet
  facet normal 0.803195 -0.595716 0
    outer loop
      vertex 13.9142 -11.4191 3
      vertex 14.9665 -10.0003 -3
      vertex 14.9665 -10.0003 3
    endloop
  endfacet
  facet normal 0.803195 -0.595716 0
    outer loop
      vertex 14.9665 -10.0003 -3
      vertex 13.9142 -11.4191 3
      vertex 13.9142 -11.4191 -3
    endloop
  endfacet
  facet normal -0.514081 0.857742 0
    outer loop
      vertex -8.48514 15.8746 -3
      vertex -10.0003 14.9665 3
      vertex -8.48514 15.8746 3
    endloop
  endfacet
  facet normal -0.514081 0.857742 0
    outer loop
      vertex -10.0003 14.9665 3
      vertex -8.48514 15.8746 -3
      vertex -10.0003 14.9665 -3
    endloop
  endfacet
  facet normal -0.146736 -0.989176 0
    outer loop
      vertex -3.51163 -17.6541 -3
      vertex -1.76431 -17.9133 3
      vertex -3.51163 -17.6541 3
    endloop
  endfacet
  facet normal -0.146736 -0.989176 -0
    outer loop
      vertex -1.76431 -17.9133 3
      vertex -3.51163 -17.6541 -3
      vertex -1.76431 -17.9133 -3
    endloop
  endfacet
  facet normal 0.595716 -0.803195 0
    outer loop
      vertex 10.0003 -14.9665 -3
      vertex 11.4191 -13.9142 3
      vertex 10.0003 -14.9665 3
    endloop
  endfacet
  facet normal 0.595716 -0.803195 0
    outer loop
      vertex 11.4191 -13.9142 3
      vertex 10.0003 -14.9665 -3
      vertex 11.4191 -13.9142 -3
    endloop
  endfacet
  facet normal -0.242977 -0.970032 0
    outer loop
      vertex -5.22512 -17.2249 -3
      vertex -3.51163 -17.6541 3
      vertex -5.22512 -17.2249 3
    endloop
  endfacet
  facet normal -0.242977 -0.970032 -0
    outer loop
      vertex -3.51163 -17.6541 3
      vertex -5.22512 -17.2249 -3
      vertex -3.51163 -17.6541 -3
    endloop
  endfacet
  facet normal 0.904 -0.427532 0
    outer loop
      vertex 15.8746 -8.48514 3
      vertex 16.6298 -6.8883 -3
      vertex 16.6298 -6.8883 3
    endloop
  endfacet
  facet normal 0.904 -0.427532 0
    outer loop
      vertex 16.6298 -6.8883 -3
      vertex 15.8746 -8.48514 3
      vertex 15.8746 -8.48514 -3
    endloop
  endfacet
  facet normal 0.514081 0.857742 -0
    outer loop
      vertex 10.0003 14.9665 -3
      vertex 8.48514 15.8746 3
      vertex 10.0003 14.9665 3
    endloop
  endfacet
  facet normal 0.514081 0.857742 0
    outer loop
      vertex 8.48514 15.8746 3
      vertex 10.0003 14.9665 -3
      vertex 8.48514 15.8746 -3
    endloop
  endfacet
  facet normal -0.857742 -0.514081 0
    outer loop
      vertex -14.9665 -10.0003 -3
      vertex -15.8746 -8.48514 3
      vertex -15.8746 -8.48514 -3
    endloop
  endfacet
  facet normal -0.857742 -0.514081 0
    outer loop
      vertex -15.8746 -8.48514 3
      vertex -14.9665 -10.0003 -3
      vertex -14.9665 -10.0003 3
    endloop
  endfacet
  facet normal 0.970032 -0.242977 0
    outer loop
      vertex 17.2249 -5.22512 3
      vertex 17.6541 -3.51163 -3
      vertex 17.6541 -3.51163 3
    endloop
  endfacet
  facet normal 0.970032 -0.242977 0
    outer loop
      vertex 17.6541 -3.51163 -3
      vertex 17.2249 -5.22512 3
      vertex 17.2249 -5.22512 -3
    endloop
  endfacet
  facet normal -0.857742 0.514081 0
    outer loop
      vertex -15.8746 8.48514 -3
      vertex -14.9665 10.0003 3
      vertex -14.9665 10.0003 -3
    endloop
  endfacet
  facet normal -0.857742 0.514081 0
    outer loop
      vertex -14.9665 10.0003 3
      vertex -15.8746 8.48514 -3
      vertex -15.8746 8.48514 3
    endloop
  endfacet
  facet normal 0 0 -1
    outer loop
      vertex 17.9133 -1.76431 -3
      vertex 17.9133 1.76431 -3
      vertex 18 0 -3
    endloop
  endfacet
  facet normal 0 0 -1
    outer loop
      vertex 17.6541 -3.51163 -3
      vertex 17.9133 1.76431 -3
      vertex 17.9133 -1.76431 -3
    endloop
  endfacet
  facet normal 0 0 -1
    outer loop
      vertex 17.6541 -3.51163 -3
      vertex 17.6541 3.51163 -3
      vertex 17.9133 1.76431 -3
    endloop
  endfacet
  facet normal 0 0 -1
    outer loop
      vertex 17.2249 -5.22512 -3
      vertex 17.6541 3.51163 -3
      vertex 17.6541 -3.51163 -3
    endloop
  endfacet
  facet normal 0 0 -1
    outer loop
      vertex 17.2249 -5.22512 -3
      vertex 17.2249 5.22512 -3
      vertex 17.6541 3.51163 -3
    endloop
  endfacet
  facet normal 0 0 -1
    outer loop
      vertex 16.6298 -6.8883 -3
      vertex 17.2249 5.22512 -3
      vertex 17.2249 -5.22512 -3
    endloop
  endfacet
  facet normal 0 0 -1
    outer loop
      vertex 16.6298 -6.8883 -3
      vertex 16.6298 6.8883 -3
      vertex 17.2249 5.22512 -3
    endloop
  endfacet
  facet normal 0 0 -1
    outer loop
      vertex 15.8746 -8.48514 -3
      vertex 16.6298 6.8883 -3
      vertex 16.6298 -6.8883 -3
    endloop
  endfacet
  facet normal 0 0 -1
    outer loop
      vertex 15.8746 -8.48514 -3
      vertex 15.8746 8.48514 -3
      vertex 16.6298 6.8883 -3
    endloop
  endfacet
  facet normal 0 0 -1
    outer loop
      vertex 14.9665 -10.0003 -3
      vertex 15.8746 8.48514 -3
      vertex 15.8746 -8.48514 -3
    endloop
  endfacet
  facet normal 0 0 -1
    outer loop
      vertex 14.9665 -10.0003 -3
      vertex 14.9665 10.0003 -3
      vertex 15.8746 8.48514 -3
    endloop
  endfacet
  facet normal 0 0 -1
    outer loop
      vertex 13.9142 -11.4191 -3
      vertex 14.9665 10.0003 -3
      vertex 14.9665 -10.0003 -3
    endloop
  endfacet
  facet normal 0 0 -1
    outer loop
      vertex 13.9142 -11.4191 -3
      vertex 13.9142 11.4191 -3
      vertex 14.9665 10.0003 -3
    endloop
  endfacet
  facet normal 0 0 -1
    outer loop
      vertex 12.7279 -12.7279 -3
      vertex 13.9142 11.4191 -3
      vertex 13.9142 -11.4191 -3
    endloop
  endfacet
  facet normal 0 0 -1
    outer loop
      vertex 12.7279 -12.7279 -3
      vertex 12.7279 12.7279 -3
      vertex 13.9142 11.4191 -3
    endloop
  endfacet
  facet normal 0 0 -1
    outer loop
      vertex 11.4191 -13.9142 -3
      vertex 12.7279 12.7279 -3
      vertex 12.7279 -12.7279 -3
    endloop
  endfacet
  facet normal 0 0 -1
    outer loop
      vertex 11.4191 -13.9142 -3
      vertex 11.4191 13.9142 -3
      vertex 12.7279 12.7279 -3
    endloop
  endfacet
  facet normal 0 0 -1
    outer loop
      vertex 10.0003 -14.9665 -3
      vertex 11.4191 13.9142 -3
      vertex 11.4191 -13.9142 -3
    endloop
  endfacet
  facet normal 0 0 -1
    outer loop
      vertex 10.0003 -14.9665 -3
      vertex 10.0003 14.9665 -3
      vertex 11.4191 13.9142 -3
    endloop
  endfacet
  facet normal 0 0 -1
    outer loop
      vertex 8.48514 -15.8746 -3
      vertex 10.0003 14.9665 -3
      vertex 10.0003 -14.9665 -3
    endloop
  endfacet
  facet normal 0 0 -1
    outer loop
      vertex 8.48514 -15.8746 -3
      vertex 8.48514 15.8746 -3
      vertex 10.0003 14.9665 -3
    endloop
  endfacet
  facet normal 0 0 -1
    outer loop
      vertex 6.8883 -16.6298 -3
      vertex 8.48514 15.8746 -3
      vertex 8.48514 -15.8746 -3
    endloop
  endfacet
  facet normal 0 0 -1
    outer loop
      vertex 6.8883 -16.6298 -3
      vertex 6.8883 16.6298 -3
      vertex 8.48514 15.8746 -3
    endloop
  endfacet
  facet normal 0 0 -1
    outer loop
      vertex 5.22512 -17.2249 -3
      vertex 6.8883 16.6298 -3
      vertex 6.8883 -16.6298 -3
    endloop
  endfacet
  facet normal 0 0 -1
    outer loop
      vertex 5.22512 -17.2249 -3
      vertex 5.22512 17.2249 -3
      vertex 6.8883 16.6298 -3
    endloop
  endfacet
  facet normal 0 0 -1
    outer loop
      vertex 3.51163 -17.6541 -3
      vertex 5.22512 17.2249 -3
      vertex 5.22512 -17.2249 -3
    endloop
  endfacet
  facet normal 0 0 -1
    outer loop
      vertex 3.51163 -17.6541 -3
      vertex 3.51163 17.6541 -3
      vertex 5.22512 17.2249 -3
    endloop
  endfacet
  facet normal 0 0 -1
    outer loop
      vertex 1.76431 -17.9133 -3
      vertex 3.51163 17.6541 -3
      vertex 3.51163 -17.6541 -3
    endloop
  endfacet
  facet normal 0 0 -1
    outer loop
      vertex 1.76431 -17.9133 -3
      vertex 1.76431 17.9133 -3
      vertex 3.51163 17.6541 -3
    endloop
  endfacet
  facet normal 0 0 -1
    outer loop
      vertex 0 -18 -3
      vertex 1.76431 17.9133 -3
      vertex 1.76431 -17.9133 -3
    endloop
  endfacet
  facet normal 0 0 -1
    outer loop
      vertex 0 -18 -3
      vertex 0 18 -3
      vertex 1.76431 17.9133 -3
    endloop
  endfacet
  facet normal 0 0 -1
    outer loop
      vertex -1.76431 -17.9133 -3
      vertex 0 18 -3
      vertex 0 -18 -3
    endloop
  endfacet
  facet normal 0 0 -1
    outer loop
      vertex -1.76431 -17.9133 -3
      vertex -1.76431 17.9133 -3
      vertex 0 18 -3
    endloop
  endfacet
  facet normal 0 0 -1
    outer loop
      vertex -3.51163 -17.6541 -3
      vertex -1.76431 17.9133 -3
      vertex -1.76431 -17.9133 -3
    endloop
  endfacet
  facet normal 0 0 -1
    outer loop
      vertex -3.51163 -17.6541 -3
      vertex -3.51163 17.6541 -3
      vertex -1.76431 17.9133 -3
    endloop
  endfacet
  facet normal 0 0 -1
    outer loop
      vertex -5.22512 -17.2249 -3
      vertex -3.51163 17.6541 -3
      vertex -3.51163 -17.6541 -3
    endloop
  endfacet
  facet normal 0 0 -1
    outer loop
      vertex -5.22512 -17.2249 -3
      vertex -5.22512 17.2249 -3
      vertex -3.51163 17.6541 -3
    endloop
  endfacet
  facet normal 0 0 -1
    outer loop
      vertex -6.8883 -16.6298 -3
      vertex -5.22512 17.2249 -3
      vertex -5.22512 -17.2249 -3
    endloop
  endfacet
  facet normal 0 0 -1
    outer loop
      vertex -6.8883 -16.6298 -3
      vertex -6.8883 16.6298 -3
      vertex -5.22512 17.2249 -3
    endloop
  endfacet
  facet normal 0 0 -1
    outer loop
      vertex -8.48514 -15.8746 -3
      vertex -6.8883 16.6298 -3
      vertex -6.8883 -16.6298 -3
    endloop
  endfacet
  facet normal 0 0 -1
    outer loop
      vertex -8.48514 -15.8746 -3
      vertex -8.48514 15.8746 -3
      vertex -6.8883 16.6298 -3
    endloop
  endfacet
  facet normal 0 0 -1
    outer loop
      vertex -10.0003 -14.9665 -3
      vertex -8.48514 15.8746 -3
      vertex -8.48514 -15.8746 -3
    endloop
  endfacet
  facet normal 0 0 -1
    outer loop
      vertex -10.0003 -14.9665 -3
      vertex -10.0003 14.9665 -3
      vertex -8.48514 15.8746 -3
    endloop
  endfacet
  facet normal 0 0 -1
    outer loop
      vertex -11.4191 -13.9142 -3
      vertex -10.0003 14.9665 -3
      vertex -10.0003 -14.9665 -3
    endloop
  endfacet
  facet normal 0 0 -1
    outer loop
      vertex -11.4191 -13.9142 -3
      vertex -11.4191 13.9142 -3
      vertex -10.0003 14.9665 -3
    endloop
  endfacet
  facet normal 0 0 -1
    outer loop
      vertex -12.7279 -12.7279 -3
      vertex -11.4191 13.9142 -3
      vertex -11.4191 -13.9142 -3
    endloop
  endfacet
  facet normal 0 0 -1
    outer loop
      vertex -12.7279 -12.7279 -3
      vertex -12.7279 12.7279 -3
      vertex -11.4191 13.9142 -3
    endloop
  endfacet
  facet normal 0 0 -1
    outer loop
      vertex -13.9142 -11.4191 -3
      vertex -12.7279 12.7279 -3
      vertex -12.7279 -12.7279 -3
    endloop
  endfacet
  facet normal 0 0 -1
    outer loop
      vertex -13.9142 -11.4191 -3
      vertex -13.9142 11.4191 -3
      vertex -12.7279 12.7279 -3
    endloop
  endfacet
  facet normal 0 0 -1
    outer loop
      vertex -14.9665 -10.0003 -3
      vertex -13.9142 11.4191 -3
      vertex -13.9142 -11.4191 -3
    endloop
  endfacet
  facet normal 0 0 -1
    outer loop
      vertex -14.9665 -10.0003 -3
      vertex -14.9665 10.0003 -3
      vertex -13.9142 11.4191 -3
    endloop
  endfacet
  facet normal 0 0 -1
    outer loop
      vertex -15.8746 -8.48514 -3
      vertex -14.9665 10.0003 -3
      vertex -14.9665 -10.0003 -3
    endloop
  endfacet
  facet normal 0 0 -1
    outer loop
      vertex -15.8746 -8.48514 -3
      vertex -15.8746 8.48514 -3
      vertex -14.9665 10.0003 -3
    endloop
  endfacet
  facet normal 0 0 -1
    outer loop
      vertex -16.6298 -6.8883 -3
      vertex -15.8746 8.48514 -3
      vertex -15.8746 -8.48514 -3
    endloop
  endfacet
  facet normal 0 0 -1
    outer loop
      vertex -16.6298 -6.8883 -3
      vertex -16.6298 6.8883 -3
      vertex -15.8746 8.48514 -3
    endloop
  endfacet
  facet normal 0 0 -1
    outer loop
      vertex -17.2249 -5.22512 -3
      vertex -16.6298 6.8883 -3
      vertex -16.6298 -6.8883 -3
    endloop
  endfacet
  facet normal 0 0 -1
    outer loop
      vertex -17.2249 -5.22512 -3
      vertex -17.2249 5.22512 -3
      vertex -16.6298 6.8883 -3
    endloop
  endfacet
  facet normal 0 0 -1
    outer loop
      vertex -17.6541 -3.51163 -3
      vertex -17.2249 5.22512 -3
      vertex -17.2249 -5.22512 -3
    endloop
  endfacet
  facet normal 0 0 -1
    outer loop
      vertex -17.6541 -3.51163 -3
      vertex -17.6541 3.51163 -3
      vertex -17.2249 5.22512 -3
    endloop
  endfacet
  facet normal 0 0 -1
    outer loop
      vertex -17.9133 -1.76431 -3
      vertex -17.6541 3.51163 -3
      vertex -17.6541 -3.51163 -3
    endloop
  endfacet
  facet normal 0 0 -1
    outer loop
      vertex -17.9133 -1.76431 -3
      vertex -17.9133 1.76431 -3
      vertex -17.6541 3.51163 -3
    endloop
  endfacet
  facet normal 0 -0 -1
    outer loop
      vertex -17.9133 1.76431 -3
      vertex -17.9133 -1.76431 -3
      vertex -18 0 -3
    endloop
  endfacet
  facet normal -0.595716 0.803195 0
    outer loop
      vertex -10.0003 14.9665 -3
      vertex -11.4191 13.9142 3
      vertex -10.0003 14.9665 3
    endloop
  endfacet
  facet normal -0.595716 0.803195 0
    outer loop
      vertex -11.4191 13.9142 3
      vertex -10.0003 14.9665 -3
      vertex -11.4191 13.9142 -3
    endloop
  endfacet
  facet normal -0.803195 -0.595716 0
    outer loop
      vertex -13.9142 -11.4191 -3
      vertex -14.9665 -10.0003 3
      vertex -14.9665 -10.0003 -3
    endloop
  endfacet
  facet normal -0.803195 -0.595716 0
    outer loop
      vertex -14.9665 -10.0003 3
      vertex -13.9142 -11.4191 -3
      vertex -13.9142 -11.4191 3
    endloop
  endfacet
  facet normal 0.427532 0.904 -0
    outer loop
      vertex 8.48514 15.8746 -3
      vertex 6.8883 16.6298 3
      vertex 8.48514 15.8746 3
    endloop
  endfacet
  facet normal 0.427532 0.904 0
    outer loop
      vertex 6.8883 16.6298 3
      vertex 8.48514 15.8746 -3
      vertex 6.8883 16.6298 -3
    endloop
  endfacet
  facet normal 0.146736 -0.989176 0
    outer loop
      vertex 1.76431 -17.9133 -3
      vertex 3.51163 -17.6541 3
      vertex 1.76431 -17.9133 3
    endloop
  endfacet
  facet normal 0.146736 -0.989176 0
    outer loop
      vertex 3.51163 -17.6541 3
      vertex 1.76431 -17.9133 -3
      vertex 3.51163 -17.6541 -3
    endloop
  endfacet
  facet normal -0.146736 0.989176 0
    outer loop
      vertex -1.76431 17.9133 -3
      vertex -3.51163 17.6541 3
      vertex -1.76431 17.9133 3
    endloop
  endfacet
  facet normal -0.146736 0.989176 0
    outer loop
      vertex -3.51163 17.6541 3
      vertex -1.76431 17.9133 -3
      vertex -3.51163 17.6541 -3
    endloop
  endfacet
  facet normal -0.904 -0.427532 0
    outer loop
      vertex -15.8746 -8.48514 -3
      vertex -16.6298 -6.8883 3
      vertex -16.6298 -6.8883 -3
    endloop
  endfacet
  facet normal -0.904 -0.427532 0
    outer loop
      vertex -16.6298 -6.8883 3
      vertex -15.8746 -8.48514 -3
      vertex -15.8746 -8.48514 3
    endloop
  endfacet
  facet normal 0.998795 -0.0490818 0
    outer loop
      vertex 17.9133 -1.76431 3
      vertex 18 0 -3
      vertex 18 0 3
    endloop
  endfacet
  facet normal 0.998795 -0.0490818 0
    outer loop
      vertex 18 0 -3
      vertex 17.9133 -1.76431 3
      vertex 17.9133 -1.76431 -3
    endloop
  endfacet
  facet normal 0.242977 0.970032 -0
    outer loop
      vertex 5.22512 17.2249 -3
      vertex 3.51163 17.6541 3
      vertex 5.22512 17.2249 3
    endloop
  endfacet
  facet normal 0.242977 0.970032 0
    outer loop
      vertex 3.51163 17.6541 3
      vertex 5.22512 17.2249 -3
      vertex 3.51163 17.6541 -3
    endloop
  endfacet
  facet normal -0.970032 0.242977 0
    outer loop
      vertex -17.6541 3.51163 -3
      vertex -17.2249 5.22512 3
      vertex -17.2249 5.22512 -3
    endloop
  endfacet
  facet normal -0.970032 0.242977 0
    outer loop
      vertex -17.2249 5.22512 3
      vertex -17.6541 3.51163 -3
      vertex -17.6541 3.51163 3
    endloop
  endfacet
  facet normal -0.595716 -0.803195 0
    outer loop
      vertex -11.4191 -13.9142 -3
      vertex -10.0003 -14.9665 3
      vertex -11.4191 -13.9142 3
    endloop
  endfacet
  facet normal -0.595716 -0.803195 -0
    outer loop
      vertex -10.0003 -14.9665 3
      vertex -11.4191 -13.9142 -3
      vertex -10.0003 -14.9665 -3
    endloop
  endfacet
  facet normal -0.740931 0.671582 0
    outer loop
      vertex -13.9142 11.4191 -3
      vertex -12.7279 12.7279 3
      vertex -12.7279 12.7279 -3
    endloop
  endfacet
  facet normal -0.740931 0.671582 0
    outer loop
      vertex -12.7279 12.7279 3
      vertex -13.9142 11.4191 -3
      vertex -13.9142 11.4191 3
    endloop
  endfacet
  facet normal 0.857742 -0.514081 0
    outer loop
      vertex 14.9665 -10.0003 3
      vertex 15.8746 -8.48514 -3
      vertex 15.8746 -8.48514 3
    endloop
  endfacet
  facet normal 0.857742 -0.514081 0
    outer loop
      vertex 15.8746 -8.48514 -3
      vertex 14.9665 -10.0003 3
      vertex 14.9665 -10.0003 -3
    endloop
  endfacet
  facet normal 0.595716 0.803195 -0
    outer loop
      vertex 11.4191 13.9142 -3
      vertex 10.0003 14.9665 3
      vertex 11.4191 13.9142 3
    endloop
  endfacet
  facet normal 0.595716 0.803195 0
    outer loop
      vertex 10.0003 14.9665 3
      vertex 11.4191 13.9142 -3
      vertex 10.0003 14.9665 -3
    endloop
  endfacet
  facet normal 0.336892 0.941543 -0
    outer loop
      vertex 6.8883 16.6298 -3
      vertex 5.22512 17.2249 3
      vertex 6.8883 16.6298 3
    endloop
  endfacet
  facet normal 0.336892 0.941543 0
    outer loop
      vertex 5.22512 17.2249 3
      vertex 6.8883 16.6298 -3
      vertex 5.22512 17.2249 -3
    endloop
  endfacet
  facet normal 0.803195 0.595716 0
    outer loop
      vertex 14.9665 10.0003 3
      vertex 13.9142 11.4191 -3
      vertex 13.9142 11.4191 3
    endloop
  endfacet
  facet normal 0.803195 0.595716 0
    outer loop
      vertex 13.9142 11.4191 -3
      vertex 14.9665 10.0003 3
      vertex 14.9665 10.0003 -3
    endloop
  endfacet
  facet normal -0.427532 -0.904 0
    outer loop
      vertex -8.48514 -15.8746 -3
      vertex -6.8883 -16.6298 3
      vertex -8.48514 -15.8746 3
    endloop
  endfacet
  facet normal -0.427532 -0.904 -0
    outer loop
      vertex -6.8883 -16.6298 3
      vertex -8.48514 -15.8746 -3
      vertex -6.8883 -16.6298 -3
    endloop
  endfacet
  facet normal -0.970032 -0.242977 0
    outer loop
      vertex -17.2249 -5.22512 -3
      vertex -17.6541 -3.51163 3
      vertex -17.6541 -3.51163 -3
    endloop
  endfacet
  facet normal -0.970032 -0.242977 0
    outer loop
      vertex -17.6541 -3.51163 3
      vertex -17.2249 -5.22512 -3
      vertex -17.2249 -5.22512 3
    endloop
  endfacet
  facet normal 0.904 0.427532 0
    outer loop
      vertex 16.6298 6.8883 3
      vertex 15.8746 8.48514 -3
      vertex 15.8746 8.48514 3
    endloop
  endfacet
  facet normal 0.904 0.427532 0
    outer loop
      vertex 15.8746 8.48514 -3
      vertex 16.6298 6.8883 3
      vertex 16.6298 6.8883 -3
    endloop
  endfacet
  facet normal 0 0 1
    outer loop
      vertex 17.9133 1.76431 3
      vertex 17.9133 -1.76431 3
      vertex 18 0 3
    endloop
  endfacet
  facet normal 0 0 1
    outer loop
      vertex 17.6541 3.51163 3
      vertex 17.9133 -1.76431 3
      vertex 17.9133 1.76431 3
    endloop
  endfacet
  facet normal 0 0 1
    outer loop
      vertex 17.6541 3.51163 3
      vertex 17.6541 -3.51163 3
      vertex 17.9133 -1.76431 3
    endloop
  endfacet
  facet normal 0 0 1
    outer loop
      vertex 17.2249 5.22512 3
      vertex 17.6541 -3.51163 3
      vertex 17.6541 3.51163 3
    endloop
  endfacet
  facet normal 0 0 1
    outer loop
      vertex 17.2249 5.22512 3
      vertex 17.2249 -5.22512 3
      vertex 17.6541 -3.51163 3
    endloop
  endfacet
  facet normal 0 0 1
    outer loop
      vertex 16.6298 6.8883 3
      vertex 17.2249 -5.22512 3
      vertex 17.2249 5.22512 3
    endloop
  endfacet
  facet normal 0 0 1
    outer loop
      vertex 16.6298 6.8883 3
      vertex 16.6298 -6.8883 3
      vertex 17.2249 -5.22512 3
    endloop
  endfacet
  facet normal 0 0 1
    outer loop
      vertex 15.8746 8.48514 3
      vertex 16.6298 -6.8883 3
      vertex 16.6298 6.8883 3
    endloop
  endfacet
  facet normal 0 0 1
    outer loop
      vertex 15.8746 8.48514 3
      vertex 15.8746 -8.48514 3
      vertex 16.6298 -6.8883 3
    endloop
  endfacet
  facet normal 0 0 1
    outer loop
      vertex 14.9665 10.0003 3
      vertex 15.8746 -8.48514 3
      vertex 15.8746 8.48514 3
    endloop
  endfacet
  facet normal 0 0 1
    outer loop
      vertex 14.9665 10.0003 3
      vertex 14.9665 -10.0003 3
      vertex 15.8746 -8.48514 3
    endloop
  endfacet
  facet normal 0 0 1
    outer loop
      vertex 13.9142 11.4191 3
      vertex 14.9665 -10.0003 3
      vertex 14.9665 10.0003 3
    endloop
  endfacet
  facet normal 0 0 1
    outer loop
      vertex 13.9142 11.4191 3
      vertex 13.9142 -11.4191 3
      vertex 14.9665 -10.0003 3
    endloop
  endfacet
  facet normal 0 0 1
    outer loop
      vertex 12.7279 12.7279 3
      vertex 13.9142 -11.4191 3
      vertex 13.9142 11.4191 3
    endloop
  endfacet
  facet normal 0 0 1
    outer loop
      vertex 12.7279 12.7279 3
      vertex 12.7279 -12.7279 3
      vertex 13.9142 -11.4191 3
    endloop
  endfacet
  facet normal 0 0 1
    outer loop
      vertex 11.4191 13.9142 3
      vertex 12.7279 -12.7279 3
      vertex 12.7279 12.7279 3
    endloop
  endfacet
  facet normal 0 0 1
    outer loop
      vertex 11.4191 13.9142 3
      vertex 11.4191 -13.9142 3
      vertex 12.7279 -12.7279 3
    endloop
  endfacet
  facet normal 0 0 1
    outer loop
      vertex 10.0003 14.9665 3
      vertex 11.4191 -13.9142 3
      vertex 11.4191 13.9142 3
    endloop
  endfacet
  facet normal 0 0 1
    outer loop
      vertex 10.0003 14.9665 3
      vertex 10.0003 -14.9665 3
      vertex 11.4191 -13.9142 3
    endloop
  endfacet
  facet normal 0 0 1
    outer loop
      vertex 8.48514 15.8746 3
      vertex 10.0003 -14.9665 3
      vertex 10.0003 14.9665 3
    endloop
  endfacet
  facet normal 0 0 1
    outer loop
      vertex 8.48514 15.8746 3
      vertex 8.48514 -15.8746 3
      vertex 10.0003 -14.9665 3
    endloop
  endfacet
  facet normal 0 0 1
    outer loop
      vertex 6.8883 16.6298 3
      vertex 8.48514 -15.8746 3
      vertex 8.48514 15.8746 3
    endloop
  endfacet
  facet normal 0 0 1
    outer loop
      vertex 6.8883 16.6298 3
      vertex 6.8883 -16.6298 3
      vertex 8.48514 -15.8746 3
    endloop
  endfacet
  facet normal 0 0 1
    outer loop
      vertex 5.22512 17.2249 3
      vertex 6.8883 -16.6298 3
      vertex 6.8883 16.6298 3
    endloop
  endfacet
  facet normal 0 0 1
    outer loop
      vertex 5.22512 17.2249 3
      vertex 5.22512 -17.2249 3
      vertex 6.8883 -16.6298 3
    endloop
  endfacet
  facet normal 0 0 1
    outer loop
      vertex 3.51163 17.6541 3
      vertex 5.22512 -17.2249 3
      vertex 5.22512 17.2249 3
    endloop
  endfacet
  facet normal 0 0 1
    outer loop
      vertex 3.51163 17.6541 3
      vertex 3.51163 -17.6541 3
      vertex 5.22512 -17.2249 3
    endloop
  endfacet
  facet normal 0 0 1
    outer loop
      vertex 1.76431 17.9133 3
      vertex 3.51163 -17.6541 3
      vertex 3.51163 17.6541 3
    endloop
  endfacet
  facet normal 0 0 1
    outer loop
      vertex 1.76431 17.9133 3
      vertex 1.76431 -17.9133 3
      vertex 3.51163 -17.6541 3
    endloop
  endfacet
  facet normal 0 0 1
    outer loop
      vertex 0 18 3
      vertex 1.76431 -17.9133 3
      vertex 1.76431 17.9133 3
    endloop
  endfacet
  facet normal 0 0 1
    outer loop
      vertex 0 18 3
      vertex 0 -18 3
      vertex 1.76431 -17.9133 3
    endloop
  endfacet
  facet normal -0 0 1
    outer loop
      vertex -1.76431 17.9133 3
      vertex 0 -18 3
      vertex 0 18 3
    endloop
  endfacet
  facet normal 0 0 1
    outer loop
      vertex -1.76431 17.9133 3
      vertex -1.76431 -17.9133 3
      vertex 0 -18 3
    endloop
  endfacet
  facet normal -0 0 1
    outer loop
      vertex -3.51163 17.6541 3
      vertex -1.76431 -17.9133 3
      vertex -1.76431 17.9133 3
    endloop
  endfacet
  facet normal 0 0 1
    outer loop
      vertex -3.51163 17.6541 3
      vertex -3.51163 -17.6541 3
      vertex -1.76431 -17.9133 3
    endloop
  endfacet
  facet normal -0 0 1
    outer loop
      vertex -5.22512 17.2249 3
      vertex -3.51163 -17.6541 3
      vertex -3.51163 17.6541 3
    endloop
  endfacet
  facet normal 0 0 1
    outer loop
      vertex -5.22512 17.2249 3
      vertex -5.22512 -17.2249 3
      vertex -3.51163 -17.6541 3
    endloop
  endfacet
  facet normal -0 0 1
    outer loop
      vertex -6.8883 16.6298 3
      vertex -5.22512 -17.2249 3
      vertex -5.22512 17.2249 3
    endloop
  endfacet
  facet normal 0 0 1
    outer loop
      vertex -6.8883 16.6298 3
      vertex -6.8883 -16.6298 3
      vertex -5.22512 -17.2249 3
    endloop
  endfacet
  facet normal -0 0 1
    outer loop
      vertex -8.48514 15.8746 3
      vertex -6.8883 -16.6298 3
      vertex -6.8883 16.6298 3
    endloop
  endfacet
  facet normal 0 0 1
    outer loop
      vertex -8.48514 15.8746 3
      vertex -8.48514 -15.8746 3
      vertex -6.8883 -16.6298 3
    endloop
  endfacet
  facet normal -0 0 1
    outer loop
      vertex -10.0003 14.9665 3
      vertex -8.48514 -15.8746 3
      vertex -8.48514 15.8746 3
    endloop
  endfacet
  facet normal 0 0 1
    outer loop
      vertex -10.0003 14.9665 3
      vertex -10.0003 -14.9665 3
      vertex -8.48514 -15.8746 3
    endloop
  endfacet
  facet normal -0 0 1
    outer loop
      vertex -11.4191 13.9142 3
      vertex -10.0003 -14.9665 3
      vertex -10.0003 14.9665 3
    endloop
  endfacet
  facet normal 0 0 1
    outer loop
      vertex -11.4191 13.9142 3
      vertex -11.4191 -13.9142 3
      vertex -10.0003 -14.9665 3
    endloop
  endfacet
  facet normal -0 0 1
    outer loop
      vertex -12.7279 12.7279 3
      vertex -11.4191 -13.9142 3
      vertex -11.4191 13.9142 3
    endloop
  endfacet
  facet normal 0 0 1
    outer loop
      vertex -12.7279 12.7279 3
      vertex -12.7279 -12.7279 3
      vertex -11.4191 -13.9142 3
    endloop
  endfacet
  facet normal -0 0 1
    outer loop
      vertex -13.9142 11.4191 3
      vertex -12.7279 -12.7279 3
      vertex -12.7279 12.7279 3
    endloop
  endfacet
  facet normal 0 0 1
    outer loop
      vertex -13.9142 11.4191 3
      vertex -13.9142 -11.4191 3
      vertex -12.7279 -12.7279 3
    endloop
  endfacet
  facet normal -0 0 1
    outer loop
      vertex -14.9665 10.0003 3
      vertex -13.9142 -11.4191 3
      vertex -13.9142 11.4191 3
    endloop
  endfacet
  facet normal 0 0 1
    outer loop
      vertex -14.9665 10.0003 3
      vertex -14.9665 -10.0003 3
      vertex -13.9142 -11.4191 3
    endloop
  endfacet
  facet normal -0 0 1
    outer loop
      vertex -15.8746 8.48514 3
      vertex -14.9665 -10.0003 3
      vertex -14.9665 10.0003 3
    endloop
  endfacet
  facet normal 0 0 1
    outer loop
      vertex -15.8746 8.48514 3
      vertex -15.8746 -8.48514 3
      vertex -14.9665 -10.0003 3
    endloop
  endfacet
  facet normal -0 0 1
    outer loop
      vertex -16.6298 6.8883 3
      vertex -15.8746 -8.48514 3
      vertex -15.8746 8.48514 3
    endloop
  endfacet
  facet normal 0 0 1
    outer loop
      vertex -16.6298 6.8883 3
      vertex -16.6298 -6.8883 3
      vertex -15.8746 -8.48514 3
    endloop
  endfacet
  facet normal -0 0 1
    outer loop
      vertex -17.2249 5.22512 3
      vertex -16.6298 -6.8883 3
      vertex -16.6298 6.8883 3
    endloop
  endfacet
  facet normal 0 0 1
    outer loop
      vertex -17.2249 5.22512 3
      vertex -17.2249 -5.22512 3
      vertex -16.6298 -6.8883 3
    endloop
  endfacet
  facet normal -0 0 1
    outer loop
      vertex -17.6541 3.51163 3
      vertex -17.2249 -5.22512 3
      vertex -17.2249 5.22512 3
    endloop
  endfacet
  facet normal 0 0 1
    outer loop
      vertex -17.6541 3.51163 3
      vertex -17.6541 -3.51163 3
      vertex -17.2249 -5.22512 3
    endloop
  endfacet
  facet normal -0 0 1
    outer loop
      vertex -17.9133 1.76431 3
      vertex -17.6541 -3.51163 3
      vertex -17.6541 3.51163 3
    endloop
  endfacet
  facet normal 0 0 1
    outer loop
      vertex -17.9133 1.76431 3
      vertex -17.9133 -1.76431 3
      vertex -17.6541 -3.51163 3
    endloop
  endfacet
  facet normal 0 -0 1
    outer loop
      vertex -17.9133 -1.76431 3
      vertex -17.9133 1.76431 3
      vertex -18 0 3
    endloop
  endfacet
  facet normal 0.427532 -0.904 0
    outer loop
      vertex 6.8883 -16.6298 -3
      vertex 8.48514 -15.8746 3
      vertex 6.8883 -16.6298 3
    endloop
  endfacet
  facet normal 0.427532 -0.904 0
    outer loop
      vertex 8.48514 -15.8746 3
      vertex 6.8883 -16.6298 -3
      vertex 8.48514 -15.8746 -3
    endloop
  endfacet
  facet normal 0.857742 0.514081 0
    outer loop
      vertex 15.8746 8.48514 3
      vertex 14.9665 10.0003 -3
      vertex 14.9665 10.0003 3
    endloop
  endfacet
  facet normal 0.857742 0.514081 0
    outer loop
      vertex 14.9665 10.0003 -3
      vertex 15.8746 8.48514 3
      vertex 15.8746 8.48514 -3
    endloop
  endfacet
  facet normal 0.146736 0.989176 -0
    outer loop
      vertex 3.51163 17.6541 -3
      vertex 1.76431 17.9133 3
      vertex 3.51163 17.6541 3
    endloop
  endfacet
  facet normal 0.146736 0.989176 0
    outer loop
      vertex 1.76431 17.9133 3
      vertex 3.51163 17.6541 -3
      vertex 1.76431 17.9133 -3
    endloop
  endfacet
  facet normal -0.671582 0.740931 0
    outer loop
      vertex -11.4191 13.9142 -3
      vertex -12.7279 12.7279 3
      vertex -11.4191 13.9142 3
    endloop
  endfacet
  facet normal -0.671582 0.740931 0
    outer loop
      vertex -12.7279 12.7279 3
      vertex -11.4191 13.9142 -3
      vertex -12.7279 12.7279 -3
    endloop
  endfacet
  facet normal -0.989176 0.146736 0
    outer loop
      vertex -17.9133 1.76431 -3
      vertex -17.6541 3.51163 3
      vertex -17.6541 3.51163 -3
    endloop
  endfacet
  facet normal -0.989176 0.146736 0
    outer loop
      vertex -17.6541 3.51163 3
      vertex -17.9133 1.76431 -3
      vertex -17.9133 1.76431 3
    endloop
  endfacet
  facet normal -0.941543 0.336892 0
    outer loop
      vertex -17.2249 5.22512 -3
      vertex -16.6298 6.8883 3
      vertex -16.6298 6.8883 -3
    endloop
  endfacet
  facet normal -0.941543 0.336892 0
    outer loop
      vertex -16.6298 6.8883 3
      vertex -17.2249 5.22512 -3
      vertex -17.2249 5.22512 3
    endloop
  endfacet
  facet normal -0.336892 0.941543 0
    outer loop
      vertex -5.22512 17.2249 -3
      vertex -6.8883 16.6298 3
      vertex -5.22512 17.2249 3
    endloop
  endfacet
  facet normal -0.336892 0.941543 0
    outer loop
      vertex -6.8883 16.6298 3
      vertex -5.22512 17.2249 -3
      vertex -6.8883 16.6298 -3
    endloop
  endfacet
  facet normal -0.998795 -0.0490818 0
    outer loop
      vertex -17.9133 -1.76431 -3
      vertex -18 0 3
      vertex -18 0 -3
    endloop
  endfacet
  facet normal -0.998795 -0.0490818 0
    outer loop
      vertex -18 0 3
      vertex -17.9133 -1.76431 -3
      vertex -17.9133 -1.76431 3
    endloop
  endfacet
  facet normal 0.671582 -0.740931 0
    outer loop
      vertex 11.4191 -13.9142 -3
      vertex 12.7279 -12.7279 3
      vertex 11.4191 -13.9142 3
    endloop
  endfacet
  facet normal 0.671582 -0.740931 0
    outer loop
      vertex 12.7279 -12.7279 3
      vertex 11.4191 -13.9142 -3
      vertex 12.7279 -12.7279 -3
    endloop
  endfacet
  facet normal -0.0490818 0.998795 0
    outer loop
      vertex 0 18 -3
      vertex -1.76431 17.9133 3
      vertex 0 18 3
    endloop
  endfacet
  facet normal -0.0490818 0.998795 0
    outer loop
      vertex -1.76431 17.9133 3
      vertex 0 18 -3
      vertex -1.76431 17.9133 -3
    endloop
  endfacet
  facet normal -0.803195 0.595716 0
    outer loop
      vertex -14.9665 10.0003 -3
      vertex -13.9142 11.4191 3
      vertex -13.9142 11.4191 -3
    endloop
  endfacet
  facet normal -0.803195 0.595716 0
    outer loop
      vertex -13.9142 11.4191 3
      vertex -14.9665 10.0003 -3
      vertex -14.9665 10.0003 3
    endloop
  endfacet
  facet normal -0.740931 -0.671582 0
    outer loop
      vertex -12.7279 -12.7279 -3
      vertex -13.9142 -11.4191 3
      vertex -13.9142 -11.4191 -3
    endloop
  endfacet
  facet normal -0.740931 -0.671582 0
    outer loop
      vertex -13.9142 -11.4191 3
      vertex -12.7279 -12.7279 -3
      vertex -12.7279 -12.7279 3
    endloop
  endfacet
  facet normal 0.0490818 -0.998795 0
    outer loop
      vertex 0 -18 -3
      vertex 1.76431 -17.9133 3
      vertex 0 -18 3
    endloop
  endfacet
  facet normal 0.0490818 -0.998795 0
    outer loop
      vertex 1.76431 -17.9133 3
      vertex 0 -18 -3
      vertex 1.76431 -17.9133 -3
    endloop
  endfacet
  facet normal -0.989176 -0.146736 0
    outer loop
      vertex -17.6541 -3.51163 -3
      vertex -17.9133 -1.76431 3
      vertex -17.9133 -1.76431 -3
    endloop
  endfacet
  facet normal -0.989176 -0.146736 0
    outer loop
      vertex -17.9133 -1.76431 3
      vertex -17.6541 -3.51163 -3
      vertex -17.6541 -3.51163 3
    endloop
  endfacet
  facet normal 0.0490818 0.998795 -0
    outer loop
      vertex 1.76431 17.9133 -3
      vertex 0 18 3
      vertex 1.76431 17.9133 3
    endloop
  endfacet
  facet normal 0.0490818 0.998795 0
    outer loop
      vertex 0 18 3
      vertex 1.76431 17.9133 -3
      vertex 0 18 -3
    endloop
  endfacet
  facet normal -0.904 0.427532 0
    outer loop
      vertex -16.6298 6.8883 -3
      vertex -15.8746 8.48514 3
      vertex -15.8746 8.48514 -3
    endloop
  endfacet
  facet normal -0.904 0.427532 0
    outer loop
      vertex -15.8746 8.48514 3
      vertex -16.6298 6.8883 -3
      vertex -16.6298 6.8883 3
    endloop
  endfacet
  facet normal 0.941543 -0.336892 0
    outer loop
      vertex 16.6298 -6.8883 3
      vertex 17.2249 -5.22512 -3
      vertex 17.2249 -5.22512 3
    endloop
  endfacet
  facet normal 0.941543 -0.336892 0
    outer loop
      vertex 17.2249 -5.22512 -3
      vertex 16.6298 -6.8883 3
      vertex 16.6298 -6.8883 -3
    endloop
  endfacet
  facet normal -0.671582 -0.740931 0
    outer loop
      vertex -12.7279 -12.7279 -3
      vertex -11.4191 -13.9142 3
      vertex -12.7279 -12.7279 3
    endloop
  endfacet
  facet normal -0.671582 -0.740931 -0
    outer loop
      vertex -11.4191 -13.9142 3
      vertex -12.7279 -12.7279 -3
      vertex -11.4191 -13.9142 -3
    endloop
  endfacet
  facet normal -0.0490818 -0.998795 0
    outer loop
      vertex -1.76431 -17.9133 -3
      vertex 0 -18 3
      vertex -1.76431 -17.9133 3
    endloop
  endfacet
  facet normal -0.0490818 -0.998795 -0
    outer loop
      vertex 0 -18 3
      vertex -1.76431 -17.9133 -3
      vertex 0 -18 -3
    endloop
  endfacet
  facet normal -0.998795 0.0490818 0
    outer loop
      vertex -18 0 -3
      vertex -17.9133 1.76431 3
      vertex -17.9133 1.76431 -3
    endloop
  endfacet
  facet normal -0.998795 0.0490818 0
    outer loop
      vertex -17.9133 1.76431 3
      vertex -18 0 -3
      vertex -18 0 3
    endloop
  endfacet
  facet normal -0.336892 -0.941543 0
    outer loop
      vertex -6.8883 -16.6298 -3
      vertex -5.22512 -17.2249 3
      vertex -6.8883 -16.6298 3
    endloop
  endfacet
  facet normal -0.336892 -0.941543 -0
    outer loop
      vertex -5.22512 -17.2249 3
      vertex -6.8883 -16.6298 -3
      vertex -5.22512 -17.2249 -3
    endloop
  endfacet
  facet normal 0.740931 -0.671582 0
    outer loop
      vertex 12.7279 -12.7279 3
      vertex 13.9142 -11.4191 -3
      vertex 13.9142 -11.4191 3
    endloop
  endfacet
  facet normal 0.740931 -0.671582 0
    outer loop
      vertex 13.9142 -11.4191 -3
      vertex 12.7279 -12.7279 3
      vertex 12.7279 -12.7279 -3
    endloop
  endfacet
endsolid OpenSCAD_Model
